texto,calificacion,tipo_lugar,fuente,fecha,lugar,polaridad
"Tour fabuloso, bellísimo el bosque nuboso de Monteverde con el circuito de los puentes colgantes. Tras el almuerzo visitamos el ranario de la zona, donde pudimos observar gran variedad de sapos y ranitas con la ayuda del guía del lugar. Nuestro guía y conductor, Arturo, muy amable, atento y simpático. Recomendamos 100% esta actividad.",5.0,parque,civitatis,12/28/2020,Excursión a los puentes colgantes de Monteverde,positiva
"Vale la pena ir a ver los puentes colgantes de monteverde, son muy bonitos.",4.0,parque,civitatis,08/08/2021,Excursión a los puentes colgantes de Monteverde,positiva
"La actividad es muy bonita, sin embargo hay dos cosas a tener en cuenta: el trayecto se hace eterno (4 horas de ida y 4 horas de vuelta), y el Serpentario ya no existe, es un Ranario. Si bien es bellísimo, fácilmente puede verse como publicidad engañosa.",4.0,parque,civitatis,09/15/2022,Excursión a los puentes colgantes de Monteverde,positiva
No fui a este tour sino al del.volcan poas 100% recomendado muy buen guia charly lejos para mi el mejor tour de todos.,5.0,parque,civitatis,10/29/2025,Excursión a los puentes colgantes de Monteverde,positiva
"Muy interesante todo el recorrido, con la visita a la fábrica de carretas de bueyes, la vista impresionante del volcán Arenal, y el posterior relax en las aguas termales. La comida y cena también han estado muy bien. Y el conductor (David) y el guía (Gary) muy profesionales. Solo como observación, quizás 3 horas en las termas de hacen un poco largas",4.0,parque,civitatis,01/13/2024,Excursión al volcán Arenal + Aguas termales,positiva
"Excursión muy completa y con un guia Greivin muy amable y simpatico, el chofer Vladimir tambien, las termas son excelentes parecen un parque tematico solo para poner un pero las horas que uno esta en la furgoneta pero las distancias son largas entre san jose y el Volcan arenal. excursión recomendada,",5.0,parque,civitatis,09/24/2022,Excursión al volcán Arenal + Aguas termales,positiva
"Aunque es una excursión muy larga, unas 15 horas aproximadamente es imprescindible hacerla. El recorrido por pequeños pueblos con Sanchí, o paradas en el camino para ver plantaciones de café, hasta llegar al mirador del volcán te dan una imagen amplia de Costa Rica. Y el punto final en las termas de Tabacón es una visita al paraiso",5.0,parque,civitatis,11/09/2018,Excursión al volcán Arenal + Aguas termales,positiva
"Excursion laga pero completa, nuestro guía Mario muy bien.",5.0,parque,civitatis,05/18/2025,Excursión al volcán Arenal + Aguas termales,positiva
"Buena actividad, merece la pena el largo trayecto. Un pena no poder quedarse más tiempo en la zona del volcán. Las aguas termales son muy agradables, se puede disfrutar de ellas tiempo de sobra. Los guías excepcionales!",4.0,parque,civitatis,08/16/2024,Excursión al volcán Arenal + Aguas termales,positiva
El hotel en San José me pareció muy antiguo. Y faltó un tiempo para recoger la capital y conocerla bien. El tour no da recomendaciones para hacer en el tiempo libre y en Arenal hay que reservar los termales en los sitios buenos y no se consigue sobre el tiempo,3.0,parque,civitatis,12/31/2025,"Circuito de 5, 7 o 9 días por Costa Rica",neutral
"Nos la pasamos genial, Amaral es un exelente anfitrión!! Sabe muchísimas cosas es un gran conocedor de san José , aprendimos, bebimos y nos divertimos!!",5.0,parque,civitatis,01/16/2026,Tour de bares por San José,positiva
"Nuestro guìa, hizo que el tour fuera divertido y de mucho aprendizaje. Definitivamente, vale la pena realizarlo. Ìbamos dos locales, un amigo extranjero. Fue interesante recordar lo que aprendìamos en la escuela. Se los recomiendo, el conocimiento que tiene es impresionante.",5.0,parque,civitatis,02/27/2025,Tour de bares por San José,positiva
"Amaral es un guía fenomenal, desde que iniciamos el tour hasta que lo terminamos fue maravilloso, de verdad que vale totalmente la pena hacerlo, no tengo nada más que agradecer por todo el conocimiento que nos dio y los buenos ratos. Muchas gracias",5.0,parque,civitatis,08/17/2024,Tour de bares por San José,positiva
"Muy divertida la actividad. Conocimos muchos lugares interesantes, probamos tragos muy ricos, además de conocer su historia y datos curiosos de la mano de Amaral. Que por cierto es muy atento y divertido!! Super recomendado",5.0,parque,civitatis,08/08/2024,Tour de bares por San José,positiva
"No le doy excelente ya que cuando llegaron por nosotros hubo una confusión y nos tenían programado un tour diferente, sin embargo, después de algunas llamadas se pudo resolver. Después de ello, todo fue perfecto! Fernando fue en todo momento el mejor guía, y más, considerando que no era la ruta que él tenía programada, aún así nos acompañó en todo momento y nos resolvió y ayudó en absolutamente todo!!",4.0,parque,civitatis,06/13/2025,Excursión a los puentes colgantes de Arenal + Aguas termales,positiva
"Hemrich, nuestro guía fue súper atento, con disponibilidad de tiempo para disfrutar las atracciones y la comida muy Rica!!! Súper recomendable dado",5.0,parque,civitatis,09/16/2022,Excursión a los puentes colgantes de Arenal + Aguas termales,positiva
"Un día completo, con una visión bastante buena del volcán y su historia, además de la visita a los jardines de Lankestet. Recomendable. Los guías muy amables y atentos.",4.0,parque,civitatis,03/24/2026,"Excursión al Volcán Irazú, Valle de Orosi y Jardines Lankester",positiva
"Visita a Irazú, Cartago y Jardín Botánico Lankester. Nuestro guía Kevin y el conductor Fernando fueron amables, atentos a todo y nos hicieron sentir muy cómodos durante todo el recorrido. Las explicaciones de Kevin fueron excelentes: claras, interesantes y llenas de información útil sobre la historia, la naturaleza y la cultura del lugar. Gracias a ellos, la excursión fue una experiencia inolvidable y muy bien organizada.",5.0,parque,civitatis,10/18/2025,"Excursión al Volcán Irazú, Valle de Orosi y Jardines Lankester",positiva
"Excursión muy recomendable. Tanto el Volcán Irazú, como el valle de Pepsi son espectaculares. También está muy bien el Jardín Botánico Lankester. Excelente atención e información del GuÍa Gary. Buen trabajo del conductor Ricardo. Para disfrutar de la naturaleza.",5.0,parque,civitatis,01/28/2020,"Excursión al Volcán Irazú, Valle de Orosi y Jardines Lankester",positiva
Hicimos la excursión completa con Daniel! Y nos lo pasamos súper bien! La recomiendo! Añadiría hacienda orosi después de comer para remate final y llegar e irse a la cama después de un día estupendo!,5.0,parque,civitatis,10/30/2025,"Excursión al Volcán Irazú, Valle de Orosi y Jardines Lankester",positiva
"puntualidad en la recogida, trato muy agradable y explicaciones interesantes, la comida en un sitio muy bonito y rica. mi única pega, muy poco tiempo en la Basílica",4.0,parque,civitatis,09/26/2025,"Excursión al Volcán Irazú, Valle de Orosi y Jardines Lankester",positiva
"Genial tour! Mauricio fue un excelente guia, muy acogedor, nos explico todo con detalle, dentro del parque nos ayudo a buscar animalitos y luego tuvimos como 3h por nuestra cuenta. Es un tour bonito, lo unico que al volver a San Jose estuvimos 5h en trafico así que no llegamos hasta las 8:30 de la noche. Tened en cuenta esto.",5.0,parque,civitatis,05/04/2026,Excursión al Parque Nacional Manuel Antonio,positiva
"Una excursión aconsejable, aunque cansada por la distancia. El parque Manuel Antonio es espectacular, con una vegetación y unas playas impresionantes. El guía Marco muy amable y cercano, con total disposición a lo que nos interesase. Tanto el desayuno, como la comida, muy bien.",4.0,parque,civitatis,03/26/2026,Excursión al Parque Nacional Manuel Antonio,positiva
"El parque nos gustó mucho,: su vegetación, y pisar el Pacífico, y hubiera sido genial si ese día no hubiera llovido tanto. A mejorar mucho los aseos para ducharse.",4.0,parque,civitatis,04/01/2026,Excursión al Parque Nacional Manuel Antonio,positiva
"Merece la pena si tienes poco tiempo y quieres ver playas increíbles y vida salvaje, si tienes más tiempo lo ideal sería quedarse uno o dos días en algún hotel del parque para evitar tantas horas de coche en un día. Por lo demás, la atención del guía, Charlton, genial, muy amena y muy instructiva, y la organización perfecta, paradas, tiempos, comidas muy buenas y abundantes..",5.0,parque,civitatis,02/24/2023,Excursión al Parque Nacional Manuel Antonio,positiva
"En general muy buena, la recogida tuvo un percance y se demoraron casi una hora de más de la hora acordada. Muy difícil de visualizar algún perezoso, la playa magnífica y el guía personal (Marcos) que fue a la vezl chófer, y animador de todo el viaje excelente en todos los sentidos !!!",4.0,parque,civitatis,03/03/2025,Excursión al Parque Nacional Manuel Antonio,positiva
Estupenda excursiones y guía muy experto que nos ayudó en ver muchos animales. Para una mejora sugeriría una parada al atardecer en el pueblo de Jaco que se notaba precioso. Por lo demás todo excelente.,4.0,parque,civitatis,06/26/2021,Excursión al Parque Nacional Manuel Antonio,positiva
"Nuestra experiencia en la hacienda Doka, Grecia y Sarchi empezando por el Volcán Poás con el guía HAROLD fue excepcional. Fué muy profesional, su camioneta impecable y muy conocedor y siempre estuvo atento a nuestras preguntas. Nos hizo sentir muy seguros y disfrutamos cada momento del recorrido. ¡Lo recomendamos al 100%! Pensamos volver y quisiéramos tener más tours con el.",5.0,parque,civitatis,04/05/2026,"Excursión a la Hacienda Doka, Grecia y Sarchí",positiva
Fue muy amena e interesante,5.0,parque,civitatis,04/21/2026,"Excursión a la Hacienda Doka, Grecia y Sarchí",positiva
"Transporte puntual, Roger el guía excelente, con conocimiento del historia y de los temas del tour . Almuerzo bien.",5.0,parque,civitatis,12/05/2025,"Excursión a la Hacienda Doka, Grecia y Sarchí",positiva
Muy interesante!,5.0,parque,civitatis,10/20/2025,"Excursión a la Hacienda Doka, Grecia y Sarchí",positiva
"Superó mis expectativas. Hayro Hernández nuestro guía fue empático, amable y demostró mucho conocimiento del tour. Súper recomendado! Gracias!",5.0,parque,civitatis,04/13/2025,"Excursión a la Hacienda Doka, Grecia y Sarchí",positiva
Muy buena Jorge Esquivel fue un excelente guía con mucho conocimiento y dedicado 100% a su actividad cumplió todo lo prometido además de una excelente charla,5.0,parque,civitatis,01/02/2025,Tour de aventura en el bosque lluvioso,positiva
"Amaral o Ama como él nos ha pedido q le llamemos es un Gran Profesional, hemos disfrutado del tour como hacía tiempo q no lo hacíamos con un tour de este tipo, nos ha tenido atentos todo el tiempo porque todo lo q contaba y cómo lo contaba era súper interesante. Muy divertido, muy didáctico, con mucho conocimiento de la ciudad, su historia, su gente, un montón de rincones... Grande. Por cierto nos ha contado q en el mercado central tiene un tour basado en la gastronomía, tiene q ser una pasada.",5.0,parque,civitatis,02/16/2026,Free tour por San José,positiva
"Nos ha encantado conocer San José, un tour muy ameno que te cuenta la historia de la Ciudad y del país.",5.0,parque,civitatis,07/08/2026,Free tour por San José,positiva
El tour fue muy interesante y te permite conocer la historia de Costa Rica. Un trayecto muy agradable conociendo diferentes puntos de la ciudad de San José.,5.0,parque,civitatis,04/23/2026,Free tour por San José,positiva
"el gia lo da todo, es un tico autentico... pura vida",5.0,parque,civitatis,04/22/2026,Free tour por San José,positiva
"Hemos terminado encantados con Amaral!lo ha explicado todo de una manera tan sencilla q hasta los niños estaban pendientes de cada cosa q contaba,ameno , divertido ,de los mejores tours q hemos estado. Recomendado100%",5.0,parque,civitatis,04/22/2026,Free tour por San José,positiva
"El tour estuvo bien, nos contaron sobre la historia de San Jose. El guia fue simpatico, lo unico que nos repitio varias veces que se tiene que dejar propina aunque sea un free tour, ya era mi intención pero que lo repitan tanto parece que solo quieran el dinero. Al principio del tour el guia paraba a turistas por la calle por si querian unirse y me parecio un poco fuera de lugar.",4.0,parque,civitatis,05/02/2026,Free tour por San José,positiva
"Visita al centro histórico de San José con entrada al Museo Nacional. El guía, David fue muy ameno, buenas explicaciones, divertido y transmisor de la historia de Costa Rica. Tour totalmente recomendable para conocer ese país.",5.0,parque,civitatis,07/19/2026,Free tour por San José,positiva
"Muy bien, David nos enseña un San José diferente... Y muy interesante.",4.0,parque,civitatis,06/21/2026,Free tour por San José,positiva
"Un guía amable y el circuito completo para hacerte una buena idea de la historia de San José. Eramos 3 personas y, al ser pocos, todo muy cercano y fácil.",4.0,parque,civitatis,03/27/2026,Free tour por San José,positiva
Todo correcto. Trato muy amable con el guía. Gran profesional,5.0,parque,civitatis,03/23/2026,Free tour por San José,positiva
El tour tiene buena intención pero lo que ves depende de las condiciones climáticas. No vimos nada del Turrialba,4.0,parque,civitatis,04/14/2025,Excursión a los volcanes Turrialba e Irazú,positiva
"Muy demorada la salida de San José, recogiendo cuarenta y cuatro turistas",3.0,parque,civitatis,12/27/2025,Transporte a La Fortuna,neutral
"Lo pasamos muy bien, los guías fueron muy profesionales, bajar el Pacuare es una experiencia genial que recomendaríamos a todos los visitantes, además el desayuno y la comida estuvieron muy buenos, aunque eche en falta alguna opción vegetariana, ya que lo avisé anticipadamente.",5.0,parque,civitatis,03/11/2026,Rafting en el río Pacuare,positiva
"Divertido, vistas espectaculares y sobre todo, mucha adrenalina. Repetiría.",5.0,parque,civitatis,01/15/2026,Rafting en el río Pacuare,positiva
"Extraordinaria actividad, pura adrenalina y bello entorno. Equipo muy profesional de guías y plena seguridad",5.0,parque,civitatis,08/14/2021,Rafting en el río Pacuare,positiva
"Fuimos por nuestra cuenta a la actividad, el guía que nos tocó, Carlos, majisimo, súper profesional. El desayuno y comida rico y abundante",5.0,parque,civitatis,08/14/2021,Rafting en el río Pacuare,positiva
De 10! Actividad imprescindible.,5.0,parque,civitatis,04/13/2025,Rafting en el río Pacuare,positiva
"Recogida en el hotel, el viaje de ida un poco pesado pero la parada del desayuno mereció la pena. El alojamiento fue casi perfecto, salvo que no había aire acondicionado ni nevera, ventanas inexistentes, se oye todo, pero la ubicación es preciosa, la comida rica, la cama cómoda, la habitación grande, actividades opcionales chulas aunque tuvimos mala suerte con el recepcionista de la tarde, tras varios intentos para contratarlas... nuestro guía es el mejor, vimos monos, caimanes, lapas, etc.",5.0,parque,civitatis,06/04/2026,Tour de 2 o 3 días por el Parque Nacional Tortuguero,positiva
"Fue maravilloso.Es una belleza de lugar y que paz se disfruta. Sin duda,nos hubiera gustado quedarnos más tiempo",5.0,parque,civitatis,04/02/2026,Tour de 2 o 3 días por el Parque Nacional Tortuguero,positiva
"La actividad como tal bien, nuestro guía fue muy atento y amable en todo momento. Laguna Lodge se cataloga cómo un hotel de tres estrellas pero no tiene el mantenimiento que debería tener. Las comidas eran de bastante mala calidad y no se veía una higiene adecuada. Todo aquello que no estaba tapado estaba lleno de diferentes clases de insectos, estaría bien que sabiendo la problemática taparan la comida.",3.0,parque,civitatis,08/22/2024,Tour de 2 o 3 días por el Parque Nacional Tortuguero,neutral
"Guia Mario.... muy bueno Wifi en las casetas de arriba malisimo, todo por lo general bien.",5.0,parque,civitatis,11/12/2025,Tour de 2 o 3 días por el Parque Nacional Tortuguero,positiva
"Fue una experiencia única. Echamos de menos más información respecto a cada actividad, nos hubiera gustado que estuviera más detallada antes de llegar al punto de encuentro, para saber qué ropa y calzado serían más apropiados.",4.0,parque,civitatis,07/20/2025,Tour de 2 o 3 días por el Parque Nacional Tortuguero,positiva
"Muy bien, todo lo incluido en el programa. Pero la megafonía es regular y no entiendo que el bus no lleve aire acondicionado",4.0,parque,civitatis,08/22/2025,Tour panorámico por San José,positiva
El guía es un apasionado y nos lo ha hecho pasar muy bien,4.0,parque,civitatis,01/03/2023,Tour panorámico por San José,positiva
"Una visita muy completa y un guía, Jordan, muy bueno. Al igual que el conductor, aunque no recuerdo su nombre. Muy recomendable.",5.0,parque,civitatis,09/21/2022,Tour panorámico por San José,positiva
"Bien explicada por la guía,tuvimos mala suerte que por culpa del covid no pudiésemos entrar en varios sitios",4.0,parque,civitatis,12/19/2021,Tour panorámico por San José,positiva
Tour muy recomendable para conocer la capital de costa rica,5.0,parque,civitatis,08/29/2019,Tour panorámico por San José,positiva
"Fue una gran caminata, con datos históricos y mitos sobre la historia Costarricense, Alejando fue muy ameno al platicar las cosas y muy agradable. Tal vez solo sería la recomendación de o estar muy cerca del guía para escuchar, ya que muchos lugares emblemáticos están sobre vías concurridos por autos, o bien que Ale trajera un pequeño megáfono o bocina. Pero de verdad que lo recomiendo mucho, muy increíble 10/10",5.0,parque,civitatis,07/10/2026,Tour de los crímenes de San José,positiva
Excelente guía!!! Súper recomendado.,5.0,parque,civitatis,07/10/2026,Tour de los crímenes de San José,positiva
"Me encantó el tour, aprendí muchísimo de mi país y súper interesante! Alejandro es un excelente guía y mega recomendado! Estuvo muy muy bueno, lo disfrutamos y hasta con recomendación de café incluido!",5.0,parque,civitatis,11/07/2025,Tour de los crímenes de San José,positiva
Max nuestro guía nos llevó a través del parque dando una explicación certera de lo que veríamos. El lugar increíble aún con lluvia vale 100% la pena,5.0,parque,civitatis,07/23/2026,Excursión a los Jardines de la catarata La Paz,positiva
Maravilhosa. Nosso guia Kevin é o motorista Sérgio foram muito gentis e solícitos . Comida farta e saborosa. Parque limpo e natureza exuberante.Traducir la opinión a español,5.0,parque,civitatis,01/12/2026,Excursión a los Jardines de la catarata La Paz,positiva
"La excursión fue muy buena, y los sitios preciosos aunque no fue lo que yo reservé, nosotros ibamos a ver el río celeste y acabamos viendo las cataratas gemelas, concretamente la catarata del Toro por lo demás todo genial, guía muy amable y simpático y la comida también muy buena.",4.0,parque,civitatis,11/12/2021,"Catarata La Paz, río Celeste y aguas termales",positiva
"Fantástica excursión, maravilloso bosque, y la catarata del Río Agrio nos ha quitado el aliento. Maravilloso. Gracias también al guía Jorge que fue super amable. Totalmente recomendable",5.0,parque,civitatis,06/28/2021,"Catarata La Paz, río Celeste y aguas termales",positiva
"Basta bien, el tour no se dio según lo que compramos pero hubieron muchas cosas buenas como la caminata a las cascadas las gemelas, el almuerzo, la demostración y degustación de café . Nos habría gustado poder estar más tiempo en las cascadas ya que solo nos dieron unos 20 minutos para estar ahí.",4.0,parque,civitatis,04/18/2025,"Catarata La Paz, río Celeste y aguas termales",positiva
"El tour original no era muy interesante, pero la flexibilidad de nuestro guía Hermich nos permitió aprovecharlo al máximo. Ingresamos a las Cataratas La Paz (un zoológico completísimo), y luego nos recuperamos de la caminata en las aguas termales. Pero insisto, el tour original es muy superficial para lo que podría ser.",5.0,parque,civitatis,09/19/2022,"Catarata La Paz, río Celeste y aguas termales",positiva
Lo mas Bello del mundo. Gracias a Johnny. el hizo el tour marvelous !!!,5.0,parque,civitatis,06/07/2024,"Catarata La Paz, río Celeste y aguas termales",positiva
Solo recomendable si te interesa ver cocodrilos y ya has visitado otros lugares del país. El hotel de Jacó de la segunda mitad de la excursión es una experiencia de playa nada reseñable (quizá te interese si te gusta el surf y puedes alquilar una tabla).,3.0,parque,civitatis,08/17/2024,Avistamiento de cocodrilos en el río Tárcoles,neutral
"Excelente, me recogieron desde el piso en el que estaba alojado. Durante el camino, mi guía Ronny fue muy atento en todo y me fue explicando mil detalles de Costa Rica, luego fuimos al tour en bote por el río y vimos muchos cocodrilos y muchas aves. Una comida rica frente a la playa y regreso a casa. 10/10",5.0,parque,civitatis,11/29/2022,Avistamiento de cocodrilos en el río Tárcoles,positiva
"Excursión estupenda con los dos guías, tanto Abdul como el chico que nos guió durante el recorrido en el río Tárcoles, se agradece mucho contar con guías tan bien preparados y agradables. La excursión muy bien organizada, nos dieron agua, en el hotel el guía incluso nos dio toallas cuando fuimos a la playa lo cual agradecimos muchísimo y se puso a nuestra disposición en cuanto a los tiempos. Un 10.",5.0,parque,civitatis,05/14/2022,Avistamiento de cocodrilos en el río Tárcoles,positiva
Muy buena experiencia.,5.0,parque,civitatis,10/01/2023,Avistamiento de cocodrilos en el río Tárcoles,positiva
"Tanto el guía como el conductor fueron muy amables y el trayecto fue seguro. La actividad fue bien pero no vimos ni una sola tortuga, deberían avisar que para ver el desove hay que ir de noche y no es fácil tener la suerte para verlas. Tanto el desayuno como la comida que incluía la excursión estaba muy rica.",4.0,parque,civitatis,09/28/2024,Excursión al Parque Nacional Tortuguero,positiva
"Genial la excursión de un día al parque nacional de Tortuguero. Disfrutamos de un viaje en furgoneta, un desayuno completo, una caminata por el Cerro de Tortuguero y una visita a su pueblo junto con un almuerzo caribeño. Nuestro guía, Arturo, un hombre sabio, con conocimiento de la fauna y flora, y con un sentido del humor único. Muy gracioso y con mucha experiencia. Muchas gracias. Muy recomendable.",5.0,parque,civitatis,03/23/2024,Excursión al Parque Nacional Tortuguero,positiva
"La actividad es recomendable. Los guías se ajustan al tiempo y permiten dar una visión general del Parque. Cosas importantes a tener en cuenta: viaje en coche desde San José a allí son 3h de ida y 3h de vuelta a descontar del tiempo de la actividad. Depende de la temporada, podrás ver más o menos animales. Cosas a mejorar: Tiempo libre Cosas a destacar: Todos los tiempos se cumplieron a la perfección. El guía Manuel y el conductor Juan tuvieron un trato bueno y amenizaron el viaje.",4.0,parque,civitatis,02/03/2024,Excursión al Parque Nacional Tortuguero,positiva
"Increíble. Lo mejor Berni, nuestro guía, que no paró de decirnos datos de Costa Rica ni hacernos vivir experiencias en todo el día. Durante el camino en carretera ya vimos perezosos, cogimos rambutanes y buscamos ""strawberry frogs"". Es un día ultra completo que se hace ameno por todo lo que se aprende. El desayuno costarricense muy completo y la comida (influenciada por la cocina jamaicana) deliciosa. A pesar de ser noviembre el tiempo fue inmejorable. Y Luis el conductor otro 10!",5.0,parque,civitatis,11/01/2023,Excursión al Parque Nacional Tortuguero,positiva
"La actividad fue inmejorable. Fuimos 6 personas en furgoneta y nos hizo muy buen tiempo (supongo que el cuento cambia mucho si hace malo). Nuestro guía, Alvar, lo dió todo! Se nota que le gusta lo que hace. El camino de ida se hace algo intenso pero él lo ameniza bastante, te va explicando cosas y va parando varias veces (vimos una plantación de piñas, tortugas, iguanas...). El paseo en lancha es espectacular, tuvimos suerte y vimos caimanes, monos, todo tipo de aves. Comida y desayuno bien.",5.0,parque,civitatis,12/29/2022,Excursión al Parque Nacional Tortuguero,positiva
Un tour muy entretenido y divertido…El personal super simpáticos y agradables nos hicieron sentir atendidas y cuidadas en todo momento. Música en directo y continuamente te ofrecen fruta y bebidas y un ceviche muy rico. Totalmente recomendable,5.0,parque,civitatis,02/19/2026,Excursión a Isla Tortuga,positiva
"Buena organización. Todo muy bien explicado, la comida bien para ser en mitad de una playa y la animación en el catamaran correcta. Al regreso el capitán se desvió un poco para ver unas ballenas que pasaban por ahí así que tuvimos experiencia doble. La isla está muy bien de paisaje pero el agua no es tan cristalina y turquesa como dicen. No es Caribe. En general muy recomendable.",5.0,parque,civitatis,09/05/2024,Excursión a Isla Tortuga,positiva
"El viaje bien organizado con recogida puntual, el paisaje natural hasta la isla precioso y la atención muy buena, lastima que la playa sea pedregosa a diferencia de las que existen en el parque Manuel Antonio",4.0,parque,civitatis,03/04/2025,Excursión a Isla Tortuga,positiva
Fue un día excelente. Tanto el paseo en el catamaran como el ratito en la playa que se nos acabó haciendo corto. Todo el personal fue muy amable y estuvo muy atento a cualquier cosa que pudiésemos necesitar.,5.0,parque,civitatis,08/24/2024,Excursión a Isla Tortuga,positiva
"Fue una experiencia genial! Que repetiría y recomendaría a ojos cerrados. Nuestro guía a rayan y TODA la tripulación a bordo y en la isla fue de encanto. Melissa, Eduardo, el capitán y todos los muchachos nos hicieron sentir como en casa y con ganas de volver",5.0,parque,civitatis,04/20/2026,Excursión a Isla Tortuga,positiva
Magnifico tour. Arturo es un guía bien informado y experimentado. Nos adapto el tour a nuestros gustos y conocimos personas estupendas. Lo recomiendo sin duda!,5.0,parque,civitatis,02/06/2021,Tour privado por San José,positiva
"Muy lindo recorrido, la mejor predisposición y ganas de Daniel, nuestro guía, nos llevó por todos lados, nos dió muy buenas reseñas de los lugares y pudimos conocer con él muchas costumbres de los ricos! Graciasss",5.0,parque,civitatis,01/10/2025,Tour privado por San José,positiva
"Es importante este tipo de tours para enseñar la realidad de las cosas con la vida silvestre y, de ser verdad que hacen rescates, rehabilitaciones y liberación; es un buen insentivo económico estos recorridos para que continúen con su labor. Y los animalitos son preciosos!",5.0,parque,civitatis,08/10/2023,Excursión al Toucan Rescue Ranch,positiva
"Hermosa actividad, donde se aprende muchísimo sobre conservación y protección de fauna silvestre.",5.0,parque,civitatis,09/14/2022,Excursión al Toucan Rescue Ranch,positiva
"Kevin encantador, estuvo fenomenal",5.0,parque,civitatis,03/29/2026,Visita guiada por San José,positiva
Muy dinámica y cómoda ver la ciudad en Tour com bus.,4.0,parque,civitatis,08/05/2024,Visita guiada por San José,positiva
"El guía Sergio muy amable, hacía que todo fuera más entretenido. Lamento, eso sí, que el paso por el Teatro Nacional sea solo al lobby.",5.0,parque,civitatis,02/07/2020,Visita guiada por San José,positiva
"Felipe fue excelente, muy servicial y amable. La dinámica, explicación, paradas. Muy buena actividad. Nos gusto mucho.",5.0,parque,civitatis,06/12/2025,Tour en bicicleta por San José,positiva
"Alex es una persona muy chida, tiene muy buen conocimiento de la ciudad con muy buenas recomendaciones para otras actividades y la cata de café le da un súper plus al recorrido, lo recomiendo!",5.0,parque,civitatis,03/14/2025,Tour en bicicleta por San José,positiva
"Raquel fue una excelente guía, nos acompañó durante más de tres horas y nos mostró las maravillas naturales de la zona. Quedamos muy contentos con su explicación, pasión por la concientización y la conservación de la naturaleza. Logramos ver varias aves y hasta tres perezosos y seguimos buscando hasta dar con uno bien visible.",5.0,parque,civitatis,02/17/2025,Avistamiento de aves y perezosos en San José,positiva
"Raquel como guía ha sido estupenda, con mucha conciencia y vínculo con la naturaleza. Ha sabido transmitir y compartir sus conocimientos y amor a la naturaleza. Hemos tenido suerte y pudimos disfrutar de una buena cantidad de animales y plantas, sorprendentes en este espacio urbano. Súper recomendable y emocionante!",5.0,parque,civitatis,07/02/2024,Avistamiento de aves y perezosos en San José,positiva
"Increible , Filis un montón de perezosos, un bebé también con la madre y otro que ya lambaste lo había dejado solo. Aprendió a mucho sobre la vida cotidiana de esta especie tan singular recorriendo una zona de San José poco conocida. Visitamos un mariposario y vimos algunas especies de pájaros locales , muy recomendable. Gracias",5.0,parque,civitatis,08/15/2023,Avistamiento de aves y perezosos en San José,positiva
"Un agradable paseo por los jardines del campus de la universidad de Costa Rica acompañada de Luis guía biólogo quién me dió unas magníficas explicaciones sobre la flora, insectos, aves y perezosos que observamos. Tour de naturaleza muy recomendable en el mismo San José",5.0,parque,civitatis,08/04/2022,Avistamiento de aves y perezosos en San José,positiva
Incre8ble la gauna urbana que hay en san jose. El guia espectacular. Super,5.0,parque,civitatis,05/25/2025,Avistamiento de aves y perezosos en San José,positiva
"Excursión agradable, el volcán estaba totalmente cubierto, pero el paseo hasta allí bonito. El cafetal y la experiencia de la preparación del café interesante. Y terminar en la cascada, muy bonita. Cierto que si te toca un día nublado, no lo recomiendo, mejor aprovechar el día en la playa o algún otro parque.",4.0,parque,civitatis,06/02/2026,"Volcán Poás, Catarata de La Paz y finca de café",positiva
"La visita al Volcán Poás depende totalmente de la visibilidad. Con frecuencia es imposible ver el cráter por la niebla. En nuestro caso lo vimos por pura suerte. Conviene decirlo claro: si no se ve el cráter, la actividad no justifica el precio. Las actividades anexas que se ofrecen no compensan ni aportan valor real; son de relleno. Sin visibilidad, el coste del viaje pierde sentido y debería gestionarse mejor la expectativa o contemplarse una alternativa/compensación.",5.0,parque,civitatis,01/10/2026,"Volcán Poás, Catarata de La Paz y finca de café",positiva
"La excursión ha estado muy bien pero señalar que el minibus resulta algo incómodo cuando va lleno, como hoy así ha sido con 10 personas.",4.0,parque,civitatis,03/30/2026,"Volcán Poás, Catarata de La Paz y finca de café",positiva
"Charly un gran profesional, hemos aprendido mucho con él. Personalmente me lo he pasado fenomenal, hemos visto lugares preciosos y nos ha cuidado y guiado como pollitos. Merece mucho la pena. Gracias",5.0,parque,civitatis,02/14/2026,"Volcán Poás, Catarata de La Paz y finca de café",positiva
Salió todo perfecto: nuestro guía Carlos cuidó cada detalle. Grandísimo profesional.,5.0,parque,civitatis,01/14/2026,"Volcán Poás, Catarata de La Paz y finca de café",positiva
"Puntualidad, organización, explicaciones, comida, transporte, atención, trato, paisajes, guía y chofer EXCELENTES. Todo acorde con nuestras expectativas. Felicidades. Gracias.",5.0,parque,civitatis,05/13/2026,"Volcán Poás, Catarata de La Paz y finca de café",positiva
"Muy buen tour, el guía excelente, fue una experiencia agradable y enriquecedora",5.0,parque,civitatis,02/07/2026,"Volcán Poás, Catarata de La Paz y finca de café",positiva
"Muy recomendable! Una experiencia inolvidable para quienes visitamos por primera vez Costa Rica. Las vistas de los dos cráteres del volcán increíbles y la visita a la cascada La Paz, un espectáculo de la naturaleza. Hizimos parada en la finca de café y aprendimos mucho. El vehículo fue puntual, cómodo y limpio. Nuestro Guía Donald nos dio mucha información sobre el pais y su cultura. Excelente su combinación de idiomas al explicar. De verdad que gozamos. Gracias!!",5.0,parque,civitatis,07/31/2025,"Volcán Poás, Catarata de La Paz y finca de café",positiva
"Es un tour muy completo, muy bonito, con tiempo suficiente para recorrer y saber mas cosas de cada uno de los lugares y el guia y el chofer muy buenos, amables, gentiles y explicaban todo. Lo recomiendo totalmente",5.0,parque,civitatis,11/29/2025,"Volcán Poás, Catarata de La Paz y finca de café",positiva
"Desde la recogida hasta la vuelta a nuestro hotel , todo perfecto, max excelente guía, pudimos ver el volcan poas , la hacienda doka, tomar un rico desayuno y almorzar buffet en las cataratas. Más que satisfechos .",5.0,parque,civitatis,08/17/2025,"Volcán Poás, Catarata de La Paz y finca de café",positiva
"Muy agradable, buenisima comida show muy bonito recomendable",5.0,restaurante,civitatis,11/19/2025,Cena con espectáculo folclórico en Mirador Tiquicia,positiva
"Excelentes anfitriones , hermosa vista y muy bonito espectaculo",5.0,restaurante,civitatis,11/13/2025,Cena con espectáculo folclórico en Mirador Tiquicia,positiva
"Oscar Sandoval nos recogió puntual en el hotel. Finalmente fue un tour privado, primero por una plantación de café con una explicación corta pero detallada. Por las nuevas condiciones realizamos solos (sin el guia) la visita al volacán Poás. Después nos sugirió completar el tour (con otro coste) en las cataratas La Paz. En general ha sido un gran guía muy comprometido con explicaciones muy detalladas desde que nos subimos al coche, todo muy interesante.",5.0,parque,civitatis,06/18/2021,Excursión al Parque Nacional Volcán Poás,positiva
"En realidad no hicimos esta excursión sino la del volcán Irazú. Muy bien Ricardo, el guía, correcto, amable, bien informadi, y buen comunicador. Los sitios, todos interesantes. Hemos pasado un buen día.",4.0,parque,civitatis,04/20/2025,Excursión al Parque Nacional Volcán Poás,positiva
"Me encato la vista del volcan es muy bonito, el paisaje del volcan es precioso Frank la guia miy biena, nos explico un monton de cosas, muy atenta a todos, muy buena. Una excursion muy recomendable para visitar",5.0,parque,civitatis,04/09/2023,Excursión al Parque Nacional Volcán Poás,positiva
"Excelente guía, trato excepcional!",5.0,parque,civitatis,12/16/2022,Excursión al Parque Nacional Volcán Poás,positiva
"Tengo que decir que una de las experiencias mas lindas de Costa Rica, poder ver el volcan emanando gases. El guia Roger todo un anfitrion de calidad. El desayuno brindado fue riquisimo. Y llegas a buen tiempo a San Jose, excelente tour medio dia para aquellas personas que tienen que estar en el aeropuerto a las 3pm como fue mi caso. Los tiempos dan perfectamente.",5.0,parque,civitatis,03/04/2025,Excursión al Parque Nacional Volcán Poás,positiva
"Viaje con una tía mayor, la atención fue excelente, sobre todo para ella, la tomaron en cuenta en todo momento y le ayudaron a qué realizara todas las actividades Aparte de un chófer muy atento y actividades muy bien programadas",5.0,parque,civitatis,02/14/2026,Tour de aventura en Sarapiquí,positiva
"Una actividad super recomendable. Las vistas desde las tirolesas son magnífica, además de que pudimos ver monos y la naturaleza es espectacular. El rafting fue fenomenal, super divertido y aunque yo no se nadar, pude hacer la actividad sin ningún problema. La comida excelente, creo que este tour es imprescindible para los amantes de la naturaleza y la aventura.",5.0,parque,civitatis,06/02/2022,Tour de aventura en Sarapiquí,positiva
"Divertidísimo! Inolvidable! El Canopy se realiza entre árboles enormes y altísimos, lo que lo hace una experiencia única. El Rafting está increíble y padrísimo. El tour es para vivir pura adrenalina en medio de una majestuosa naturaleza. El personal es extremadamente profesional y amable. Recomendable al 1000%!!!!!",5.0,parque,civitatis,11/18/2018,Tour de aventura en Sarapiquí,positiva
Excelente. O guia foi muito legal e deu ótimas explicações sobre todos os lugares visitados.Traducir la opinión a español,5.0,parque,civitatis,04/02/2025,Visita guiada por San José,positiva
"Mejor imposible! Fue nuestra primera vez haciendo el rápel y fue una experiencia increíble! Enrique y Cris nuestros guías fueron fenomenales! Siempre preocupados por la seguridad de mi familia! Nos dieron trajes de neopreno qué sin duda fueron de gran ayuda! Vimos otros turistas con otras empresas que no les daban el tiempo, explicación y seguridad y parecía que traían prisa! No fue así con nuestra familia, disfrutamos el lugar y las actividades y es algo que sin duda volvería hacer!",5.0,parque,civitatis,08/07/2025,Rápel en el cañón El Silencio,positiva
"Viaje de catamaran con un trayecto de dos horas de duración, te sirven refrescos, cafe, fruta, musica con dj animado. Visita a la playa de Isla Tortuga , aunque el agua por estas fechas esta un poco sucia y mar revuelta.",4.0,parque,civitatis,10/07/2022,Excursión a Isla Tortuga en catamarán,positiva
"El servicio fue excelente. Todos súper amables, con gran actitud y todo el tiempo ayudando y guiando. Por supuesto un lugar espectacular.",5.0,parque,civitatis,07/21/2026,Excursión a Isla Tortuga en catamarán,positiva
Todo el grupo genial. Puntuales. Todos muy atentos. Mi marido iba con un pie algo lastimado y le aconsejaron que hiciera unicamente la segunda parte del rafting mas tranquila. Nuestro guía Jason cuidando que todo fuera bien. La actividad muy divertida y segura... aún cuando volcamos!! Comida rica. Muy recomendable.,5.0,parque,civitatis,03/23/2025,Rafting en La Fortuna,positiva
"Hicimos rafting en La Fortuna y, aunque al inicio tuvimos algunos inconvenientes con la organización, al final logramos realizar la actividad y la experiencia superó nuestras expectativas. Nuestro guía, Yaison, fue realmente amable, atento y divertido; nos transmitió mucha seguridad y nos hizo pasar momentos muy buenos durante todo el recorrido. El tránsito por el río fue excelente, lleno de paisajes hermosos, y Yaison nos iba explicando lo que veíamos, lo que hizo la experiencia aún más bonita",5.0,parque,civitatis,09/22/2025,Rafting en La Fortuna,positiva
"Jason y Bryan de la fortuna rafting fueron super simpáticos. Atención supe cercana al ser una empresa pequeña y en todo momento nos sentimos súper seguras. En el recorrido paramos a comer fruta tropical y al final nos llevaron a comer Casado. Incluso con lluvia, experiencia muy recomendable!",5.0,parque,civitatis,01/09/2025,Rafting en La Fortuna,positiva
"Muy auténtica, el monitor muy profesional, divertida, segura y comimos en una cantina local muy buena",5.0,parque,civitatis,08/12/2025,Rafting en La Fortuna,positiva
"Fue una experencia inolvidable. El equipo del Rafting fue muy amable, todo el tiempo ayudando y explicando la fauna y la flora. Al ser un grupo pequeño, el trato fue muy personal.",5.0,parque,civitatis,02/29/2024,Rafting en La Fortuna,positiva
"Muy interesante. Pablo fue muy buen guía. Me interesó todo más de lo que esperaba, probamos mucho chocolate y al final me llevé unas cuantas cositas de la tienda. Entender el proceso del cacao y la recogida del café, los tostados, y las dificultades para cultivarlo y en el mundo quién lo exporta, etc, me ha enseñado mucho. Además fue algo agradable y más relajado que las actividades que llevaba haciendo de caminatas y naturaleza más salvaje.",4.0,parque,civitatis,07/14/2026,Tour del café y el chocolate,positiva
"César fue el mejor guía que podía haber tenido! Me hizo un tour maravilloso, tranquilo y con una charla súper amena contándome muchísimas cosas sobre el cacao, café, etc. en Costa Rica. Probé el cacao, café, caña de azúcar... Pasear por la plantación. El chófer también fantástico. Todo fueron facilidades a pesar de que casi se cancela el tour y, menos mal que no, me llevo un recuerdo fantástico!",5.0,parque,civitatis,09/17/2025,Tour del café y el chocolate,positiva
Tuvimos la suerte de ser un grupo pequeño de 4 personas. El tour fue completamente en español. Nos impresionó la ignorancia que teníamos sobre el proceso de extracción del cacao. Nuestro guía explicaba minuciosamente cada parte. Súper recomendable si se quiere conocer más sobre el café y el chocolate. Las catas muy buenas.,5.0,parque,civitatis,02/17/2024,Tour del café y el chocolate,positiva
Muy recomendable. El guía Jonathan hizo que fuera una experiencia única. Nos enseñó muchísimas cosas que desconocíamos y para los sentidos fue especial. Gracias,5.0,parque,civitatis,08/27/2025,Tour del café y el chocolate,positiva
Muy bien. Explicación muy completa y todos muy antentos,5.0,parque,civitatis,07/07/2024,Tour del café y el chocolate,positiva
"Una experiencia inolvidable, disfrutamos mucho, aprendimos a ordeñar vaca entre otras cosas más como sobre el cacao la caña etc , después tuvimos un delicioso almuerzo campestre, nos sentimos como en familia con clemel y juan, nuestra Gia Daniela fue excelente, todos pasamos un rato súper inolvidable rodeados de animales, naturaleza y personas increíbles, lo recomiendo 100%",5.0,parque,civitatis,11/22/2021,Visita a una finca campesina,positiva
"Lugar maravillos. Antonio nos explico las acciones de su familia para cuidar la naturaleza y con Gabriel, el guía, nos enseñaron plantas medicinales, árboles frutales y vegetales; abejas nativas y animales de granja que rescatan y cuidan. Aperendimos el proceso del cacao, extracción de caña y fermentación, los degustamos. Ordeñamos una vaca y tomamos leche con chocolate. Al final una deliciosa comida tradicional. Todo fue inspirador y familiar. Transporte cómodo, excelente comunicación bilingüe",5.0,parque,civitatis,04/04/2025,Visita a una finca campesina,positiva
"Magnífico todo. Guía fantástica y encantadora. Rancho precioso, con la señora muy amable y gran cena!",5.0,parque,civitatis,09/23/2024,Senderismo nocturno con avistamiento de ranas,positiva
"La verdad que es un tour muy bueno. El guía,Diego sabía mucho de animales.Era muy muy cercano y participábamos en las explicaciones El conductor Óscar,también muy bien.Parecia que nos conocíamos de todas las vida. Muy recomendable.100%.",5.0,parque,civitatis,08/01/2024,Senderismo nocturno con avistamiento de ranas,positiva
Muy buena el guia Luis fenomenal,5.0,parque,civitatis,08/06/2021,Senderismo nocturno con avistamiento de ranas,positiva
"Los guías súper amables, la familia que nos recibió espectacular y la cena deliciosa",5.0,parque,civitatis,07/22/2026,Senderismo nocturno con avistamiento de ranas,positiva
"La atención de nuestro guía Albert fue excelente, resolvió todas nuestras dudas y nos explicó a detalle sobre los animales y la naturaleza a nuestro alrededor. A pesar de que el recorrido fue en inglés, es fácil de entender :).",5.0,parque,civitatis,11/16/2023,Senderismo nocturno con avistamiento de ranas,positiva
"El guia Frandel,mostró mucho interés en localizar los perezosos. Nos ha explicado muchas cosas. Muy recomendable.",5.0,parque,civitatis,12/28/2024,Visita al Parque de Observación de Perezosos,positiva
"La actividad ofreció vista de perezosos de dos y tres dedos, explicaciones, también sobre plantas, como el plátano rosa, vimos un ave que se camufla muy bien, se confunde con el tronco de un árbol. El guía Frandel, recomendable 100x100.",5.0,parque,civitatis,02/19/2024,Visita al Parque de Observación de Perezosos,positiva
Un poco apretada en los tiempos pero una experiencia totalmente recomendable. Joseph un guía excepcional,5.0,parque,civitatis,01/04/2024,Visita al Parque de Observación de Perezosos,positiva
"Excelente. Vimos perezosos, búhos, ranas venenosas, basilisco.... Nuestro guía Luis fantástico.",5.0,parque,civitatis,08/06/2021,Visita al Parque de Observación de Perezosos,positiva
"Muy buen guía, explicaciones buenas y personal amable.",5.0,parque,civitatis,07/20/2021,Visita al Parque de Observación de Perezosos,positiva
"Todo bonito conocimos mas de la cultura Costa Rica, la vida silvestre. La comida buena. La pasamos super.",4.0,parque,civitatis,06/17/2026,Excursión a Caño Negro,positiva
La excursión fue muy bien pero nos faltó la fruta fresca que indicaban en la reserva.,4.0,parque,civitatis,08/09/2025,Excursión a la Catarata Río Fortuna,positiva
El guía era muy bueno,5.0,parque,civitatis,12/09/2022,Excursión a la Catarata Río Fortuna,positiva
"Muy bonita experiencia. Los recomiendo al 100%. La guía es muy atenta, con excelente conocimiento de la zona. La catarata es hermosa y pudimos bañarnos y relajarnos un rato.",5.0,parque,civitatis,10/06/2025,Excursión a la Catarata Río Fortuna,positiva
Disfrutamos de un buen día con esta actividad. Fue un día completo y cada actividad estaba bien organizada.,5.0,parque,civitatis,12/03/2025,Excursión a Isla Tortuga,positiva
"Todo genial, el barco, la isla, el personal!! Todo increíble.. Repetiría sin dudarlo. Una experiencia única!! Único pero q madrugamos a las 5 de la mañana para luego esperar en el puerto más de una hora y sin un bar o algo para desayunar!!",4.0,parque,civitatis,08/06/2025,Excursión a Isla Tortuga,positiva
"Muy bien todo, los chicos se lo curran y son muy amables",5.0,parque,civitatis,02/10/2023,Excursión a Isla Tortuga,positiva
"Perfecto, Mariel es un encanto, excelente guía y mejor persona.",5.0,parque,civitatis,12/03/2022,Excursión a Isla Tortuga,positiva
"Una isla espectacular, el viaje en barco se hace muy ameno gracias a la tripulacion. Excursión muy recomendable",5.0,parque,civitatis,10/20/2021,Excursión a Isla Tortuga,positiva
"Ha estado genial. Divertidísimo. El guia, José Raúl, nos ha enseñado muchos animalitos y hemos podido hacer preciosas fotos. 100 % recomendable la actividad. Y a destacar la amabilidad y profesionalidad de José Raúl.",5.0,parque,civitatis,08/30/2025,Tour por los puentes colgantes de Arenal,positiva
"Genial. El guía (Víctor) estuvo atento en todo momento para ver el máximo de animales posibles, además de mantener buena conversación.",5.0,parque,civitatis,09/11/2021,Tour por los puentes colgantes de Arenal,positiva
"Puntualidad, transporte, buena onda del chofer: EXCELENTE. El parque y el guía ÚNICOOOOOS. Demasiado hermosa esta experiencia. Sin dudas el mejor tour de todos los que hicimos acá en La Fortuna. Recomendado 200% si amas la naturaleza, llas vistas, los animales, etc. ¡Imperdible!",5.0,parque,civitatis,09/04/2023,Tour por los puentes colgantes de Arenal,positiva
"Muy linda, el guía maravilloso, demasiada gente",4.0,parque,civitatis,07/22/2026,Tour por los puentes colgantes de Arenal,positiva
"La Actividad esta muy bien organizada, el guia excelente y puntual y los puentes colgantes es una experiencia increible .",5.0,parque,civitatis,07/25/2024,Tour por los puentes colgantes de Arenal,positiva
"Los guías Axel y Carlos hicieron de la visita una experiencia genial. Nuestro grupo, en español, fue con Carlos, gran conocedor de la botánica y la fauna de Arenal. Las vistas del volcán y la caminata merecen mucho la pena. Vimos perezosos, tucanes, oropéndolas, monos araña... Repetiría con ellos!",5.0,parque,civitatis,01/24/2026,Excursión al volcán Arenal + Aguas Termales,positiva
"Tour muy recomendable por el Volcán Arenal. Nuestro guía Diego fué muy amable, atento y didáctico. Nos explicó la historia del volcán y muchas otras curiosidades de la fauna y flora. El baño en las termas es dentro de un hotel, fue muy divertido aunque nos hubiera encantado que fueran naturales.",5.0,parque,civitatis,01/06/2026,Excursión al volcán Arenal + Aguas Termales,positiva
"Hicimos el tour con un proveedor. Tanto Axel, que fue nuestro guía, como los conductores han sido geniales. Hemos aprendido mucho de la flora y fauna de la zona. El almuerzo también ha estado bien, con productos típicos de Costa Rica y para rematar la experiencia, las aguas termales. Lo recomiendo, sin duda. Muchas gracias",5.0,parque,civitatis,12/22/2025,Excursión al volcán Arenal + Aguas Termales,positiva
"La actividad fue estupenda desde el inicio. Chino nos transmitió su pasión por la tierra, Flora y fauna. Estuvo muy atento, respondiendo nuestras dudas, enseñándonos todo lo que sabía de la zona, buscando animales que pudiéramos ver. Ha sido una maravilla.",5.0,parque,civitatis,05/29/2024,Excursión al volcán Arenal + Aguas Termales,positiva
"Muy buena elección para echar la mañana, una caminata de unos 6 km y tuvimos la suerte de ver El Arenal sin nubes. En todo momento el guía tenía curiosidades que contar. Comimos casado, incluido en el precio y los baños termales muy bien ya que no había mucha gente. Buen precio la verdad. Vale la pena.",4.0,parque,civitatis,11/18/2025,Excursión al volcán Arenal + Aguas Termales,positiva
Una bonita caminata. Buen guía. Y buena comida. Recomendable,5.0,parque,civitatis,02/16/2025,Senderismo por el río Celeste,positiva
Lastima que el tiempo no ha acompañado !!,5.0,parque,civitatis,01/18/2025,Senderismo por el río Celeste,positiva
Gran servicio. Atento en todo momento el chófer como el guía Ronald. Grandes en lo que hacen y muy responsables. Agregamos el.paisaje y la naturaleza y nos regala un día difícil de olvidar,5.0,parque,civitatis,03/20/2026,Senderismo por el río Celeste,positiva
"Buen guía, buen transporte y puntualidad, pero la actividad dura menos de 3 hrs. Creo que está un sobrevalorada.",3.0,parque,civitatis,09/04/2023,Excursión al Volcán Arenal,neutral
"En general furgonetas muy cómodas y buenos conductores, Rolo un crack, super majo. El viaje en barco nos pilló bastante tormenta y no pudimos apreciar tanto ni el volcan en Arenal ni las vistas pero bueno al viajar en Julio en época de lluvia es lo que te puede tocar",5.0,parque,civitatis,07/01/2026,Traslado a Monteverde + Barco por el lago Arenal,positiva
Tranquila y sin comtratiempos. Nos recogieron con puntualidad.,4.0,parque,civitatis,01/18/2026,Traslado a Monteverde + Barco por el lago Arenal,positiva
Fue un traslado muy agradable y tranquilo. En primer lugar atravesando el lago en barco y en segundo en 4x4. El conductor del vehículo nos hizo el camino muy ameno. Merece la pena si viajas sin vehículo propio.,5.0,parque,civitatis,10/11/2025,Traslado a Monteverde + Barco por el lago Arenal,positiva
"Todo perfecto, lo recomiendo",5.0,parque,civitatis,03/17/2026,Traslado a Monteverde + Barco por el lago Arenal,positiva
"He merecido mucho la pena. Hemos ido con los guías Chris MQ y Melani, ambos encantadores, cada uno a su estilo sabían lo que hacían y sobretodo les gustaba lo que hacían, y eso se nota. Han hecho que el día fuera muy agradable y nos sintiéramos cómodos, seguros, aprendiéramos y pasáramos un buen ratos. Muy atentos y facilitadores. Hemos acabados reventados pero muy satisfechos",5.0,parque,civitatis,07/05/2026,Excursión a la Catarata La Fortuna y al Volcán Arenal,positiva
"Nos encantaron todas las actividades a pesar de que el clima no acompañaba y había mucha niebla para ver el volcán. La caminata por el bosque y las explicaciones de nuestro guía Cristian (Nano) fueron súper interesantes. El día fue muy agradable, mil gracias!!",5.0,parque,civitatis,07/04/2026,Excursión a la Catarata La Fortuna y al Volcán Arenal,positiva
"Muy bien con Uriel y Diego que nos mostro una rana de ojos rojos y pudimos sacar fotos. La ruta a la catarata es bastante física, no recomiendo a personas con movilidad reducida. El baño en la catarata genial, la subida al volcán por la colada arriba no vimos el volcán mucho por las nubes, casi lo vimos mejor desde el hotel. Vimos perezosos de camino y paramos.",5.0,parque,civitatis,06/29/2026,Excursión a la Catarata La Fortuna y al Volcán Arenal,positiva
"La actividad muy completa. Un día entero haciendo prácticamente todo lo que tienes que hacer en arenal. Nuestros guías Nano y Rastas muy majos. Nos dividimos en dos grupos en algunos sitios y nos tocó con Nano que sabía mucho de todo, nos explicó todo lo que íbamos viendo, plantas, animales, como se protegía aquella zona... Super bien la verdad. Lo único negativo es que es una paliza. Me costó mucho hacer la subida. Pero los guías tuvieron mucha paciencia conmigo y me esperaron y animaron. ...",4.0,parque,civitatis,06/22/2026,Excursión a la Catarata La Fortuna y al Volcán Arenal,positiva
"La excursión fue fenomenal, nuestro guia personal fue Christian y fue un placer escuchar las explicaciones sobre los animales y plantas del Arenal, además de que sabía donde buscarlos exactamente, así que pudimos ver muchos. Repetiriamos sin duda.",5.0,parque,civitatis,05/11/2026,Excursión a la Catarata La Fortuna y al Volcán Arenal,positiva
Todo genial. Recomendable.,5.0,parque,civitatis,10/25/2025,Sky Tram de Monteverde + Tirolina,positiva
Muy divertido los trabajadores de allí muy simpáticos te explican todo y están dispuestos a ayudarte en todo momento. Es toda una experiencia que hay que vivir!!,5.0,parque,civitatis,07/17/2024,Sky Tram de Monteverde + Tirolina,positiva
"Una experiencia 10. Recomendado hacer junto con puentes colgantes por la mañana, ya que a las 14 horas suele llover",5.0,parque,civitatis,10/11/2023,Sky Tram de Monteverde + Tirolina,positiva
Super divertida y a la vez muy cuidada de parte de los guías q nos acompañaron. Es altamente recomendable.,5.0,parque,civitatis,04/20/2024,Sky Tram de Monteverde + Tirolina,positiva
"Nos llovió mucho (2 de Julio y chuvasquero). 8 puentes espectaculares. Emociona ver la naturaleza desde tan arriba y con la pasión que nos lo explicó Mauricio, nuestro guía. Visitamos el santuario con 12 perezosas de 2 dedos por 49 dolares extra. Hay además tirolinas que tambien puedes contratar allí. Los puentes se ven robustos, si no tienes demasiado vértigo ds obligado ir. Esfuerzo fisico medio bajo. En general experiencia super recomendable.",5.0,parque,civitatis,07/02/2026,Tour por los puentes colgantes del Bosque Nuboso Monteverde,positiva
"Una actividad para hacer si o si en Monteverde, y si te toca con el guía Mauricio todavía más recomendable! Pura vida!!",5.0,parque,civitatis,07/06/2026,Tour por los puentes colgantes del Bosque Nuboso Monteverde,positiva
Karina la guía naturalista muy profesional y agradable.,5.0,parque,civitatis,06/30/2026,Tour por los puentes colgantes del Bosque Nuboso Monteverde,positiva
Urias nuestro guia fue muy amable y nos explicó todo a la perfección,5.0,parque,civitatis,05/23/2026,Tour por los puentes colgantes del Bosque Nuboso Monteverde,positiva
Mauricio fue un guía excepcional. Auténtico en sí mismo. Hizo que la experiencia de los puentes fuera mejor de lo que realmente es.,5.0,parque,civitatis,03/15/2026,Tour por los puentes colgantes del Bosque Nuboso Monteverde,positiva
Increible. Nos toco con Justin como guía que no solo nos explico la fauna sino también curiosidades de monteverde y de la flora que lo rodea. Tuvimos mucha suerte de ver un tucán y una colibri alimentando a los hijos. Justin nos explicó todo de todas las especies. Muy recomendado!,5.0,parque,civitatis,02/13/2024,Senderismo por la Reserva Curi Cancha,positiva
Bien lo que me parece bastante caro para lo que es la excursión.,4.0,parque,civitatis,01/19/2024,Senderismo por la Reserva Curi Cancha,positiva
"Buen guía, excelentes explicaciones, didáctico.",5.0,parque,civitatis,07/01/2025,Senderismo por la Reserva Curi Cancha,positiva
"Justin ha sido un guía estupendo, nos fue mostrando durante el recorrido la fauna y flora del mismo, consiguiendo ver un quetzal, monos aulladores y araña, múltiples aves , murciélagos, y enseñándonos muchísimas cosas del reino animal y vegetal de este hermoso bosque. Ha sido una excursión de 10, gracias Justin.",5.0,parque,civitatis,07/25/2025,Senderismo por el Bosque Nuboso de Monteverde,positiva
La actividad de 10. Muy recomendable. Hemos podido pasear por el bosque y observar un montón de animalesademás ver el puente colgante rosado. Greivin nuestro guía nos dió toda la información y la facilidad para que nuestra experiencia haya quedado tan enriquecida y bonita para nuestra memoria. Muy agradecidos.,5.0,parque,civitatis,07/09/2025,Senderismo por el Bosque Nuboso de Monteverde,positiva
"Fabuloso tour. El guía Justin un gran profesional. Esforzándose en ver todo lo que podía verse. Y hemos conseguido ver Adas de multitud de sninalitos a un quetzal macho y otro hembra, y hemos conseguido un vídeo de colibrí en su nido. Tour totalmente aconsejable. El parque una maravilla y con Profesionales así todo es más fácil.",5.0,parque,civitatis,03/14/2025,Senderismo por el Bosque Nuboso de Monteverde,positiva
El paseo con Justin ha sido súper agradable. Nos ha interpretado el paisaje de Monteverde y nos ha contado curiosidades sobre plantas y animales que hemos ido encontrando por el camino. Hasta hemos conseguido ver un quetzal desde relativamente cerca. Sin duda repetiríamos.,5.0,parque,civitatis,07/10/2024,Senderismo por el Bosque Nuboso de Monteverde,positiva
"Nuestro guía Justin muy amable y muy profesional. Nos explico muchas cosas de la Flora y la Fauna del bosque. Tuvimos la suerte de ver un Quetzal macho. También vimos monos arañas, Pecaris comiendo, Helecho Prehistórico de la época de los Dinosarios, Colibrí. Vamos que fue una excursión muy chula además el tiempo nos respetó y no llovió.",5.0,parque,civitatis,07/03/2024,Senderismo por el Bosque Nuboso de Monteverde,positiva
Lo más espectacular que he visto y disfrutado.,5.0,parque,civitatis,08/11/2025,Senderismo por El Tigre Waterfalls,positiva
"El lugar es muy bonito, las cascadas chulisimas, el viaje por el aire de la bici genial, y el paseo a caballo maravilloso, el personal maravilloso",5.0,parque,civitatis,08/02/2024,Senderismo por El Tigre Waterfalls,positiva
"Nos ha gustado mucho la visita nocturna y eso que nos llovió. Es una excelente experiencia andar por el bosque por la noche y además hemos visto bastantes animales. Nuestro guía, Denisse, super amable, divertido y tratando de encontrar animales para que nos fuéramos contentos",5.0,parque,civitatis,07/09/2026,Senderismo nocturno por Oktari Monteverde,positiva
"Muy recomendable. Hicimos el tour de las seis y es completamente de noche. Tuvimos suerte y vimos varias especies de arañas, tarántulas, escorpiones, un colibrí alas de sable, tucanes, un pájaro bobo, un zorzal, varias especies de ranas así como un bebé de rana de vidrio, una cucaracha mudando... El guía era estupendo, contaba anécdotas y muchas curiosidades de la fauna. Se pasan las dos horas volando! Los senderos son muy fáciles de transitar. Vale la pena.",5.0,parque,civitatis,01/25/2026,Senderismo nocturno por Oktari Monteverde,positiva
"Muy bueno el tour. Si no llega a ser por el guía no vemos nada, ja ja .",4.0,parque,civitatis,07/07/2026,Senderismo nocturno por Oktari Monteverde,positiva
Disfruté mucho de la experiencia tanto por todos los animales que pudimos ver como por el trato del guía que fue excelente. El guía se llamaba Josue y sin duda lo recomiendo.,5.0,parque,civitatis,04/07/2026,Senderismo nocturno por Oktari Monteverde,positiva
"Nos gustó mucho el proyecto de reforestación que llevan a cabo. Vimos una tarántula, dos ranas, muchos insectos, un armadillo y algunas aves y animales que estaban en los árboles. La ruta con Esteban y Marco fue excelente, muy didáctica con muchas explicaciones de lo que ibamos viendo y mas. Se nota que les apasiona lo que hacen. Recomiendo la ruta al 100%..",5.0,parque,civitatis,08/20/2025,Senderismo nocturno por Oktari Monteverde,positiva
"Excelente, la actividad fue espectacular. Los guias estan atentos en todo momento de todo. Fuimos con niños de 4 y 6 años y se lo pasaron de maravilla. Estuvieron en todo momento pendientes de los niños y de su seguridad. Muy recomendable. Las vistas son espectaculares.",5.0,parque,civitatis,01/28/2026,Tirolina en Monteverde,positiva
Actividad muy bien montada y divertida. Los guías super bien y las vistas sobre los árboles fantásticas. Muy recomendable!!!,5.0,parque,civitatis,01/28/2026,Tirolina en Monteverde,positiva
"Disfrutamos muchísimo de la actividad. Gracias a las claras instrucciones y al gran ambiente que crearon los monitores, pudimos aprovecharla al máximo. Las vistas desde lo alto son simplemente impresionantes, de las más bonitas que he vista nunca. Sin duda, una experiencia totalmente recomendable.",5.0,parque,civitatis,01/29/2025,Tirolina en Monteverde,positiva
"Absolutamente increíble. Era la primera vez que hacía tirolina y fue muy divertido, mucha adrenalina y las personas que están en las plataformas ayudándote, todas maravillosas. A tener en cuenta: en época de lluvias (agosto-diciembre) es muy probable que llueva fuerte. A nosotros nos pilló una tormenta en las últimas tirolinas y no pudimos ver mucho por la niebla.",5.0,parque,civitatis,08/22/2023,Tirolina en Monteverde,positiva
Los monitores eran súper atentos y divertidos que conseguían que disfrutases más de la actividad. Además el circuito comprendía 13 tirolinas y un tarántula que es un chute de adrenalina. Conviene ir con un poncho de plástico porque te salpicas de barro.,5.0,parque,civitatis,09/30/2022,Tirolina en Monteverde,positiva
"El traslado es muy pintoresco.Cumplieron los horarios Deberian insistir a quien corresponda respecto al mantenimiento del camino,",4.0,parque,civitatis,04/24/2025,Traslado a La Fortuna + Barco por el lago Arenal,positiva
"Nos encanto la visita, el guía encantador.Una experiencia relajante, para disfrutar del bosque y desconectar. Aprendimos mucho además de volver con las pilas cargadas.Muchas gracias.",5.0,parque,civitatis,03/20/2026,"Senderismo por Sensoria, Tierra de los Sentidos",positiva
"Erala que esperaba. Naturaleza, un guía Yonni muy agradable con todo lujo de detalles en las explicaciones. Las pozas de maravilla",5.0,parque,civitatis,08/14/2023,"Senderismo por Sensoria, Tierra de los Sentidos",positiva
El único inconveniente fue que el horario de recogida era diferente al que traían los guías. Todo estuvo muy excelente.,5.0,parque,civitatis,06/16/2025,Excursión al Parque Nacional Manuel Antonio,positiva
El paseo fue increíble! Todos fueron muy simpáticos y muy profesionales... Me encantó todo y todos los chicos que nos atendieron fueron muy amables...,5.0,parque,civitatis,03/29/2026,Excursión a Isla Tortuga,positiva
"Muy bien con el guia gallo. Imprescindible ir con guía para ver muchos animales. Verás monos capuchino seguro. La playa cierra a las 15.00 y el parque a las 16.00, ve a primera hora. Creo que es imposible ver todo el parque en 1 dia y bañarse a la vez. De tarde va más gente a bañarse. Hay grifos con agua cada medio km aprox, aunque no lleves botella puedes beber directamente ahí.",5.0,parque,civitatis,07/06/2026,Tour por el Parque Nacional Manuel Antonio con entradas,positiva
"El tour está genial para ver animales. Los guías llevan una especie de prismáticos para ver todo perfecto. Vimos perezosos, tucanes, insectos, y toda la fauna del lugar. Fabián fue un guía excelente y muy amable. Sin duda 100% recomendable.",5.0,parque,civitatis,07/05/2026,Tour por el Parque Nacional Manuel Antonio con entradas,positiva
Excelente!! El guía apodado el Gallo muy agradable y ameno. Excursión muy recomendable.,5.0,parque,civitatis,07/05/2026,Tour por el Parque Nacional Manuel Antonio con entradas,positiva
"Nuestro guía Andrey fue excepcional, nos encantó la visita y repetiríamos sin duda.",5.0,parque,civitatis,05/15/2026,Tour por el Parque Nacional Manuel Antonio con entradas,positiva
El parque precioso el guia ha explicado genial y el conductos superamable,5.0,parque,civitatis,03/29/2026,Tour por el Parque Nacional Manuel Antonio con entradas,positiva
"Una actividad fabulosa. Las explicaciones del guia, Alex y la conducción de José, ha sido de 10. Muchas gracias",5.0,parque,civitatis,05/20/2026,Excursión a las cascadas de Mulguri,positiva
"El recorrido en 4x4 para llegar hasta las cataratas es difícil, pero vale MUCHO la pena. Paisaje espectacular, posibilidad de ver animales, (los vi), La comida, simple pero muy sabrosa, es cocina real de Costa Rica hecha por una señora mayor que vive allí. En resumen, no es solo algo fabricado para turistas, es real. Además de eso perdí un tarjetero con tarjetas de crédito y el conductor y el guía tuvieron la honradez y la responsabilidad de llevarlo al hotel. Un 10 es poco, mejor 11 sobre 10.",5.0,parque,civitatis,09/01/2025,Excursión a las cascadas de Mulguri,positiva
"Una experiencia inolvidable…. Julián ,nuestro guía en toda la excursión excelente profesional y mejor como persona., sin olvidar a Juan Carlos nuestro conductor maravilloso!!",5.0,parque,civitatis,09/26/2025,Excursión a las cascadas de Mulguri,positiva
"Un día espectacular,los paisajes impresionantes, el almuerzo delicioso y el guía y conductor muy simpáticos y profesionales. Muy recomendable",5.0,parque,civitatis,08/25/2025,Excursión a las cascadas de Mulguri,positiva
"Hemos hecho tres excursiones con civitatis en Costa Rica y, a pesar de que en este último día haya habido un pequeño problema a la hora de recogernos en el hotel acordado, nos lo hemos pasado muy bien. La gente es muy profesional, muy amable y atenta, perfecto. PURA VIDA",5.0,parque,civitatis,02/23/2025,Paseo en catamarán y snorkel en Manuel Antonio,positiva
"Una eleccion genial para ver Manuel Antonio desde el mar, ha sido un paseo excelente, toda la tripulacion muy atenta en tofo momento, nos han dado bebidas y comida, y ha habido navegacion, tiempo para comer y tiempo para divertirse con snorkel, colchonetas, tobogan incluso kayak, sin duda repetiria con ellos",5.0,parque,civitatis,02/15/2025,Paseo en catamarán y snorkel en Manuel Antonio,positiva
"Aunque debido al tiempo, no sé garantiza el snorkel, el barco tiene más actividades tobogán, puedes nadar, hacer kayak y ver Manuel Antonio desde el mar. Además del buen ambiente de los guías, comida típica costarricense y cócteles. Todo un acierto!!! Genial!!!",5.0,parque,civitatis,07/09/2024,Paseo en catamarán y snorkel en Manuel Antonio,positiva
"Paseo en barco con 6 cócteles incluidos y comida. Vimos 5 ballenas con sus crías, hicimos snorkel, nos bañamos en pleno pacífico. Una pasada de excursión. Una pega: el servicio de recogida al hotel se demoró 30 min. Por lo demás una super excursión!",5.0,parque,civitatis,08/18/2023,Paseo en catamarán y snorkel en Manuel Antonio,positiva
"Una actividad muy completa: jugos naturales, frutas, vinos a la ballena, el snorkel maravilloso, la comida,la música......Pero sobre todo el personal, honesto y muy profesional. Nos propusieron cambiar el día por el tiempo, pero finalmente fue un día redondo.",5.0,parque,civitatis,07/13/2023,Paseo en catamarán y snorkel en Manuel Antonio,positiva
"Muy aconsejable, paisaje, aventura, atención excelente",5.0,parque,civitatis,03/30/2026,Excursión a la catarata Nauyaca,positiva
"Fue estupenda, mejor de lo que hemos esperado. El guía nos explicó muchísimas cosas y contestaba pacientemente y con conocimiento nuestras preguntas. Hicimos disitinas rutas en la ida y en la vuelta y así vimos más todavia del país. Muchas gracias",5.0,parque,civitatis,02/23/2024,Excursión a la catarata Nauyaca,positiva
Un día muy agradable. La cascada una maravilla,5.0,parque,civitatis,11/30/2025,Excursión a la catarata Nauyaca,positiva
La excursión ha sido de 10 aún lloviendo ha estado muy bien. Hemos visto como cambiaba en pocos minutos el caudal de la catarata y a sido impresionante. Nuestro guía se a portado de 10 y nos a tratado de cine. Recomiendo esta excursión.,5.0,parque,civitatis,06/12/2025,Excursión a la catarata Nauyaca,positiva
"Todo muy bien, lo único está algo lejos y el camino bastante duro.",4.0,parque,civitatis,07/20/2023,Excursión a la catarata Nauyaca,positiva
"Nustra guía fue Carmen, eramos una familia con dos niños y el trato fue de 10. Tuvimos dudas en un principio en ir por libre o contratar el tour. Menos mal que fuimos con Carmen, nos mostro animales que no te podias ni imaginar que estaban ahí, nos enseño datos y anecdotas sobre la selva cosarricense su flora y su fauna. Tuvimos la suete de ver 3 perezosos, uno de ellos se descolgo hasta ramas muy bajas al lado de donde estabamos. Vimos murciélagos, camaleones, arañas, monos....",5.0,parque,civitatis,07/03/2026,Tour por el Parque Nacional Manuel Antonio con guía naturalista,positiva
"Nuestro día en Manuel Antonio ha sido de 10. Nuestro guía Brandon nos enseño mucho sobre la flora y fauna del Parque Nacional Manuel Antonio, con un trato buenisimo. Además se preocuparon de mandarnos al detalle las indicaciones de llegada al parque, asi como de conseguirnos un parqueo junto al parque.",5.0,parque,civitatis,07/02/2026,Tour por el Parque Nacional Manuel Antonio con guía naturalista,positiva
"Hicimos el tour con Alonso como guía y fue genial. Desde antes de la visita estuvo en contacto con nosotros para facilitarnos toda la información necesaria. Durante el recorrido nos acompañó en todo momento, explicándonos con detalle de forma muy amena e interesante. ¿Se puede visitar el parque sin guía? Sí, pero sinceramente no habríamos visto prácticamente ningún animal. Gracias a él vimos perezosos, monos, reptiles, aves... Al acabar el tour nos envió todas las fotos, detalle que agradecimos",5.0,parque,civitatis,04/10/2026,Tour por el Parque Nacional Manuel Antonio con guía naturalista,positiva
"Si te estás preguntando si merece la pena reservar el tour en Manuel Antonio, desde mi experiencia es un sí rotundo. Nuestro guía fue Alonso se nota que lleva muchos años trabajando en este parque ya que conoce todo a la perfección, pudimos ver bastantes animales gracias a él. Además es un hombre muy simpático que nos hizo que el recorrido se nos pasara muy rápido.",5.0,parque,civitatis,04/10/2026,Tour por el Parque Nacional Manuel Antonio con guía naturalista,positiva
"Tour 100% recomendable con Alonso que fue nuestro guía. Desde el primer momento nos informó de cómo acceder, dónde aparcar y todas las recomendaciones del parque. Con Alonso todo han sido facilidades. Desde el primer momento que hemos accedido al parque nos ha explicado muchísimas cosas interesantes de forma muy didáctica y entretenida. No sólo hemos visto muchos animales y plantas sino que también hemos aprendido grandes cosas de la cultura de Costa Rica.",5.0,parque,civitatis,01/10/2026,Tour por el Parque Nacional Manuel Antonio con guía naturalista,positiva
"Nos fuimos mi pareja y yo hacer la actividad nocturna y fue genial gracias al gran guía Jimmy, nos buscó y explicó con muchísimo interés todo lo que veíamos. Amable, paciente y con muchos conocimientos del entorno. Un 10!",5.0,parque,civitatis,01/05/2026,Senderismo nocturno por una reserva natural de Manuel Antonio,positiva
"Hemos visto muchos animales completamente distintos a los que se ven de día, por lo que es una excursión muy interesante. Todo el personal muy amable, y Diego nuestro guía, además muy interesado en que viésemos de todo. Ha sido una experiencia espectacular.",5.0,parque,civitatis,07/07/2024,Senderismo nocturno por una reserva natural de Manuel Antonio,positiva
"El sendero nocturno fue espectacular, vimos la rana verde de ojos rojos, tarántulas, la serpiente terciopelo, la serpiente gato, el falso camaleón de Costa Rica, un chotacabras, etc. Los guías fueron súper simpáticos y con muy buen ojo, no se les escapaba ningún animal para enseñar.",5.0,parque,civitatis,06/17/2024,Senderismo nocturno por una reserva natural de Manuel Antonio,positiva
"La actividad fue espectacular. Se respiraba mucha tensión ya que había que estar con las linternas constantemente mirando al suelo y a los árboles. Vimos muchísimos animales: Rana verde de ojos rojos, rana lechosa, serpiente de coral, escorpion, tarántula, araña errante, araña toro, araña patona, salamandra, cervatillo blanco, sapos.... El guía (Sergio) excelente ya que encontraba de todo y explicaba muy bien. 100% recomendable",5.0,parque,civitatis,01/19/2022,Senderismo nocturno por una reserva natural de Manuel Antonio,positiva
"Muy bueno el guía Jonny,vi serpiente,ranas,sapo toro, tarántulas,mapache, perezoso,etc.Gran enseñanza y vocación de Jonny,muy buenas fotos hicimos. Para repetir",5.0,parque,civitatis,07/16/2023,Senderismo nocturno por una reserva natural de Manuel Antonio,positiva
Excelente!!! Werley el guía muy agradable. Una experiencia inolvidable. Muy recomendable.,5.0,parque,civitatis,07/06/2026,Kayak y snorkel en la bahía de Biesanz,positiva
"Estuvo bien, aunque esperaba un poco más del snorkel",4.0,parque,civitatis,02/10/2026,Kayak y snorkel en la bahía de Biesanz,positiva
Nos lo hemos pasado muy bien! Hemos podido ver muchos peces de especies diferentes y aunque es un buen trayecto en kayak se lleva bien. Los guías muy atentos y profesionales.,5.0,parque,civitatis,12/31/2025,Kayak y snorkel en la bahía de Biesanz,positiva
"Estupenda mañana la que hemos pasado en compañía de Raúl que ha estado en todo momento al tanto de que lo pasaramos genial de 10, el mar estaba turbio y no pudimos ver muchos peces pero lo pasamos en grande. El baño en la playa y el tentempié muy refrescante y la comida como final de actividad también genial. Muy muy recomendable.",5.0,parque,civitatis,06/08/2025,Kayak y snorkel en la bahía de Biesanz,positiva
"La actividad ha estado genial!! Raúl ha sido un gran guía, además como no hemos podido ver muchos peces, por el tiempo que nos ha hecho, nos ha llevado a la playa y a ver una cascada que cae directamente al mar... La comida ha sido también de 10!!!",5.0,parque,civitatis,08/23/2024,Kayak y snorkel en la bahía de Biesanz,positiva
"Hoy hemos disfrutado de una actividad fantástica en el río Savegre y la experiencia no ha podido ser mejor. El entorno natural es simplemente espectacular: aguas cristalinas, vegetación exuberante y una sensación de paz difícil de describir. El equipo formado por Bryan, Michael y Andrés fue muy profesional en todo momento, atentos, cercanos y transmitiendo mucha seguridad. La organización estuvo impecable y nos sentimos acompañados y bien guiados durante toda la actividad.",5.0,parque,civitatis,02/21/2026,Rafting en el río Savegre,positiva
"Ha sido genial, Random de conductor. Bryan de ayudante y Mauricio de guía principal. Ha sido una pasada. Todo muy bien preparado, la experiencia de los rápidos brutal, lo conocen todos a la perfección y dan las indicaciones precisas. La parada en la cascada ha sido alucinante, incluido el desayuno. Muy recomendable.",5.0,parque,civitatis,06/22/2024,Rafting en el río Savegre,positiva
Muy recomendable. El descenso fue muy divertido.Parajes increíbles y la cascada que se visita de ensueño. Todos los guías súper amables esforzándose en que disfrutes en todo momento de la actividad especialmente Luis y nuestro guía Mauricio nos hizo sentir muy seguros en el descenso.,5.0,parque,civitatis,02/20/2024,Rafting en el río Savegre,positiva
"Espectacular día. Nuestros guías Jonathan y Luis excelentes, muy preocupados de nuestra seguridad y de que lo pasáramos genial todo el rato. El momento fruta bajo la cascada impresionante. El conductor Charly también fue muy amable. Finalizamos con un almuerzo típico que estaba buenísimo. 100% recomendable con esta empresa local (iguala tours).",5.0,parque,civitatis,01/18/2024,Rafting en el río Savegre,positiva
"La experiencia es increíble y divertida. Excelentes profesionales los que te acompañan, Charly como conductor, y Luis y Mauricio en el río. Desayuno, fruta en el río después de meterte en una cascada, y terminas con un almuerzo local. Sin duda, debes de hacerla si vienes a Manuel Antonio.",5.0,parque,civitatis,07/21/2023,Rafting en el río Savegre,positiva
Precioso recorrido por los manglares en un barco de la empresa Macha para nosotros solos. El guía Josué excelente. Vimos muchísimos animales y lo pasamos muy bien. El tour termina con cena en restaurante local. La mejor actividad en la zona de Manuel Antonio!!! Un 10,5.0,parque,civitatis,01/03/2022,Tour por los manglares de Manuel Antonio,positiva
"Una actividad que sin duda hay que hacer. Mauro nuestro guia super amable y comprometido. Vimos los manglares y con ellos diferentes animales: serpientes, cocodrilos, perezosos y monos cara blanca que vinieron a visitarnos a la barca. Todo una gran experiencia. Este tour para mi es obligado a hacerlo.",5.0,parque,civitatis,08/15/2021,Tour por los manglares de Manuel Antonio,positiva
"Espectacular. Lo mejor de Manuel Antonio. El guía Lalo es increíble. Nos llevo a conocer a su comunidad, ver la playa y probar agua de coco. Además de navegar los manglares y plantar nuestro propio manglareññ",5.0,parque,civitatis,08/16/2025,Tour por los manglares de Manuel Antonio,positiva
"El guía fenomenal, nos informo sobre muchos aspectos de fauna y flora. Nos invitaron a agua de coco, muy refrescante. Por desgracia no vimos muchos animales, pero así es la naturaleza.",4.0,parque,civitatis,05/27/2025,Tour por los manglares de Manuel Antonio,positiva
"Vimos un montón de animales , Mauro muy buen guía, nos explico perfectamente todo También nos dieron un agua de coco y nos enseñaron una playa cercana Totalmente recomendable!!",5.0,parque,civitatis,08/22/2024,Tour por los manglares de Manuel Antonio,positiva
Una experiencia inolvidable con nuestro guía Gilberto . Un trato de 10 y una persona de 10.,5.0,parque,civitatis,08/21/2024,Paseo a caballo a las cataratas Tocori,positiva
"Una experiencia hermosa montar a caballo hermosos paisajes y la ducha en la cascada muy buena, un trato agradable y una comida deliciosa",5.0,parque,civitatis,07/08/2024,Paseo a caballo a las cataratas Tocori,positiva
Una experiencia 100% recomendables. Los guías muy simpáticos y graciosos. Las tirolinas resultan muy divertidas con espectaculares vistas. Llegas a divisar los animales a tu alrededor. El desayuno típico delicioso.,5.0,parque,civitatis,02/18/2022,Tirolinas en Manuel Antonio,positiva
Una experienza inolvidable !,5.0,parque,civitatis,08/18/2021,Tirolinas en Manuel Antonio,positiva
Una experiencia que hay que vivir. 9 tirolinas con buenas vistas y los trabajadores muy amables y simpáticos. Repetiria sin dudarlo.,5.0,parque,civitatis,08/14/2021,Tirolinas en Manuel Antonio,positiva
Excelentes profesionales. Experiencia espectacular. Perspextiva de la selva desde las alturas.,5.0,parque,civitatis,08/05/2019,Tirolinas en Manuel Antonio,positiva
Nos encantó la excursión. Gabriel estuvo muy atento de nosotros e hizo que lo pasáramos genial.,5.0,parque,civitatis,10/19/2023,Tour en quad por Manuel Antonio,positiva
Muy bien el guía Carlos excelente pero no es un tour po Manuel Antonio,4.0,parque,civitatis,08/03/2023,Tour en quad por Manuel Antonio,positiva
"Très bien, très bon guide en françaisTraducir la opinión a español",5.0,parque,civitatis,01/08/2025,Excursión a Liberia y el Parque Nacional Santa Rosa,positiva
"Perfecto y encantadores, un gran paseo",5.0,parque,civitatis,04/02/2026,Paseo en barco y snorkel en las cuevas de Guanacaste,positiva
Reservación con la aplicación muy fácil . El equipo me ha llamado para decirme de nuevo la reservación con proposición de venir a nuestro hotel . Pero tenemos un coche . Sitio fácil a encontrar . Un equipo con Rey y su compañera excelente !!! Muchas gracias !!!!,5.0,parque,civitatis,01/24/2025,Tirolina en Limón,positiva
Very funny and nice staff!Traducir la opinión a español,5.0,parque,civitatis,11/25/2025,Tirolina en Limón,positiva
"El guía Esteven ha respondido a todas nuestras preguntas, muy ameno. Avistamiento de aves y aproximación a cocodrilos a muy corta distancia. Actividad muy muy recomendable.",5.0,parque,civitatis,06/30/2025,Safari de cocodrilos en la selva tropical,positiva
"Preciosa y los monitores encantadores, muy educados y muy eficientes en las explicaciones que nos dieron en el transcurso del viaje en el bote.Mi puntuación es un 10 y la recomendaría sin ninguna duda.",5.0,parque,civitatis,02/14/2024,Safari de cocodrilos en la selva tropical,positiva
"Actividad recomendable. El parque tiene muchas opciones y esta está bastante bien. Kevin fue muy simpático y agradable y nos enseñó junto con su compañero a cerca del café, el cacao y la caña. Muy divertido!",5.0,parque,civitatis,08/21/2023,Tour cultural por el Parque Diamante Eco,positiva
"Es una experiencia hermosa, recomendado. Vimos ardillas, mariposas, el árbol del tamarindo, panel de termitas, el árbol de la zona llamado Guanacaste. Excelente guías, una hora inolvidable.",5.0,parque,civitatis,09/28/2022,Paseo a caballo por el Parque Diamante Eco,positiva
"Excelente, fue muy divertida. Nunca había conducido un quad y la verdad es que gracias a la explicación del guía fue bastante sencillo. Lástima que dure tan poco, se me pasó volando. PD: En la actividad se da a entender que te acompañan en todo momento hasta el momento de realizar la actividad pero la verdad es que es un parque en el que tu mismo tienes que moverte hasta llegar a donde están las actividades (ir a recepción, te tienen que poner una pulserita, etc.). Es muy fácil.",5.0,parque,civitatis,08/20/2023,Tour en quad por el Parque Diamante Eco,positiva
"Nos hicieron un tour por el manglar, con un picnic de fruta y agua, luego nos llevaron al punto donde ver la bioluminiscencia, nos explicaron todo muy bien, la bioluminiscencia una pasada, muy recomendable ir en agosto (cuando hay mayor actividad) aunque el resto del año es increíble igual. William nos hizo el tour y fue muy amable y simpatico, 100% recomendable",5.0,parque,civitatis,05/10/2024,Tour del plancton luminiscente en Playa Muertos,positiva
"Muy buena ubicación, en un barrio bastante tranquilo, pero se puede ir caminando al centro. Estuvimos en dos habitaciones individuales sencillas pero correctas. No tenían nevera, pero había un espacio con nevera y otros servicios a disposición. Lo mejor, el desayuno y compartirlo con Damaris, la dueña. Gallo pinto riquísimo y buen café. Como yo no como huevo Damaris se preocupó en ofrecerme otra cosa junto a una buena e interesante charla, como en casa. Llegamos antes de lo estimado y fue difícil encontrar la casa (en Costa Rica las casas no tienen un número), tampoco cogían el teléfono. Recalcar que era domingo y Damaris aún no estaba en la casa, llegamos antes de lo que habíamos indicado. Ambiente tranquilo, sólo distorsionado durante la noche en que otros dos huéspedes se reunieron a hablar sin parar. Yo dormí bastante bien, pero mi pareja un poco incómodo; en la cama había varios colchones apilados y durmió inclinado. Pero cualquier malestar disipado con el buen desayuno y amabilidad de Damaris.",5.0,hotel,google_maps,Hace 4 años,La Casa de Mamá Coyita,positiva
"Era un hotel de paso, en el camino entre La Fortuna y Caribe. Se trata de un hostal habilitado en una antigua casa familiar, con habitaciones que dan a un patio. Las habitaciones son muy sencillas. En mi caso una individual pequeña. Estaba manchado él cubrecamas y me lo cambiaron en seguida. La cama muy blanda para mi gusto, el baño súper básico. Resistencia para el agua caliente. Por segunda vez en el viaje me duché con agua tirando a fría y sin presión en la ducha. De desayuno Gallopinto, no es mi plato favorito pero esto ya va a gustos. Muy amable la dueña que se esforzó por nosotros y nos acompañó en el café . Compartimos experiencias del viaje y aprendimos algo más sobre Costa Rica. El hotel es económico.",3.0,hotel,google_maps,Hace 3 años,La Casa de Mamá Coyita,neutral
"Lugar muy acogedor gracias a su anfitriona. Es un alojamiento en su propia casa que alquila habitaciones. Es un lugar tranquilo, agradable, limpio y donde puedes dejar el coche aparcado, pero es mejor avisar previamente. No hubo nada que no nos gustase pues es una estancia acogedora. Quizás no esté en una zona céntrica pero eso no importaba. La hospitalidad de la anfitriona fue muy buena y estuvimos siempre como en casa.",5.0,hotel,google_maps,Hace 2 años,La Casa de Mamá Coyita,positiva
"Lugar hermoso e impecable con una gran atención de la dueña, te hace sentir como en casa, además que prepara un desayuno típico muy rico. En buena ubicación Cartago es pequeño por lo que caminando puedes hacer el recorrido. Muy recomendable.",5.0,hotel,google_maps,Hace 6 años,La Casa de Mamá Coyita,positiva
"Alojamiento a 5 minutos del centro de Cartago. Es un bed and breakfast en una linda casa tradicional. Interiores que ilustra el hogar típico costarricense. Turista: encontrará mucha conveniencia en su hospedaje aquí, ya que está cerca del centro de la provincia, a pocos minutos a pie de las principales estaciones y paradas de autobuses a lugares turísticos de Cartago. Profesionales: Un lugar de confianza ideal como alojamiento donde hospedarse en sus giras por Cartago. La casa de Mamá Coyita ha dado este servicio por años, así que podrá encontrar excelentes recomendaciones sobre el lugar y su afintriona.",5.0,hotel,google_maps,Hace 7 años,La Casa de Mamá Coyita,positiva
"Un lugar muy tranquilo y cómodo si tiene que quedarse uno en Cartago, el precio es muy bueno y las habitaciones muy cómodas. Tiene baño privado y Damaris es muy atenta y amable.",5.0,hotel,google_maps,Hace 7 años,La Casa de Mamá Coyita,positiva
"Hemos estado muy a gusto alojados en esta casa costarricense. Muy limpio, un desayuno muy bueno y una compañía y recibimiento muy agradables. 100% recomendable.",5.0,hotel,google_maps,Hace 7 años,La Casa de Mamá Coyita,positiva
"Super recomendado, volvería siempre que visite Cartago, nadie debería perderse la experiencia de hospedarse en un lugar donde te dan cosas que el dinero no puede comprar",5.0,hotel,google_maps,Hace 2 años,La Casa de Mamá Coyita,positiva
"Wow quede encantada, con lugar, acogedor, Damaris una excelente anfitriona, lugar con calidez hogareña, me encantó la afinidad de conectar sin tener referencia, espero volver a Cartago y disfrutarlo nuevamente.",5.0,hotel,google_maps,Hace 4 años,La Casa de Mamá Coyita,positiva
"Lindo hospedaje, lugar super tranquilo que se disfruta de total privacidad, confianza y trato amable por parte de la administración",4.0,hotel,google_maps,Hace 5 años,La Casa de Mamá Coyita,positiva
"El lugar es muy acogedor, hogareño. El trato es excelente y una muy buena comida tradicional.",5.0,hotel,google_maps,Hace 7 años,La Casa de Mamá Coyita,positiva
"Excelente lugar para hospedarse, muy acogedor y bello.",5.0,hotel,google_maps,Hace 5 años,La Casa de Mamá Coyita,positiva
Muy tranquilo el lugar,5.0,hotel,google_maps,Hace 7 meses,La Casa de Mamá Coyita,positiva
Un lugar increíble acogedor con mucha historia me encantó,5.0,hotel,google_maps,Hace 5 años,La Casa de Mamá Coyita,positiva
"Excelente atención, bellas habitaciones y buen trato",5.0,hotel,google_maps,Hace 7 años,La Casa de Mamá Coyita,positiva
"Un lugar maravilloso, cálido, se siente como estar en casa.",5.0,hotel,google_maps,Hace 6 años,La Casa de Mamá Coyita,positiva
Relación precio-calidad debería ser más barato.,4.0,hotel,google_maps,Hace 2 años,La Casa de Mamá Coyita,positiva
Excelente lugar!! Que bella casa!!!,5.0,hotel,google_maps,Hace 7 años,La Casa de Mamá Coyita,positiva
Amable atención,5.0,hotel,google_maps,Hace 8 meses,La Casa de Mamá Coyita,positiva
Lugar tranquilo para hospedarse,5.0,hotel,google_maps,Hace 7 años,La Casa de Mamá Coyita,positiva
"La mejor atención, limpieza y buena ubicación",5.0,hotel,google_maps,Hace 4 años,La Casa de Mamá Coyita,positiva
Es como estar en Casa! Me encanta!,5.0,hotel,google_maps,Hace 7 años,La Casa de Mamá Coyita,positiva
"Hermosa, acogedora y cálida",5.0,hotel,google_maps,Hace 7 años,La Casa de Mamá Coyita,positiva
Casa con encanto,4.0,hotel,google_maps,Hace 4 años,La Casa de Mamá Coyita,positiva
"La Basilica, restaurantes y tiendas solo caminando. Los anfitriones siempre pendientes. El wifi muy conveniente. El desayuno con frutas frescas y tipico tico y el mejor cafe del mundo. Las campanadas de la Basilica durante el dia le dan ese toque de sobriedad unico.",4.0,hotel,google_maps,Hace un año,Casa Mora Bed and Breakfast,positiva
"1. Las comodidades de la instalación al momento de ingresar. 2. La atención brindada por el personal es excelente, siempre muy atentos. 3. Las habitaciones son cómodas, ordenadas y limpias. 4. El desayuno, presentación un 10/10 y calidad. Para ser nuestra primera vez en el lugar, quedamos muy satisfechos con todo, lo cual recomendamos al 100% Casa Mora Bed and Breakfast",5.0,hotel,google_maps,Hace 3 años,Casa Mora Bed and Breakfast,positiva
"El mejor lugar para hospedarse en Cartago. Limpio, muy agradable ambiente y personal muy amable y comprometido. Es mi lugar favorito para hospedar mis visitas que vienen del extranjero. Nunca me dan quejas.",5.0,hotel,google_maps,Hace 3 años,Casa Mora Bed and Breakfast,positiva
"Reservamos acá y llamamos al teléfono que sale acá y en el rótulo (llegamos físicamente al lugar) y me trataron pésimo. Me dinero que era una casa de habitación y me cortaron el teléfono sin oportunidad de pedir disculpas ni nada. Si reservan pidan más información, pero llegar físicamente al lugar no es garantía, porque tocamos la puerta y el timbre y nadie nos atendió. Pésimo.",1.0,hotel,google_maps,Hace un año,Casa Mora Bed and Breakfast,negativa
Un lugar extraordinario. El calor humano y atención del personal fueron estupendos creo que mejor que en casa. La comida deliciosa . Volveremos pronto. Gracias.,5.0,hotel,google_maps,Hace 3 años,Casa Mora Bed and Breakfast,positiva
"Me atendió una mujer desabrida de mal humor. Antes de entrar y pagar, salimos asustados.",1.0,hotel,google_maps,Hace un año,Casa Mora Bed and Breakfast,negativa
Los clientes que se han hospedado en el lugar comentan que el lugar es muy agradable y el desayuno muy bueno.,4.0,hotel,google_maps,Hace 7 años,Casa Mora Bed and Breakfast,positiva
Me encantó porque Auxiliadora cocina divino y te atiende con mucho amor!!,5.0,hotel,google_maps,Hace 7 años,Casa Mora Bed and Breakfast,positiva
"Hotel bonito, muy tranquilo atendido por los dueños de la casa",5.0,hotel,google_maps,Hace 7 años,Casa Mora Bed and Breakfast,positiva
Pésima atención,1.0,hotel,google_maps,Hace 7 años,Casa Mora Bed and Breakfast,negativa
"Un sitio espetacular con una anfitriona insuperable Berna super simpática amable y sonriente, junto a Alejandra y la linda Sol, te hacen realmente sentir en casa. La habitación hiper limpia y super linda y cómoda al igual el baño y toda la casa, el desayuno estupendo típico costarricense hecho en casa con amor y dedicación.La ubicación estupenda muy cerca del volcán Irazu y el Turrialba. Además muy cerca hay supermercados y una chicharroneria super sabrosa y muy acojedora, con comidas típicas y jugos deliciosos. Tiene espacio para estacionar el auto dentro del patio Recomiendo el sitio 100% Te encantará el sitio y conocer a Berna Alejandra y a Sol son un encanto !!",5.0,hotel,google_maps,Hace un año,Casa Irazú,positiva
"Las habitaciones son muy cómodas y muy completas, todo estaba muy limpio y ordenado, la habitación tenía una pantalla grande con acceso a Netflix, etc., la ubicación genial a menos de 1 hora del Volcán, y el parqueo amplio y seguro, además que la amabilidad en recepción fue muy buena. Hice la reservación por WhatsApp y todo super bien. Un detalle, uno de los colchones parecía estar al revés (la base hacia arriba), estaba muy duro, no hubo chance de preguntar en recepción porque ya era muy tarde y entendimos que había nadie. El restaurante de la par es super bueno, visitamos el hotel cuando había una promoción que la noche incluía el almuerzo para 2 personas. Tanto el desayuno incluido como el almuerzo de promoción fueron excelentes. Lo recomiendo 100%!",4.0,hotel,google_maps,Hace 6 meses,Hotel Las Brumas,positiva
"Tiene tres modalidades de habitaciones. Pasillo, terraza, especial para discapacidades. Las habitaciones sin muy limpias, las camas muy confortantes y paredes modernas. No tiene aire acondicionado pero por la ubicación del lugar casi no se necesita. El ambiente es muy agradable y servicios muy buenos. A 3 min del centro de Cartago y cerca del volcán Irazú y Sanatorio Duran. El restauran Mi Tierra es una muy buena opción para degustar comida típica.",4.0,hotel,google_maps,Hace 10 años,Hotel Las Brumas,positiva
"Lugar tranquilo para descansar, cerca del centro de Cartago (en carro) el restaurante es muy bueno, la atención del personal es amable y muy buena",5.0,hotel,google_maps,Hace un mes,Hotel Las Brumas,positiva
Muy bonito lugar. La comida muy rica y la preparan rápido. El carro queda muy seguro. Pero algunas cosas que no me gustaron. No hay agua caliente. Las ventanas son de celosías y hay varias quebradas y x ahí se meten los mosquitos. Y lo peor es el desorden y el ruido que hacen los del personal. No respetan que hay gente durmiendo. Fuera de esos detalles la habitación es hermosa.,4.0,hotel,google_maps,Hace un año,Hotel Las Brumas,positiva
"El hotel es muy bonito y la comida del restaurante buena, pero lamentablemente hay habitaciones en las que no se puede dormir por el ruido que hace el mismo personal desde temprano, no respetan, gritan y hacen ruido constante. Se reportó a la recepción y se nos contestó de forma grosera y negativa. Lástima el lugar, pero no saben atender adecuadamente las quejas y solicitudes de los clientes.",3.0,hotel,google_maps,Hace un año,Hotel Las Brumas,neutral
"Excelente servicio del personal del hotel y también del restaurante al costado del mismo. Hay de todas las comodidades, también es muy limpio y ordenado y bien equipado. Esta en un punto equidistante lo cual lo hace muy estratégico para hospedarse por turismo, negocios, trabajo, etc. Además la vista al valle del Guarco es muy bonita. Muy recomendable este lugar.",5.0,hotel,google_maps,Hace un año,Hotel Las Brumas,positiva
"En el hotel de seguro estaban realizando algún trabajo y durante toda la noche y madrugada del segundo día que estuve hospedado fue terrible, en la habitación de la par entraban salían hablaban muy fuerte, malas palabras, carcajadas y al ser el piso de madera era como tenerlos dentro de la misma habitación, durante toda la noche no permitieron dormir.",2.0,hotel,google_maps,Hace 10 meses,Hotel Las Brumas,negativa
"El servicio fue extremadamente deficiente. Mi pareja y yo viajamos largas horas después de consultar con el hotel sobre precios y disponibilidad. Nos ofrecieron una tarifa que consideramos razonable, y decidimos continuar el viaje. Sin embargo, al llegar, la recepcionista nos informó que el precio había aumentado. Nos quejamos porque el precio inicial nos parecía justo, pero tuvimos que buscar otro lugar para hospedarnos debido a la hora tan tardía. Les pido que establezcan tarifas fijas y claras para evitar hacer perder el tiempo de los clientes.",1.0,hotel,google_maps,Hace un año,Hotel Las Brumas,negativa
"Excelente lugar, bastantante limpia la habitación, incluye un buen desayuno y puedes desayunar a la hora desees en fin volvería a ir...",4.0,hotel,google_maps,Hace un año,Hotel Las Brumas,positiva
"Nunca salió agua caliente caliente no se que pasó estaba dañado seguramente por que en otros comentarios decían que si había, y si se escucha mucho ruido de las otras habitaciones por el resto bien la vrd muy bonitas las habitaciones y muy limpias.",2.0,hotel,google_maps,Hace 2 años,Hotel Las Brumas,negativa
"Buen hotel con una vista espectacular. El servicio fue siempre bien cordial. Tiene el restaurante para desayunos y cenas al lado. Lo unico es que Los cuartos no tienen aire acondicionado ni calefacción, pero la temperatura en el area es bien agradable. La TV tiene Netflix y otros programas. Muy agradable la estadía.",4.0,hotel,google_maps,Hace 4 años,Hotel Las Brumas,positiva
"El hotel es sencillo pero con las comodidades necesarias. Es el hotel más cercano al Volcán Irazú y demás atractivos de la zona.||El desayuno es bueno, al igual que el servicio.||Las habitaciones limpias y se descansa muy bien.||El restaurante entre semana lo cierran a las 9:15pm ni un minuto después, así que si por algún motivo se llega tarde al hotel, lo ideal sería ir de inmediato al restaurante, para evitar se atendido de mala gana.||Hay un supermercado a 200 metros, lo cual valoré mucho en este viaje porque olvidé algunas cosas de aseo personal.",4.0,hotel,google_maps,Hace 9 años,Hotel Las Brumas,positiva
"Todo limpio, excelente atención al cliente, comida deliciosa, la reserva incluye desayuno qué es 10 de 10. Encantada y deseando volver.",5.0,hotel,google_maps,Hace un año,Hotel Las Brumas,positiva
"Me agrado hospedarme en este hotel. La recepcionista nos recibió muy bien,nos dio la información y la atencion fue muy buena.Las habitaciones ,bien acondicionadas,pero las paredes son de madera,y todos los ruidos pasan de una habitación a otra,haciendo incómodo el tiempo en ella.",3.0,hotel,google_maps,Hace 2 años,Hotel Las Brumas,neutral
Las habitaciones no tienen el aislamiento adecuado unas con otras por el material de construcción esto haces que sea poco privado. Si llevas maletas grandes no hay servicio de botones y en el segundo piso debes cargar tus maletas y son más de 15 escaleras,3.0,hotel,google_maps,Hace 3 años,Hotel Las Brumas,neutral
"Las Habitaciones sencillas pero comodas, sin embargo me toco una habitación con tv en mal estado y sumamente pequeño, llame a recepción y la muchacha muy atenta, solo me dijo que el tv esta malo y no podía hacer nada, y NO HICIERON NADA igual que el resto del personal del HOTEL muy gentil,porque el Restaurante todo lo contrario muy poco personal y por eso es tanta la espera para ir a comer y otra fila para ir a pagar, sin embargo la comida es buena. Debes de salir del hotel para ir al restaurante y no tienen servicio en la habitación, y si quieres llevar comida a la habitación en desechables Recalco la recepción un .",3.0,hotel,google_maps,Hace 6 años,Hotel Las Brumas,neutral
Un poco de bulla innecesaria y evitable desde temprano en la mañana. Muy aseada la habitación y con lo necesario. Excelente desayuno en Mi Tierra,4.0,hotel,google_maps,Hace 3 años,Hotel Las Brumas,positiva
"estuve allí por 3 noches, me gusto mucho obviamente no era alguien que buscaba estrellas en el hotel, pero tiene lo necesario, una buena cama, bonita vista, cocina para huespedes, es limpio y da un ambiente de confianza.",4.0,hotel,google_maps,Hace 12 años,Hotel Las Brumas,positiva
"Si lo que espera es descansar bien o pasar una tranquila noche aquí, es lo que menos va a tener.|En este Hotel Las Brumas , no es un hotel apto para familias y mucho menos para niños, como la imagen que intentan vender.|Por las noches se escucha de todo, lo mejor es no visitar ese lugar.",1.0,hotel,google_maps,Hace 3 años,Hotel Las Brumas,negativa
"Este hotel, a pesar de ser un poco costoso creo que le falta mejorar, las habitaciones de terraza son bastante pequeñas y el baño también, las pareces son livianas y se escucha lo que hablan los vecinos de la otra habitación...|Cabe rescatar que tiene buen wifi y el muchacho de la recepción es súper atento y muy servicial.",3.0,hotel,google_maps,Hace 6 años,Hotel Las Brumas,neutral
"En realidad es un hotel que recomiendo; empezando por el aseo, es bastante tranquilo ademas, la vista es realmente bonita, el servicio muy bueno, el restaurante me encantó, iría una vez más con el fin de volver a degustar las comidas...en conclusión, mi pareja y yo la pasamos exquisito",4.0,hotel,google_maps,Hace 11 años,Hotel Las Brumas,positiva
"Mucho ruido a la par de las cabanas... creo que es por no ser la paredes de concreto, las camas hacen mucho guido creo que las camas o los colchones son muy viejos con respecto al resto muy buen servicio y el equipo de limpieza Super atentos.... Gracias de todas formas escribo esto para mejorar ya que es una zona con mucho potencial...... Gracias..",3.0,hotel,google_maps,Hace 4 años,Hotel Las Brumas,neutral
"Bien ubicado para mis visitarás en la zona, habitaciones cómodas y personal amigable;|El desayuno es bueno y muy típico de CR|Y el agua en dulce y las chorreadas son muy buenas ! Cerca de restaurantes y el tiene su propio restaurante también de comida típica!",3.0,hotel,google_maps,Hace 7 años,Hotel Las Brumas,neutral
"El hotel es muy acogedor, cuenta con habitaciones y con cabañas, está en una zona fría, el hotel es rústico, la atención es buena, la comida es deliciosa, los desayunos son deliciosos, las cabañas están equipadas con todo lo necesario para hacer uno mismo sus cosas.",4.0,hotel,google_maps,Hace 10 años,Hotel Las Brumas,positiva
Al reservar nos dieron un precio y al momento del check-in no cobraron otro mucho mas elevado decidimos no hospedarnos,1.0,hotel,google_maps,Hace un año,Hotel Las Brumas,negativa
"Excelente hotel, una hermosa vista. Súper fácil de reservar directamente con ellos o con booking. Todo súper especificado y hasta con desayuno incluido. Súper recomendado",5.0,hotel,google_maps,Hace 5 años,Hotel Las Brumas,positiva
Muy bueno todo excelente lugar para hospedarte trabajando,5.0,hotel,google_maps,Hace un año,Hotel Las Brumas,positiva
"Es un hotel bonito para quedarse en Cartago ó si desea visitar los alrededores.||Tiene un parqueo seguro para los vehículos, instalaciones agradables y lo mejor de todo es que incluye el desayuno en el restaurante Mi Tierra que es realmente delicioso.",4.0,hotel,google_maps,Hace 10 años,Hotel Las Brumas,positiva
Acogedor. Lugar ideal para tener una linda vista de Cartago y hospedarse sin preocupaciones. Cerca está el restaurante mi tierra del cual pueden degustar comidas típicas del país.,5.0,hotel,google_maps,Hace 7 años,Hotel Las Brumas,positiva
"Tranquilo, acogedor, muy buena ubicación para subir al volcán Irazú, los jardines Lancaster y todos los atractivos de la ruta al volcán.",5.0,hotel,google_maps,Hace 2 años,Hotel Las Brumas,positiva
La atención muy buena y las habitaciones sencillas pero cómodas... es un punto estratégico para desplazarse a diferentes lugares de Cartago.,4.0,hotel,google_maps,Hace 8 años,Hotel Las Brumas,positiva
"El servicio muy bueno, las muchas de recepción muy amables, estas cerca del centro, buen parqueo, estancia muy pacífica.",5.0,hotel,google_maps,Hace 2 años,Hotel Las Brumas,positiva
La atencion de el personal tanto de el hotel como de sus alrededores son impresionantes se siente la calidez humana algo para admirar de la gente de costarrica pura vida,5.0,hotel,google_maps,Hace 9 años,Hotel Las Brumas,positiva
Se come delicioso en el restaurante,5.0,hotel,google_maps,Hace 6 meses,Hotel Las Brumas,positiva
Muy bonitas las habitaciones estilo estudio amplias limpias y muy elegantes,5.0,hotel,google_maps,Hace 2 años,Hotel Las Brumas,positiva
"Un hotelito sencillo pero acogedor.||El Hotel las Brumas en Cartago, es acogedor, pero preparate para el frio.||Por su altura es frio en las noches, vas a usar las mantas.||Muy bueno el desayuno en el Restaurante.",4.0,hotel,google_maps,Hace 10 años,Hotel Las Brumas,positiva
Buena atención y servicio. A Habitación limpias Rico desayuno,4.0,hotel,google_maps,Hace 2 años,Hotel Las Brumas,positiva
Tiene varios tipos de habitaciones Es muy limpio El personal muy amable Precios accesibles,4.0,hotel,google_maps,Hace 2 años,Hotel Las Brumas,positiva
"Muy buena atención, se preocupan por que uno este bien, el lugar es agradable y tiene una linda vista a la ciudad de Cartago.",5.0,hotel,google_maps,Hace 8 años,Hotel Las Brumas,positiva
Si me encantó. Limpio Buena atención y el Desayuno perfecto.,5.0,hotel,google_maps,Hace 8 años,Hotel Las Brumas,positiva
Un lugar cómodo y tranquilo para descansar cuando se va de paso por Cartago y muy buena atención.,5.0,hotel,google_maps,Hace 8 años,Hotel Las Brumas,positiva
"Las habitaciones que nos dieron eran de paredes que no aíslan el ruido, a la media noche llegaron los vecinos y mucho ruido",3.0,hotel,google_maps,Hace 4 años,Hotel Las Brumas,neutral
"Excelente lugar, buena atención y un parquesito para niños con una vista hermosa.. super recomendado!!",4.0,hotel,google_maps,Hace 4 años,Hotel Las Brumas,positiva
"Excelente habitaciones, buen ambiente y el clima perfecto para descansar",4.0,hotel,google_maps,Hace 5 años,Hotel Las Brumas,positiva
"Muy buen hotel. buena atención, Buena instalación y muy cómodo. Recomendado",5.0,hotel,google_maps,Hace 9 años,Hotel Las Brumas,positiva
"Excelente lugar para hospedarse, muy buen servicio!!!",5.0,hotel,google_maps,Hace 11 años,Hotel Las Brumas,positiva
Es tranquilo. Confortable y cómodo para mas de una persona.,4.0,hotel,google_maps,Hace 10 años,Hotel Las Brumas,positiva
"Excelente atención, precios muy cómodos, habitaciones espaciosas ,en resumen excelente.",5.0,hotel,google_maps,Hace 6 años,Hotel Las Brumas,positiva
"Excelente atención, muy seguro y cerca de lugares turisticos!",5.0,hotel,google_maps,Hace 10 meses,Mi Barrio Hospedaje,positiva
"Mi experiencia no fue la esperada. El glamping que me entregaron no fue el que reservé y, aunque luego accedieron a cambiarnos, como había pagado decoración adicional por un cumpleaños, tuvimos que dejar el espacio completamente limpio y retirar toda la decoración tal y como nos lo solicitaron porque supuestamente tenían otro huésped en espera. Sin embargo, nunca ingresó nadie. Tampoco respetaron el cambio que solicité desde la reservación (sustituir el vino por una sangría). Además, prometieron enviar una pizza como compensación por los inconvenientes y nunca cumplieron, dejándonos sin respuesta. El lugar tiene una vista bonita y buena ubicación, pero en general se percibe algo descuidado y con falta de mantenimiento, lo cual no corresponde al precio que se paga. Ojalá puedan mejorar estos aspectos.",3.0,hotel,google_maps,Hace 5 meses,Tocuma Glamping,neutral
"Por dicha me doy cuenta antes de hospedarme que el servicio al cliente es de lo peor que he visto. Les escribí desde sábado en la noche, yo entiendo que a la hora que les escribí es fuera del horario de servicio. Pero no me respondieron en todo el domingo ni lunes por la mañana. Les vuelvo a escribir preguntando por disponibilidad para una fecha, me responden y me dice que si tienen espacio, a lo que de inmediato les respondo que con cuánto reservo y no me contestan por dos horas. Cuando les digo que el servicio al cliente es malo, me responden que se reserva con el 50% pero que justamente se les acaba de llenar y ya no tienen disponibilidad para la fecha en que inicialmente me dijeron que si tenían espacio unas horas antes. Gracias por esa respuesta, asi me evité el mal rato y la mala experiencia de quedarme en este lugar. Mi recomendación es ver las opiniones sobre servicio al cliente que hablan por si solas, además de la respuesta a las reseñas",1.0,hotel,google_maps,Hace 6 meses,Tocuma Glamping,negativa
"El lugar es muy lindo, está bien equipado y cuidado. Tiene un gran potencial. Sin embargo, el servicio al cliente y la administración no está bien, una vez que se hace el depósito total se desentienden por completo. Tuvimos un problema de música fuerte en el glamping de la par y no tuvimos respuesta por parte de la administración. Tuvimos que irnos a horas de la noche porque era imposible dormir con ese ruido. Al final perdimos la noche, el desayuno y todo el tiempo de traslado teniendo solamente una “disculpa” de lo sucedido al día siguiente a las 10 am.",2.0,hotel,google_maps,Hace 10 meses,Tocuma Glamping,negativa
"Un lugar hermoso y accesible aún para automóviles. La habitación estaba limpia al igual que al baño, y la cocina estaba bien equipada. Los jardines están bien cuidados y además de esto el servicio al cliente fue bueno y disponible a mis inquietudes.",5.0,hotel,google_maps,Hace un año,Tocuma Glamping,positiva
"¡Atención! Este lugar no es pet friendly. Tienen dos pastores belga que atacan a otros perros, provocando lesiones graves. Los dueños no se hacen responsables por lo ocurrido. Si estás pensando en hospedarte con tu mascota, te recomendamos buscar otra opción para evitar situaciones peligrosas.",1.0,hotel,google_maps,Hace un año,Tocuma Glamping,negativa
"El mejor lugar que he ido en forma unica de domo, super amigables, son per friendly y ademas tienen un Pastor cuidador y super noble, tengo 2 corgis y un salchicha, mi deber fue preguntar sobre el perro y que lo vi en fotos y me asustó, sin embargo los dueños llegaron e hicimos interaccion, al final mis noches y mis perros fueron y estuvieron increibles. Asumir sin preguntar, es un deber, no un derecho. Excelente lugar 100% recomendado",5.0,hotel,google_maps,Hace un año,Tocuma Glamping,positiva
"Excelente lugar, tuve el placer de quedarme un fin de semana y la vista y el lugar fueron increíbles, mega recomendado para ir en pareja y fui con mis perritos que se divergieron un montón. Me gustaría más opciones de desayuno como almuerzo o cena.",5.0,hotel,google_maps,Hace un año,Tocuma Glamping,positiva
"El lugar es simplemente hermoso, tiene mucho potencial. Vista hermosa, full equipado. Tiene un sistema de ingreso al lugar muy moderno a partir de claves donde no se necesita que nadie reciba ni despida a las personas. (Cosa buena y no tan buena dada la carencia de comunicación y amenidad por otros medios) Es lamentable que el servicio al cliente sea tan malo. Por esa razón no volvería, fue realmente desgastante tratar de obtener respuestas prontas o seguimiento de las preguntas que realizaba. Por otro lado, tienen un perrito hermoso que cuida la finca, sin embargo nos dimos cuenta hasta que llegamos al lugar y un perro gigante llegó a nuestro glamping. Realmente nos asustamos, nadie nos alertó que había un perro, por más amigable que fuera, nos asustamos. El perro ladró toda la noche y madrugada y fue imposible dormir. No hubo un mensaje o seguimiento de satisfacción de la experiencia por parte de los administradores. El agua del jacuzzi nunca calentó por lo que fue imposible utilizarlo dado que el lugar es realmente frío. Este lugar es una joya, lástima que la administración sea indiferente a temas tan relevantes.",2.0,hotel,google_maps,Hace 2 años,Tocuma Glamping,negativa
"Excelente servicio al cliente, fue bastante rápido y fácil realizar la reservación. La habitación se encontraba impecable y la comida estaba deliciosa. Definitivamente volveremos pronto.",5.0,hotel,google_maps,Hace un año,Tocuma Glamping,positiva
I went to visit the place because I wanted to book for couple of days and they didn't allow me to go inside. I went with my newborn and they didn't want to open the gate for us!! Worse place ever! Fui a visitar el lugar porque quería reservar por un par de días y no me dejaron entrar al lugar. Fui con mi bebe recien necido para ver si la habitacion era apta para el (o ver que cosas tengo que llevar conmigo) y no nos quisieron abrir el porton principal para ingresar!!! El peor servicio!!,1.0,hotel,google_maps,Hace un año,Tocuma Glamping,negativa
"Recomiendo este lugar a ojos cerrados, la vista, la tranquilidad, las instalaciones, la privacidad, el desayuno que incluyen muy rico . Hace mucho frío en la noche, si usan el jacuzzi en la noche prepárense para sufrir cuando vayan a salir porque el frío es demasiado. Recomiendo llevar ropa caliente para la noche pero fresca para el día que si hace calor. Vale cada centavo",5.0,hotel,google_maps,Hace 2 años,Tocuma Glamping,positiva
"Una excelente opción para salir de la rutina y muy cerca de San José, las instalaciones son super bonitas y muy cuidadas, hay mucha privacidad, perfecto para descansar y desconectarse del estrés diario.",5.0,hotel,google_maps,Hace un año,Tocuma Glamping,positiva
"Excelente experiencia, tanto el proceso de reserva como la estancia, lo disfrutamos mucho, tanto el servicio como el lugar, 100% recomendado para una escapada con la pareja en un ambiente tranquilo y relajado.",5.0,hotel,google_maps,Hace un año,Tocuma Glamping,positiva
"Es una empresa con falta de seriedad, uno pone un mensaje y duran en contestar o hasta te dejan en visto, después que se a cancelado parte del servicio. Aparte que con certificado médico, y con fotos de que no se podía asistir a la reservación y aun así no quisieron ni devolver el dinero o aplazar la reservación.",1.0,hotel,google_maps,Hace 2 años,Tocuma Glamping,negativa
"Total basura, pésimo servicio al cliente, solo les gusta recibir el dinero pero no brindar soluciones, imposible obtener una respuesta de parte de ellos, ofrecen re agendamiento que no cumplen, esperan a que llegue la fecha acordada desde el inicio y se quedan con el dinero. El anfitrión es imposible de contactar y para todo pone a dar la cara a la de servicio al cliente que ni siquiera ayuda en nada. “La comarca Glamping Dome“ mucho mejor.",1.0,hotel,google_maps,Hace 2 años,Tocuma Glamping,negativa
"Decepcionante y poco empáticos con las situaciones de los demás, tratamos de reagendar por un accidente que sufrió un familiar y nos dejaron en visto, perdimos más de 200.000 colones, osea, todo el dinero de la reservación por no querer reagendarnos, consultamos igual si tenían las instalaciones acceso para discapacitados porque mi familiar está con un yeso en la pierna y nos ignoraron por completo, SON UN ASCO DE EMPRESA, CUIDADO CON ESTAS RATAS!!!!",1.0,hotel,google_maps,Hace 2 años,Tocuma Glamping,negativa
"Una vista espectacular, el lugar es privado, excelente clima y bien servicio al cliente Super recomendado",5.0,hotel,google_maps,Hace un año,Tocuma Glamping,positiva
"Son unos ladrones, nos dejaron en visto cuando tratamos de reagendar por un accidente familiar, nos ofrecieron el cambio de fechas y aun así dejaron de contestar, perdimos todo el total del dinero de la reservacion, además solo hay un número de WhatsApp y nunca contestan, CUIDADO CON ESTOS LADRONES!!!",1.0,hotel,google_maps,Hace 2 años,Tocuma Glamping,negativa
Buena opción para pasar la noche y luego seguir su camino. Las muchachas muy atentas a cualquier solicitud. Una de las duchas estaba dañada pero la arreglaron durante el día.,4.0,hotel,google_maps,Hace 10 meses,Hotel Los Angeles Lodge,positiva
"Confiamos en la guía de Lonely Planet, que de ella decía: ""este aceptable b&b con balcones que dan a la plaza de la basílica, destaca por sus cómodas y espaciosas habitaciones, sus duchas de agua caliente y sus copiosos desayunos"".||||En nuestro caso, nos cogió una fuerte tormenta y se nos hizo de noche en carretera. Nos tuvo que ayudar la policía para encontrar este lugar porque si no nos hubiera tocado dormir dentro del coche. La recepción la hicimos dentro del bar-pub situado debajo del B&B. La encargada nos dijo que sólo había una habitación, y en las condiciones en que estábamos aceptamos de buen gusto dormir bajo un techo. ||||El cuarto donde nos hospedamos no pasaba de tres metros cuadrados. Sólo cabían dos camas y un cuartito para la ducha y el aseo. Al abrir las camas, encontramos restos de pan, las sábanas sin estirar, pelos de distintas partes del cuerpo... El somier lo formaban cuatro tablas mal cortadas. No había espacio para armarios, sino que eran cuatro tablones repintados de blanco ""vestían"" la pared del fondo, al lado de unas cortinas que fueran lavadas por última vez el día de la reconquista; las perchas eran cuatro, viejas, de alambres a los que apenas quedaba la cubierta de plástico. Por no limpiar, había hasta pertenencias del anterior huésped sobre una de las baldas que hacían de armarios. La ducha de agua ""caliente""... consistía en un mecanismo adoptado en el mismo grifo, con los cables eléctricos parcheados y a la vista, y que hacía de termo ""portatil"" aunque apenas entibiaba el agua. ||||De haber llegado con tiempo, tras ver todo esto, hubiéramos desechado esta habitación, pero tal y como llegamos, tras horas de tensión y tormenta atravesando el Cerro de la Muerte , nos sentimos hasta contentos de poder dormir en una cama. ||||A la mañana siguiente, tras sacar la foto que adjunto (lo mejor, sin duda, la vista a la Basílica), atravesé el pasillo (la habitación en la que nos quedamos era la primera). Para nuestra sorpresa y enojo, había varias habitaciones con las puertas abiertas, sin clientes, con unas camas limpias, con colchas, espaciosas... Habíamos pagado cincuenta dolares por dormir en lo que parecía la habitación picadero para los clientes que en el fragor del baile querían desahogarse o dormir la borrachera. ||||Pasaban las siete y media y la encargada no aparecía para servir el desayuno. De hecho, no había nadie. Por conciencia y para evitar problemas, le dejamos los cincuenta dólares a pesar de darnos un nefasto servicio y no servirnos el supuesto ""copioso desayuno"" que señala la guía de Lonely Planet. ||||No sé si esta persona llegará a leer estas palabras, pero sí me gustaría que hiciera el Camino de Santiago para que se contagiara del espíritu de la ""hospitalidad"" o bien se viera en nuestras circunstancias y durmiera en un albergue purulento, que también los hay en el Camino, para que tomara consciencia de la mezquindad con que nos trató. Nada costaba hospedarnos en una de las habitaciones y cumplir con lo que se espera de un profesional. ||||En suma, si caen por este lugar, que no sea en fin de semana (hay baile con orquesta hasta medianoche) y exijan que les enseñe varias habitaciones. Y si tienen tiempo, pregunten a los lugareños. Luego nos enteramos de que hay varios B&B y hasta un hotel en la zona. ||||En un viaje de muy positivas experiencias en los lugares en los que nos quedamos y en la hospitalidad de los costarricenses, hemos creído necesario manifestar nuestra pesadilla en Costa Rica, que fue este, a mi entender, tugurio que empaña la utilidad que nos brindó la guía de Lonely Planet.",1.0,hotel,google_maps,Hace 12 años,Hotel Los Angeles Lodge,negativa
llegamos a cartago en medio de una tormenta después de intentar visitar el volcán irazu. Nos resguardamos en una pollería cerca del hotel y les preguntamos por alojamiento en cartago. Nos hablaron de que ahí cerca había uno y mi pareja se acercó a preguntar por el precio. La señora le dijo que eran 50 dólares la habitación y que sólo le quedaba una. Mentira¡! Como no hay alojamientos en cartago decidimos quedarnos pero no se lo recomiendo a nadie ya que el precio no corresponde con lo que ofrece¡!y lo peor de todo es que leyendo comentarios ahora me doy cuenta de que no somos los únicos timados ni seremos los únicos ¡!,1.0,hotel,google_maps,Hace 11 años,Hotel Los Angeles Lodge,negativa
"Hola! Quería tomarme un tiempo para agradecerles por todas las atenciones y servicios que recibimos tanto de su parte como de doña Roxana. Mi esposa y yo quedamos muy a gusto con todo pero sobre todo los chicos estaban muy contentos y les encantó no solo las atenciones sino el clima familiar del lugar. De verdad que estamos muy agradecidos y no descarto que volvamos a visitarlos en el futuro si Dios nos lo permite. Les deseamos lo mejor y espero que tanto Nuestro Señor como Su Madre, a quienes ustedes tienen tan cerquita les bendigan y les sigan prosperando en su negocio. Muchas muchas Gracias!!",5.0,hotel,google_maps,Hace una semana,Hotel Los Angeles Lodge,positiva
"Le voy a comentar un poco de nuestra experiencia Fuimos por una noche para pasarla en pareja, Y la verdad es que el lugar es bellísimo En realidad para eso es genial Vas tienes la cabaña jacuzzi, y la puedes pasar muy tranquilo, Por eso digo que es ideal para parejas. En nuestro caso que lo que queríamos era pasar una noche en pareja en un lugar diferente un poco más relajados y desconectados cumplió el objetivo. Ahora bien quiero mencionar varias cosas: Nosotros optamos por la cabaña para dos personas, tiene un jacuzzi afuera, qué nos pareció bien, pero nunca logramos que calentara lo suficiente Adicional a eso si ustedes van a esta cabaña específicamente para preparar alimentos es sumamente pequeño el espacio para hacerlo, lo ideal sería preparar algo muy rápido o incluso llevar solamente para calentar. Compramos el paquete para la leña y colocamos la chimenea cosa que estuvo espectacular Otro detalle importante la regadera no calienta lo suficiente entonces en nuestro caso casi que nos tuvimos que bañar con agua fría. Y otro detalle es que está cabaña específicamente las puertas no cierran completamente bien entonces, cerraba pero no tenía esa seguridad, sin embargo el lugar donde está es bastante seguro Y algo que no me gustó es que está cabaña específicamente la de dos personas tiene la vista a una pequeña plantación o sembradío que tienen ahí entonces como que le resta un poquitito de impacto a lo bonito que se podría ver el valle de Cartago. Otro detalle muy importante para nosotros es que también teníamos que estar disponibles para temas laborales y la conexión a internet no siempre era tan fluida por el lugar en el que nos encontrábamos, cosa que pensamos que no íbamos a subsanar con el tema del wi-fi pero no funcionaba entonces tuvimos que conectarnos a un wi-fi de la casa que está al lado que me parece que es de los dueños y la señal no era tan buena Otro tema importante en nuestro caso la televisión nunca funcionó porque no se conectaba estaba desconectada y el sistema que ellos manejaban tanto para Netflix y otras plataformas no funcionaba, eso es importante mencionarlo porque. Ahora bien en síntesis Me parece que el objetivo de nuestra salida en este alojamiento se cumplió Pero evidentemente sí se presentaron esas situaciones que para mí es importante mencionarles Por lo demás. La atención fue maravillosa La desconexión total El lugar muy seguro El lugar muy limpio El lugar muy tranquilo Entonces en general creo que sería una muy bonita opción para regresar",4.0,hotel,google_maps,Hace un mes,Hábitat Natural Hotel,positiva
"Lugar espectacular!!! La vista, la cabaña, los detalles y acabados, el servicio, los hosts, absolutamente todo es hermoso, bien cuidado, limpio y hecho con mucho amor. Gracias Elizabeth e hijo por recibirnos",5.0,hotel,google_maps,Hace 4 meses,Hábitat Natural Hotel,positiva
"Es un lugar hermoso para desconectarse de todo, con una vista al centro preciosa, instalaciones bellas y muy completas, la anfitriona muy amable siempre atenta a las necesidades de los huéspedes",5.0,hotel,google_maps,Hace 4 meses,Hábitat Natural Hotel,positiva
"Un lugar muy lindo para rejalarse, con vistas hermosas y cabañas muy acogedoras. Ubicación muy segura y cerca de bastantes restaurantes",5.0,hotel,google_maps,Hace 5 meses,Hábitat Natural Hotel,positiva
"Si van y no hay paños en la cabaña pidanlos, yo no lo hice porque no los llegué a necesitar (llevamos nuestro paño) y básicamente me trataron de ladrón, tuve que hacer una video llamada y mostrar que en el carro no llevaba ningún paño, al final ni se disculparon solamente colgaron la llamada, arruinaron la experiencia.",2.0,hotel,google_maps,Hace 7 meses,Hábitat Natural Hotel,negativa
"Estoy súper agradecida de lo bien que cuidaron a mi perrita, por sus reportes diarios con videos sobre ella y por haberme la ido a dejar a mi casa. El lugar es súper espacioso y tienen bastante campo para correr. No voy a dudar en volver a llevarla al hotel la próxima vez que sea necesario.",5.0,hotel,google_maps,Hace un año,Hábitat Natural Hotel,positiva
"Demasiado lindo el lugar, mucha paz , vista soñadas. Super recomendado",5.0,hotel,google_maps,Hace 7 meses,Hábitat Natural Hotel,positiva
"El lugar es hermoso, buena atención, muy limpio, amplias zonas verdes, definitivamente lo recomiendo 100% ...",5.0,hotel,google_maps,Hace un año,Hábitat Natural Hotel,positiva
Un lugar precioso para descansar y desconectar de la rutina,5.0,hotel,google_maps,Hace 10 meses,Hábitat Natural Hotel,positiva
El mejor lugar para dejar a mi perro! Súper recomendado!,5.0,hotel,google_maps,Hace 2 años,Hábitat Natural Hotel,positiva
"Recomendado para que dejen a los perritos! Los cuidan súper bien, exc atención y buenos precios!",5.0,hotel,google_maps,Hace 4 años,Hábitat Natural Hotel,positiva
Es un lugar muy hermoso y acogedor.,5.0,hotel,google_maps,Hace 3 años,Hábitat Natural Hotel,positiva
El Hotel de perros cero recomendado Fatal la atención de la muchacha de reservas Perreras sucias y pequeñas No lleven sus perros,1.0,hotel,google_maps,Hace 2 meses,Hábitat Natural Hotel,negativa
"La experiencia fue increíble. Tienen una piscina temperada en la cima de la montaña con una vista hermosa tanto a la naturaleza como a la ciudad. Nos hospedamos en uno de los domos geodésicos y fue algo diferente y muy especial. Además, el desayuno típico estuvo delicioso",5.0,hotel,google_maps,Hace 3 meses,Cerro Verde Lodge y Spa,positiva
"Perfecto para una escapada en pareja. Ofrecen paquetes de spa relajante que realmente valen la pena. Nos encantó la privacidad del lugar y las opciones de hospedaje, desde cabañas hasta domos. Todo está pensado para descansar y disfrutar del entorno natural con vistas espectaculares.",5.0,hotel,google_maps,Hace 3 meses,Cerro Verde Lodge y Spa,positiva
"Un lugar espectacular para desconectarse sin alejarse demasiado. Está súper cerca del centro de Cartago, pero al mismo tiempo es muy privado y rodeado de naturaleza. Las vistas a la montaña son increíbles y el ambiente con el canto de las aves es simplemente perfecto. Ideal para relajarse y respirar aire puro.",5.0,hotel,google_maps,Hace 3 meses,Cerro Verde Lodge y Spa,positiva
"Nos encantó el lugar, fuimos a visitar la piscina, sendero y piletas. Excelente el día, para pasar en familia. Estuvo rico el desayuno y el personal muy servicial. Los recomiendo y volveremos pronto",5.0,hotel,google_maps,Hace 3 meses,Cerro Verde Lodge y Spa,positiva
Pésima experiencia. Absolutamente no recomendable. Llegamos al lugar a la hora que abren y no estaban listas las instalaciones: las piletas y la piscina estaban frías y a medio llenar. El desayuno fue una tortura porque el servicio fue terrible. El personal fue grosero y maleducado. Es una estafa completa.,1.0,hotel,google_maps,Hace 4 meses,Cerro Verde Lodge y Spa,negativa
"Alquilamos una cabañita y el paquete de Spa para parejas, muy relajante el masaje, el sauna y el jacuzzi, recomendado y muy buen precio para lo que incluye. Fijo vamos a volver porque nos faltó hacer los senderos.",5.0,hotel,google_maps,Hace 4 meses,Cerro Verde Lodge y Spa,positiva
"La verdad me habían recomendado el lugar y no me arrepiento de ir, un lugar muy relajante, la cabaña de madera turrialba muy acogedora, en la tarde alquilamos el jacuzzi privado que tiene una vista excelente. No pareciera que tan cerca hubiera un lugar con tanta naturaleza y vistas",5.0,hotel,google_maps,Hace 4 meses,Cerro Verde Lodge y Spa,positiva
"Una experiencia muy linda, me encantó caminar por los senderos y las vistas que hay, no parece que tan cerca de Cartago centro haya un lugar tan lindo, la cabaña Irazu muy acogedora y la piscina temperada me gustó mucho.",5.0,hotel,google_maps,Hace 4 meses,Cerro Verde Lodge y Spa,positiva
"Le pondría un menos cero si existiera! es una estafa TOTAL, las piletas frías, que además solo sirven para meter los pies, son diminutas. En la cocina limpian los platos con los mismos con los que limpian las mesas, son asquerosos!, el servicio al cliente es lo peor que hemos conocido en este país; tienen hasta un matón que anda acosando a los clientes. No vayan! Y ojo que tras de todo lo que nos hicieron pasar, responden que van a denunciarme a mi jajaja el cuento se cuenta solo, así es el trato de esta gente, un poco de matones.",1.0,hotel,google_maps,Hace 4 meses,Cerro Verde Lodge y Spa,negativa
"Cerro Verde es un lugar realmente encantador. Ideal para desconectarse del ritmo diario, cuenta con senderos rodeados de naturaleza que invitan a caminar y relajarse. La piscina temperada y el jacuzzi son perfectos para disfrutar sin importar el clima, y el ambiente en general es tranquilo, acogedor y muy bien cuidado. Destaco especialmente el spa: una experiencia súper relajante que complementa a la perfección la estadía. ¡Sin duda, un lugar al que dan ganas de volver!",5.0,hotel,google_maps,Hace un año,Cerro Verde Lodge y Spa,positiva
"Bueno mi calificación es en base a la mala comunicación, con ellos y por eso mismo decidí buscar un lugar con mas seriedad ,por WhatsApp nunca me pasaron el precio solicitado para las fechas elegidas,y medio respondieron a la media noche. Mi intención no es perjudicar el negocio ,si no mas bien que lean los comentarios y refuercen esta área .",2.0,hotel,google_maps,Hace 8 meses,Cerro Verde Lodge y Spa,negativa
No me gustó que primero me dijeron que el monto de lo que yo pagaba incluía las piletas y estaban sin funcionar sin embargo no reclamamos.. pero si nos. Pasábamos así sea un minuto nos cobrarian media hora de la hora de salida cobrando donde se pago por usar piletas también y no s pudo usar y no fuimos informados antes de pagar .... Ya se tenía claro que a las 11:30 nos teníamos que retirar y que si nos pasábamos teníamos que pagar cada media hora y mucha presión e intensidad qué realmente lo hacen a uno sentir incómodo que pagó por. Disfrutar .... E igual consultaba algo por vía msj y nunca me respondían mi. Experiencia la. Verdad no fue buena!,1.0,hotel,google_maps,Hace un año,Cerro Verde Lodge y Spa,negativa
"Super hermoso, fue una grata experiencia, un lugar para descansar y relajarse, caminamos por la mañana en el sendero, luego estuvimos en el area de la piscina (que por cierto tiene una temperatura genial) y pega buen sol desde temprano, cuando se puso mas frío entonces amé las piletas de agua caliente super relajantes y por la noche estuvimos en el jacuzzi mirando las estrellas y todo Cartago tenía una vista hermosa, me quedó pendiente conocer el Spa pero definitivamente volveré pasamos un aniversario muy lindo sin necesidad de hacer un viaje largo.",5.0,hotel,google_maps,Hace un año,Cerro Verde Lodge y Spa,positiva
"Pasamos un fin de semana increible, el domo muy lindo, el desayuno muy rico, fijo volveremos. Al día siguiente nos antojamos del Spa y la verdad valio la pena.El trato del personal muy bueno",5.0,hotel,google_maps,Hace 4 meses,Cerro Verde Lodge y Spa,positiva
"Hermoso lugar, las instalaciones muy limpias y ordenadas, mi hijo y yo disfrutamos mucho el pase del día, recomiendo que lo visiten y nosotros volveremos pronto!!!!",5.0,hotel,google_maps,Hace 11 meses,Cerro Verde Lodge y Spa,positiva
"Un lugar realmente hermoso donde disfrutas de la naturaleza y además conectas con ella,se sale de la rutina, la atención y servicio súper bien. Lo recomiendo y volvería todas las veces",5.0,hotel,google_maps,Hace un año,Cerro Verde Lodge y Spa,positiva
"Excelente experiencia, me gustó las áreas de piscina y la cabaña, también el spa y jacuzzi, recomendado. Rico desayuno",4.0,hotel,google_maps,Hace un año,Cerro Verde Lodge y Spa,positiva
Muy bonito pero muy poco tiempo para tantas cosas que explorar o conocer el lugar.Falta de servicios de restaurante por lo menos fin de semanas.,3.0,hotel,google_maps,Hace un año,Cerro Verde Lodge y Spa,neutral
"Excelente lugar fuimos para el aniversario de casados y nos encantó, la atención demasiado buena y las instalaciones muy bonitas y aseadas",5.0,hotel,google_maps,Hace un año,Cerro Verde Lodge y Spa,positiva
Un lugar realmente hermoso para reconectar con la naturaleza y relajarse fuera de la rutina de la ciudad. Definitivamente lo recomiendo,5.0,hotel,google_maps,Hace un año,Cerro Verde Lodge y Spa,positiva
"Bella Experiencia de Relajarse Excelente Spa, muy Profesionales y las instalaciones son Preciosas bella naturaleza",5.0,hotel,google_maps,Hace un año,Cerro Verde Lodge y Spa,positiva
"Un lugar espectacular donde se viaja a otro mundo con la naturaleza, sus senderos, el spa, las las piletas termominerales, sus cabañas acogedoras espero volver pronto",5.0,hotel,google_maps,Hace un año,Cerro Verde Lodge y Spa,positiva
Un lugar demasiado hermoso!!! Con vistas muy lindas y todo super aseado.... Lo recomiendo demasiado,5.0,hotel,google_maps,Hace un año,Cerro Verde Lodge y Spa,positiva
"Excelente lugar para vacacionar, una gran vista rodeado de naturaleza y el servicio es espectacular",5.0,hotel,google_maps,Hace un año,Cerro Verde Lodge y Spa,positiva
"Excelente atención y las instalaciones, un verdadero placer la estadia, fue una experiencia de 10!.. Super recomendado!!!",5.0,hotel,google_maps,Hace un año,Cerro Verde Lodge y Spa,positiva
"Un lugar tranquilo ...muy bonito , ambiente familiar ,muy buena atención al cliente ,todo muy limpio y ordenado ..super recomendado",5.0,hotel,google_maps,Hace un año,Cerro Verde Lodge y Spa,positiva
"Les recomiendo el lugar, cerca del centro pero en la montaña, la atención, los Senderos, el mirador, el Spa en fin quedamos con ganas de volver",5.0,hotel,google_maps,Hace un año,Cerro Verde Lodge y Spa,positiva
Trato excelente de todo el personal Instalaciones hermosas Definitivamente volveremos,5.0,hotel,google_maps,Hace un año,Cerro Verde Lodge y Spa,positiva
"Excelente servicio me encanta el lugar, lastima que no tienen restaurante",4.0,hotel,google_maps,Hace un año,Cerro Verde Lodge y Spa,positiva
"Excelente atención, un lugar lleno de paz y tranquilidad recomendadisimo!",5.0,hotel,google_maps,Hace un año,Cerro Verde Lodge y Spa,positiva
Un excelente lugar para desconectarse de la rutina y poder descansar!,5.0,hotel,google_maps,Hace un año,Cerro Verde Lodge y Spa,positiva
Un lugar tranquilo y espectacular para descansar,5.0,hotel,google_maps,Hace un año,Cerro Verde Lodge y Spa,positiva
Lugar precioso encantador y el personal super,5.0,hotel,google_maps,Hace un año,Cerro Verde Lodge y Spa,positiva
Lindo lugar,4.0,hotel,google_maps,Hace un año,Cerro Verde Lodge y Spa,positiva
"Es la segunda vez que visitamos el lugar, esta vez alquilamos la cabaña familiar y disfrutamos mucho, fuimos a caminar por el sendero y luego nos refrescamos en la piscina y las piletas, nos hizo un buen clima. Muy recomendado La foto del gigante muy chiva",5.0,hotel,google_maps,Hace 4 meses,Cerro Verde Lodge y Spa,positiva
Es un lugar maravilloso y está muy cerca del centro de Cartago la atención muy buena,4.0,hotel,google_maps,hace 6 días,Cerro Verde Lodge y Spa,positiva
Excelente experiencia.,5.0,hotel,google_maps,Hace una semana,Cerro Verde Lodge y Spa,positiva
"Nos quedamos en el Domo, es muy privado y cómodo, el jacuzzi de la habitación tiene una temperatura perfecta, las piletas y las piscinas son riquísimas, tiene muchas áreas instagrameables, hay ranchitos y salon de eventos, el sendero es corto pero tiene su nivel de dificultad, el personal responde rápido, se llega fácil hasta en bus",5.0,hotel,google_maps,Hace 2 semanas,Cerro Verde Lodge y Spa,positiva
"El lugar es maravilloso en cuanto a espacio, naturaleza, infraestructura y accesibilidad; si gustas de un lugar tranquilo con clima fresco es ideal para relajarse. Mi puntuación va asociada a puntos observados respecto a mi segunda visita 8/11/2025: ○ Suministro de agua: Actualmente no se cuenta con agua potable, a pesar de que se brinda una cortesía de agua potable en la habitación puede que no sea suficiente por lo cual ofrecen la posibilidad de comprar en recepción, es algo que varió respecto a mi primer visita donde si existía el servicio. ○ Servicio de desayuno: Se incluye el desayuno como parte del servicio, pero respecto a mi primer visita las raciones han disminuido y la atención del personal es menos amable al anterior. ○ Habitaciones: La cabaña tenía telarañas en su entrada y la habitación en las telas se percibía un ligero estado de polvo acumulado ( recomendación: aspirar las habitaciones, entiendo que son muchas y puede que las dejen preparadas hasta ser ocupadas, pero es importante retocar); además, los pisos requieren un mayor detallado, se limpia pero hace falta desinfectar ya que percibe suciedad al estar descalzo en la habitación.",3.0,hotel,google_maps,Hace 8 meses,Cabañas Cerro Verde,neutral
"El hotel posee una vista muy linda a la ciudad. Cuenta con spa, senderos, piscina, jacuzzi y restaurante para desayunar. Es un hotel muy silencioso. Y el personal es muy amable. Las habitaciones cuentan con mesa, sillas, platos y vasos. Sin embargo, algunas cosas olían a humedad. Los senderos para visitar el mirador son empinados, con una dificultad media y un poco técnica en algunas zonas. No son aptos para todas las personas. El masaje en el spa fue muy bueno y Jairo super amable. Disfrutamos mucho de la estadía en el lugar.",4.0,hotel,google_maps,Hace 8 meses,Cabañas Cerro Verde,positiva
Un lugar lindo para descansar y salir un rato de la rutina. La piscina es un poco fría y las piletas tienen una temperatura más agradable. Para días fríos es difícil disfrutarlas pues son algo frías. Las habitaciones son cómodas y equipadas para calentar comida (no cocinar) El ambiente es tranquilo y hay lugares donde sentarse y relajarse. El desayuno estuvo muy rico y hay una linda vista desde el rancho. Sin embargo las mesas estaban algo sucias y con telarañas. No pudimos visitar el sendero pues llovía y estaba algo frío el día,4.0,hotel,google_maps,Hace un año,Cabañas Cerro Verde,positiva
"Optamos por el Pase del Día, buen precio y en resumen la experiencia y lugar están increíbles, me encanta saber que cerca de Cartago tienes un pedazo de bosque con piscinas temperadas. único comentario sería que deberían llenar un poquito más las piletas y la piscina ya que en el frío de Cartago la idea sería que el agua caliente te cubra todo, sin acomodarse tanto uno.. Gracias por todo amigos y amigas..",4.0,hotel,google_maps,Hace 10 meses,Cabañas Cerro Verde,positiva
"Nos atendieron muy bien, de hecho nos permitieron ingresar a la cabaña antes de la hora establecida. El personal es muy amable y servicial. El único punto de mejora fue la limpieza del baño que pudo ser un poco mejor.",4.0,hotel,google_maps,Hace un año,Cabañas Cerro Verde,positiva
Excelente lugar buena atención tranquilo se conecta la naturaleza con uno mismo domo.,5.0,hotel,google_maps,Hace 6 meses,Cabañas Cerro Verde,positiva
"El servicio del personal es muy amable, la comida es muy rica. Las habitaciones (las de precio más económico) las que están detrás de la recepción en lo particular no me gustaron. A pesar que el hotel está ubicado en una propiedad enorme con li das vistas, las cabañas están ubicadas al lado de un paredón por lo cual la vista es nula. La habitación estaba limpia, pero siento que tienen poca ventilación y una sensación a humedad. Tienen un WiFi rápido, tv con Internet, servicio de alimentación a la habitación, parqueo seguro. Los senderos están accesibles.",3.0,hotel,google_maps,Hace 3 años,Cabañas Cerro Verde,neutral
"Deben mejorar la atención al cliente en recepción, así como brindar capacitación a las masajistas qué aunque tienen muy buena actitud la calidad del masaje no fue lo esperado. Además en el spa hay muchas personas hablando y riendo, lo que no permite tener un rato de relajación.",3.0,hotel,google_maps,Hace un año,Cabañas Cerro Verde,neutral
"El Spa Pachamama se ubica aquí, en Cerro Verde. Fui con una amiga a hacer un supuesto paquete que se publicita en FB. No había nadie en el sitio (clientes), solo nosotras, lo cual puede ser medio inquietante. El lugar tiene un sendero hacia un mirador con vistas bastante bonitas, piscina en condiciones acceptables de mantenimiento y limpieza. No conocimos las cabañas. El supuesto ""Spa"" es un lugar pequeño y muy modesto, con un sauna a vapor y otro seco que estaba bastante bien. El jacuzzi es más como unas bañera de hogar, para dos personas pero decente. Lo que estuvo tétrico fue el supuesto masaje y la mascarilla... La persona encargada (una para atender dos clientes a la vez!); no tenía la menor idea de lo que hacía... Pobrecita. Fue el ""masaje"" más molesto, caótico, sin técnica ni conocimiento alguno que he recibido. Risible y lastimero a la vez... Por el precio que se pagaba (módico), mejor no ofrecer algo así al cliente si no tienen personal calificado. Además había un ruido del vecino durante todo el tratamiento, insoportable, que arruinó el momento. No lo recomiendo ni creo que volvería. Para un paseo familiar a la propiedad, el lugar podría prestarse bien sin embargo.",3.0,hotel,google_maps,Hace 2 años,Cabañas Cerro Verde,neutral
"Estuvimos ahí en Junio. 2024,no es un lugar para personas discapacitadas, no hay accesibilidad, no teníamos vista a nada, la cabaña era de 2 cuartos, uno de ellos parecía que estábamos en una bóveda, los paños venían con una cucaracha viva, falta de higiene, quien sabe donde los tenían. La comida se ordena de un bar cerca de ahí, lunes nachos incomibles a la basura, martes el muchacho del express estaba libre, o sea no se cenaba esa noche, miércoles hamburguesas y salchipapas estaban comibles, los desayunos fríos con café amargo y fresco de tang, nada ricos, el refrigerador malo, la puerta no le cerraba bien así que ni modo La Piscina todos los dias sucia, teníamos que pedir que la limpiaran. No volvería ahí, ni regalado. No reciben tarjeta, solo sinpe o efectivo inconveniente que nos dimos cuenta al llegar, el jardinero y la muchacha que atiende muy amables será lo único.",1.0,hotel,google_maps,Hace 2 años,Cabañas Cerro Verde,negativa
"El sitio es muy bello y lo tienen arreglado muy bonito y bastante equipado. Las habitaciones tienen una gran vista. La iluminación de la cabaña por dentro si podría mejorar. El precio es bastante elevado respecto a otros sitios en la zona y hay una pequeña parte del camino que es de lastre pero por lo bello de la zona vale la pena. El parqueo es amplio pero queda muy lejos de las cabinas. Eso es bueno si uno anda equipaje liviano por que así no pasan autos cerca de las cabañas, pero sí sería incómodo para alguien con discapacidad o que tenga que llevar muchas maletas. Son muy flexibles en cuanto al horario de ingreso y salida pero el checkout siempre hay que esperar a que revisen la habitación, esto es algo estándar en muchos otros sitios. La comida podría ser un poco más rica pero en todo caso hay otras opciones cerca para elegir ya que el lugar queda muy cerca del centro de la ciudad. El clima es excelente súper fresco. Si el precio fuera un poco más accesible o las habitaciones mejor iluminadas y la comida un poco más rica sería un lugar perfecto, como para nunca salir ya que se respira un aire puro y la tranquilidad que hay transmite mucha paz. En general es un sitio romántico y tranquilo para descansar en pareja o con la familia. Me gustó que no llegaran chatas podría deberse al precio pero también a que el camino es de lastre.",3.0,hotel,google_maps,Hace 5 años,Cabañas Cerro Verde,neutral
"Me encantó el sendero, así como la piscina y el servicio de alimentación. La fogata soñada. Todos atienden muy bien, desde que ingresas. El desayuno en el Rancho con ése mirador precioso. Optamos por el Spa, super relajante. La cabaña estaba equipada muy espaciosa, en el cuarto principal con muy buena vista. Se las recomiendo se llama Chimborazo. No se van arrepentir",5.0,hotel,google_maps,Hace 2 años,Cabañas Cerro Verde,positiva
Se puede llegar de lo más bien en uber o en bus. Las cabañas muy lindas y limpias. La vista desde la cabaña con vista a la ciudad es espectacular. Las vistas en general y los senderos muy bien. La atención es muy buena. También ofrecen servicio de decorar el cuarto. Cené hamburguesa de pollo con papas que estaba muy bueno. El desayuno no estaba tan bueno el gallo pinto tenía mucho consome.,4.0,hotel,google_maps,Hace 5 años,Cabañas Cerro Verde,positiva
"Excelente lugar para descansar y desconectarse de la rutina diaria muy cerquita en Cartago. Las habitaciones muy completas y acogedoras. Ni que hablar de lo hermoso que es el lugar, rodeado de naturaleza. La piscina temperada, lo mejor que pudieron hacer. Sin duda volvería, el mejor lugar para salir de la rutina. Excelente atención",5.0,hotel,google_maps,Hace 3 años,Cabañas Cerro Verde,positiva
"Lo que menos me gustó, esque los portones los cierran a las 8 p.m. una hora absurda, si quieres salir a cenar???? Es cierto que ellos te ofrecen la cena, pero si no la quieres de ahí?? Tuvimos que llamar para que nos abrieran el portón y nos dieron una llave para poder abrir al regreso, pero considero que uno como huésped no puede estar cerrado así y si ocurre una emergencia con un familiar, o de cualquier tipo y me tengo que ir, considero importante la seguridad del huésped, pero miles de cosas pueden ocurrir, deberían de tener un guarda o alguien que se encargue del portón, luego hacia un frío increíble y no tienes a disposición más sábanas, tuve que pedírselas, dicen que tienen ducha que ni sirve, no calienta el agua, su respuesta fue: no debes de abrir mucho la ducha, por Dios si ofreces agua caliente en la descripción, pon una buena ducha para que uno pueda bañarse con gusto",1.0,hotel,google_maps,Hace 3 años,Cabañas Cerro Verde,negativa
"Recomendados en el Paquete de Spa muy completo, disfrutamos de sendero, piletas, piscina y excelente masaje. La pasamos muy bien con mis amigas y pensamos regresar para hospedarnos, porque tienen cabañas muy lindas.",5.0,hotel,google_maps,Hace un año,Cabañas Cerro Verde,positiva
"Fue una experiencia inolvidable, reservamos para nuestro aniversario, aprovechamos desde las cabañas hasta el Spa . Las vistas y zonas verdes increíbles, no dan ganas de irse. Incluisive cuesta conseguir espacio fin de semana, pero entre semana lo logramos. Súper recomendados.",5.0,hotel,google_maps,Hace 2 años,Cabañas Cerro Verde,positiva
"Muy bonito el lugar. Ambiente tranquilo. El sendero muy entretenido y bien mantenido el mismo con una dificultad media a alta no apto para personas con problemas cardíacos o minusvalía, puesto que pasa de los 1400 msnm a 1447 msnm. En relación a las cabañas muy bien equipadas cuentan con ( mini refrigerador, pantalla, coffemaker, micro hondas, abanico, platos, cubiertos, tenedores, vasos, tazas), además de ello las cabañas están equipadas con otros enseres. Cuentan con un inventario básico de artículos el cuál el huésped puede consumir y pagar a la salida como los siguientes( cervezas, vino, snack).",5.0,hotel,google_maps,Hace 5 años,Cabañas Cerro Verde,positiva
"Las fotos que utilizan en redes no son fieles a la realidad. Mala atención y malos tratos. La encargada de recepción es poco amable, e incluso nos dió un trato malo, grosero. La comida es muuuuy básica, recomiendo llevar comida o salir a comer fuera del lugar. En general es un lugar restrictivo con uso de instalaciones y horarios.",1.0,hotel,google_maps,Hace 3 años,Cabañas Cerro Verde,negativa
"Prefecto lugar para desconectarse de la rutina, muy privado, el personal muy amable, de fácil acceso, el desayuno estaba muy rico, las instalaciones son muy bonitas. Sin embargo la baño se encontraba sucio.",4.0,hotel,google_maps,Hace 2 años,Cabañas Cerro Verde,positiva
"Primero para ingresar, alquile una cabaña y no se parecía para nada a las fotos, hay diferentes vistas pero no lo especifican, al frente la vista eran todos los cables de luz, la gerente del lugar una pésima persona, nos trató mal desde el primer día, como le dijimos que la cabaña no era igual a las fotos y que no nos queríamos quedar ahí porque nos sentíamos estafados, se puso de un humor terrible a lo que le dijimos que no pasaba nada que nos devolviera la plata y que nosotros buscábamos algo más, pero no lo hizo, la primer noche entonces tuvimos que pagar de más por una cabaña más arriba que nada que ver el precio con lo que uno esperaría por lo que paga, el desayuno demasiado básico, los senderos no son la gran cosa, luego nos tuvimos que ir de regreso a la cabaña del inicio con los cables al frente y la ducha no servía, le mencioné el inconveniente y le dije que enviara a alguien de mantenimiento y me dijo que era que estaba en frío ( como si yo no lo hubiera probado) entonces para no quedarme con la duda le pregunté al muchacho que la arreglo y me dijo que lo que tenía era una pieza quemada por eso no servía, tras de mala gente, mentirosa, en general no lo recomiendo, y lo peor es que para hacer cualquier cosa hay que comunicarse con ella, para poder salir del lugar y entrar y para cualquier movimiento que uno vaya a hacer en el sitio, el resto del personal fue muy atento pero a la gerente le hacen falta unos cursitos de servicio al cliente y ser más humilde, la verdad hay mejores lugares más baratos y con mucha mejor atención no pierdan el tiempo aquí.",1.0,hotel,google_maps,Hace 3 años,Cabañas Cerro Verde,negativa
"Me encantó el excelente servicio al cliente, lugar muy privado y acogedor, el jacuzzi con vista a la ciudad fue una de las mejores experiencias que tuve estando ahí , por supuesto caminar en los senderos fue bonita experiencia.",5.0,hotel,google_maps,Hace 3 años,Cabañas Cerro Verde,positiva
"Lindo lugar dentro del Valle Central, a 15min de la Basilica de Cartago. Buena atención, precio competitivo. Super aseada la cabaña y muy bien equipada (copas, refrigerador, microondas, cofee maker). Lindos senderos y piscina. Super recomendado para una escapadita",5.0,hotel,google_maps,Hace 4 años,Cabañas Cerro Verde,positiva
"Recomendados el lugar te conecta con la naturaleza, el Spa increíble y el hospedaje también. Sus vistas en el rancho y el sendero! (Esos letreros que te acompañan ;)",5.0,hotel,google_maps,Hace un año,Cabañas Cerro Verde,positiva
"Lugar superior lindo , las fotos q ponen son reales , aveces llegan gente q quieren estafar q son unos ladrones y como los descubren hacen mofa del lugar , pero es superior mágico estar ahí y volvería una y mil veces más, hasta me prestaron el rancho para la fiesta de mi hijo , así q vayan y no se van arrepentir",5.0,hotel,google_maps,Hace 3 años,Cabañas Cerro Verde,positiva
"Ofrecen una habitación qué promocionan como ""cabaña"" y solamente es una habitación al lado del parqueo, no tiene ningún tipo de vista, no especifican nada de eso en la descripción, la comida que ofrecen lamentable, para salir o entrar hay que avisar y esperar a que abran el portón.",1.0,hotel,google_maps,Hace 2 años,Cabañas Cerro Verde,negativa
"El lugar es hermoso, no sé nos dijo de las diferentes vistas de las cabañas así que no tuvimos vista a la ciudad o montaña, el desayuno podría ser mejor, los senderos no tienen alguna baranda o almenos un cable para poder agarrarse en caso de que haya llovido mucho y este muy resbaloso, un lugar cerca del centro de Cartago y perfecto para relajarse.",3.0,hotel,google_maps,Hace 4 años,Cabañas Cerro Verde,neutral
Nos setimos estafados el lugar no es cómo lo publican en la fotos y lo demás q lo q ofrecen no es lo que compramos en mi parte está de aniversario de casados y esperábamos tener un día muy especial pero la verdad no fue así la muchacha aministrativa pésimo trato a la hora de q uno reclama lo de uno fue una plata perdía xq a uno le ofrecen una cabaña y lo q le da un cuarto les recomiendo la verdad que no c envarquen para que no pierdan la plata como la perdimos mi esposa y yo,1.0,hotel,google_maps,Hace 3 años,Cabañas Cerro Verde,negativa
No estoy en criticando pero en la cabaña chimborazo donde nos quedamos estaba apestando un poco i la ducha i el baño no estaba sirviendo pero todo fue muy lindo el lugar la piscina i la recepcionista i el jardinero eran muy amables,2.0,hotel,google_maps,Hace 2 años,Cabañas Cerro Verde,negativa
"Publicitan que la piscina se encuentra a 30° y es mentira medio tibia esta, además indican que hay barroterapia y para nada existe eso.",2.0,hotel,google_maps,Hace 2 años,Cabañas Cerro Verde,negativa
"Me encantó la atención del personal, las habitaciones y cabañas, así como el sendero, la piscina, el jacuzi y el sauna increíble, me tomaría muchos días de vacaciones en éste lugar, lo recomiendo",5.0,hotel,google_maps,Hace 3 años,Cabañas Cerro Verde,positiva
"Les recomiendo éste lugar en la montaña, cerca del centro de Cartago, accesible a todo tipo de vehículo, varias atracciones como el sendero, piscina temperada, Spa (baño turco y los masajes me encantaron) jacuzzi, la pasamos super bien y la comida me encantó",5.0,hotel,google_maps,Hace 3 años,Cabañas Cerro Verde,positiva
"En realidad la atención no es buena, nos hospedamos en la cabaña equipada llamada Chimborazo, en cuanto abrimos la puerta lo primero que notamos fue un olor desagradable como a mucha humedad, en realidad no es una cabaña es más como una casa prefabricada, de color café que la hace verse obscura , en los sillones salían un tipo de insectos, la habitación no tenía TV, eso si había una en la sala, por lo general fatal la habitación, de hecho pensamos en irnos del lugar, las zonas verdes están bonitas, pero la habitación muy mal, no es acogedora, el baño no es de buen gusto tampoco.",1.0,hotel,google_maps,Hace 2 años,Cabañas Cerro Verde,negativa
"Excelente lugar para relajarse, me encantaron los senderos, el Spa super recomendado, la piscina, los jacuzzis, sauna y la alimentación, volveré muy pronto",5.0,hotel,google_maps,Hace 3 años,Cabañas Cerro Verde,positiva
"Un lugar increible, hermosas vistas a las montañas y la ciudad de Cartago, cabañas acogedoras con todas las comodidades, wifi y cable, jacuzzis con vistas a Cartago, senderos en selva virgen, deliciosa pizza servida a la habitación, un masaje relajante, un desayuno delicioso. Una gran experiencia!!!",5.0,hotel,google_maps,Hace 4 años,Cabañas Cerro Verde,positiva
"Excelente experiencia, espectacular atención, los senderos tienen una dificultad intermedia, no aptos quizá, en época de lluvia, para personas adultas mayores o niños.",5.0,hotel,google_maps,Hace 3 años,Cabañas Cerro Verde,positiva
"Precioso lugar muy limpio, buena atención tranquilo relajante y Esmilda tiene una excelente atención y todos los demás. Lo mejor el jacuzzi a un cómodo precio",5.0,hotel,google_maps,Hace 5 años,Cabañas Cerro Verde,positiva
"Es un lugar fácil de llegar, el servicio es muy agradable, las instalaciones cuentan con. orden, limpieza de las habitaciones, la atención y servicio es muy organizado.",5.0,hotel,google_maps,Hace 3 años,Cabañas Cerro Verde,positiva
"Mucha naturaleza, los cantos de los pajaritos, el desayuno rico. La piscina y piletas, no dan ganas de salir.",5.0,hotel,google_maps,Hace un año,Cabañas Cerro Verde,positiva
"El paisaje es hermoso, lo mismo que las instalaciones. Deben cuidar el aseo de la piscina y de las cabñas",5.0,hotel,google_maps,Hace 2 años,Cabañas Cerro Verde,positiva
"Lugar super hermoso , habitaciones amplias y equipadas ,servicio excelente. Privacidad y confort. Además de estar llena de naturaleza",5.0,hotel,google_maps,Hace 5 años,Cabañas Cerro Verde,positiva
"Muy apropiado para estar retirado del ruido de la ciudad y muy tranquilo, excelente servicio!!",5.0,hotel,google_maps,Hace un año,Cabañas Cerro Verde,positiva
"Demasiado bueno este lugar, la atención al cliente es muy buena y me gusta que el lugar lo tienen bien cuidado. Lo único que falta es que terminen con la piscina",5.0,hotel,google_maps,Hace 4 años,Cabañas Cerro Verde,positiva
"Muy cerca y especiales para parejas, instalaciones bien cuidadas en medio de la naturaleza.",5.0,hotel,google_maps,Hace 2 años,Cabañas Cerro Verde,positiva
Excelente lugar para relajarse y y disfrutar de un encuentro con la naturaleza,5.0,hotel,google_maps,Hace un año,Cabañas Cerro Verde,positiva
"Super limpio, ordenado y bonito. Lo mejor de todo fue la atención al cliente",5.0,hotel,google_maps,Hace un año,Cabañas Cerro Verde,positiva
"Un lugar increíble, lleno de paz y tranquilidad, apenas para desconectarse del mundo por un tiempo, excelente atención...",5.0,hotel,google_maps,Hace 5 años,Cabañas Cerro Verde,positiva
"Limpio, sencillo si , pero está en el centro de Cartago y es ideal para personas que necesitan una ubicación cercana , precio muy accesible y buena atención.",5.0,hotel,google_maps,Hace 2 años,Hotel Dinastía,positiva
"Las habitaciones son acogedoras, buen trato, buena limpieza es un lugar muy céntrico donde uno tiene mucha facilidad de poderse mover a varios lugares céntricos de cartago",5.0,hotel,google_maps,Hace 2 años,Hotel Dinastía,positiva
"Es el hotel por excelencia que recomiendo en Cartago Centro, las habitaciones son muy limpias y tranquilas, la señora de la recepción es muy buena gente y da muy buen servicio, está cerca de muchos lugares de Cartago",5.0,hotel,google_maps,Hace 2 años,Hotel Dinastía,positiva
Me gustaba más cuando estaba el personal anterior sin embargo es un buen lugar de alojamiento si uno está en el centro de cartago,5.0,hotel,google_maps,Hace 2 años,Hotel Dinastía,positiva
"Muy buen lugar para descansar, exelente trato, muy limpió y habitación amplias.",5.0,hotel,google_maps,Hace 4 años,Hotel Dinastía,positiva
"Muy bueno Tv por cable,agua caliente,refri pequeña,baño privado,abanico y buena atención",5.0,hotel,google_maps,Hace 7 años,Hotel Dinastía,positiva
"Excelente atención de parte de sus recepcionistas, el agua caliente funciona y es una opción bien económica.",5.0,hotel,google_maps,Hace 7 años,Hotel Dinastía,positiva
Es más hotel de paso. Hay muchas cucarachas y son muy grandes. Creo que es caro para lo feo que está.,1.0,hotel,google_maps,Hace 3 años,Hotel Dinastía,negativa
"Me gusta,tiene pequena cocina y lavadora,servicio amable",5.0,hotel,google_maps,Hace 8 años,Hotel Dinastía,positiva
Más o menos... La vez q estuvimos ahí no había agua caliente,1.0,hotel,google_maps,Hace 4 años,Hotel Dinastía,negativa
Calidad de hotel . Muy aseado muy buena atención. !,5.0,hotel,google_maps,Hace 5 años,Hotel Dinastía,positiva
"Mala atención, no me gusto, las mesetas distraídas no Toman él pedido están en otras.",1.0,hotel,google_maps,Hace 4 años,Hotel Dinastía,negativa
"Buen lugar para descansar, cómodo y aseado",4.0,hotel,google_maps,Hace 4 años,Hotel Dinastía,positiva
"Bien, barato, cómodo y limpio, buena ubicación",4.0,hotel,google_maps,Hace 5 años,Hotel Dinastía,positiva
Bonito barato y muy buen ambientr,5.0,hotel,google_maps,Hace 9 años,Hotel Dinastía,positiva
Muy buen servicio,5.0,hotel,google_maps,Hace 8 años,Hotel Dinastía,positiva
Muy aseado,5.0,hotel,google_maps,Hace 2 años,Hotel Dinastía,positiva
tranquilidad y cortesia,5.0,hotel,google_maps,Hace 7 años,Hotel Dinastía,positiva
Masó menos,3.0,hotel,google_maps,Hace 9 años,Hotel Dinastía,neutral
Lugar económico,2.0,hotel,google_maps,Hace 7 años,Hotel Dinastía,negativa
"Un lugar para descansar,muy cerca de Cartago,se respira tranquilidad y con un aire frío y clima fresco .",5.0,hotel,google_maps,Hace 4 meses,Cabañas la esperancita,positiva
Excelente lugar y don Víctor una excelente persona el. Dueño del lugar y pueden ver un video en mi canal de YouTube sobre el lugar Chuz vlogs mi canal,5.0,hotel,google_maps,Hace un año,Cabañas la esperancita,positiva
Hermoso el lugar! Me encantó los detalles de la cabañita muchas comodidades,5.0,hotel,google_maps,2 semanas atrás,Cabañas la esperancita,positiva
"Como dice en un comentario anterior, un lugar, pero para el olvido. Que decepción que te quieran vender un lugar en las fotos y sea lo opuesto realmente. Para resumir nos tuvimos que ir sin pasar la noche ahí. La cabaña si se le puede llamar así, es lúgubre, sosa y un olor raro que no es a madera, la cocina no es cocina, la ducha gotea, la tasa del inodoro manchada, la cama parace que mataron a alguien... Tienen 2 perros y no limpian las cacas y adivinen.. los 2 embarrados. Pero si algo bueno, habernos ido de ahí 2 horas después de que llegamos. ""Linda sorpresa de cumple me dieron"". - 40 en calificación.",1.0,hotel,google_maps,Hace un mes,Quinta bella vista,negativa
"Lamentablemente es una completa basura, la verdad no es un lugar agradable y mucho menos la atención es un asco Las cobijas y toda la ropa de cama no está limpia llena de pelos, paños con sangre y malos olores. La comida es muy cara y nada buena la verdad, te pagas una cena y te la sirven fría, vino Merlot barato te lo cobran al doble. El inodoro es un asco y todo huele a desagüe Los encargados de recepción la verdad no sirven les escribes y les llamas y no te dan respuesta No lo recomiendo y esto va para Facebook y Tiktok realmente un fiasco",1.0,hotel,google_maps,3 semanas atrás,Quinta bella vista,negativa
"Una visita, para olvidar. Las "" cabañas"" no son confortables, la cama, el colchón se le salen los resortes, las cobijas, muy delgadas para el frío que hace. Hicieron escándalo hasta la 1 de la mañana. Los muebles, en general, muy desgastados. En la cocina, lo que hay es una plantilla de un disco, de resistencia. No sirve el agua . No se si en algún momento será, realmente un proyecto turístico. Por el momento es solo algo hecho al paso, por decir que es un centro turístico. Preguntamos por el escándalo y solo nos dijeron, que seguramente era algún hijo del dueño qué viene con los amigos. Decepcionante lugar",2.0,hotel,google_maps,Hace 5 meses,Quinta bella vista,negativa
"Las vistas del lugar son espectaculares. Pero del lugar no puedo opinar lo mismo. El lugar está sumamente descuidado, las cabañas no son como realmente se ven en las fotos (es pequeño) para la fogata no tenían leña, tiene mesa de Pool y Ping pong pero dañadas La cabaña estaba sucia, no tenía agua y definitivamente diferente a las fotos. Está equipado con lo básico",1.0,hotel,google_maps,Hace 9 meses,Quinta bella vista,negativa
"El lugar es bonito una fiesta pero no se parece a las fotos. La cama en el domo privado es pésima, el olor a humo es insoportable, las sábanas están manchadas. También el ruido de la autopista y de los perros es muy difícil de soportar en la noche. Yo tengo un carro eléctrico 4x2 y el carro no llega, yo diría que de preferencia es mejor llegar en 4x4. Rescato que doña Ana no ayudo a llegar pero no fue nada placentero el lugar. Nos fuimos antes incluso pagamos el desayuno pero no lo tomamos, en la mañana nos queríamos ir.",1.0,hotel,google_maps,Hace un año,Quinta bella vista,negativa
"Debo dividir mi reseña en tractos para un mejor entendimiento de las áreas a mejorar: Lo Positivo: El clima es muy agradable, típico de la zona. La comida, tanto la pizza más la sangría y el desayuno estuvieron bien, buen sabor. Lo Negativo: Las instalaciones; tuvimos severos problemas de cortes de fluido eléctrico durante toda la estadía, el cual nos dimos cuenta después de ir a investigar entre la señora que atiende y dos inquilinos, de que era una conexión principal CON CUCHILLA, no existe una caja de registro ni menos breakers adecuados. Se hizo un trabajo de empalmes de varios cables para las 6 cabañas qué todos salen de la misma cuchilla, esto es un severo riesgo de seguridad inclusive porque las placas de la cuchilla estaban desintegradas y el fluido eléctrico dependía de que los cables hicieran contacto forzado entre ellos. Disque se hizo una reparación qué duró funcionando menos de una hora y nos volvieron a dejar sin fluido eléctrico por toda la noche y mañana siguiente. La atención al cliente; después de reportar el problema del fluido eléctrico al contacto que nos brindaron en un inicio nos respondió de mala manera indicando que ""Yo no soy electricista y no puedo resolver"" y también ""Pues se tendrán que quedar a obscuras hasta el siguiente dia"" estas nunca son maneras de responder a una inquietud de un inquilino que está pagando por un servicio. A la mañana siguiente tuve que llamar en reiteradas ocasiones tanto al contacto que atendía en sitio como al contacto donde se hizo la reserva (que por cierto, no es la misma persona) para que se me reitegrara el dinero y no nos devolvieron ni siquiera la mitad de lo pagado partiendo del hecho que ni siquiera nos pudimos bañar en la mañana porque la bomba de agua también depende de la cuchilla dañada. En fin, una experiencia que no le recomiendo a nadie hasta que los dueños del sitio realmente hagan un trabajo de calidad y aseguren un servicio bueno y decente a los inquilinos, también estos mismos dueños dejaron a la señora que atiende en sitio sola y no le tomaban las llamadas para buscar una solución, muy poco profesionales.",1.0,hotel,google_maps,Hace un año,Quinta bella vista,negativa
"Es lugar está bonito, está en reparación y acondicionamiento de su salón de eventos. De fácil acceso, unas vistas muy bonitas. Cuenta con varias casas en renta. Amplios parqueos. Llevar buena suéter porque las tardes y noche son frías.",4.0,hotel,google_maps,Hace 8 meses,Quinta bella vista,positiva
"La estancia fue horrible, nos cortaron el agua en dos ocasiones y ni si quiera nos avisaron, el inodoro pasaba haciendo ruidos extraños porque el agua es bombeada por lo tanto cuando no hay el baño hace ruidos extraños toda la noche, los tubos literalmente explotaban con agua y por ello cada que se lavaban platos terminaba uno mojado, las camas son demasiado incómodas sientes como todos los resortes se meten en tus costillas, literalmente nos cortaron el agua por mas de 2 horas y la luz por mas de 5 horas, para cobrar son buenos pero para dar un servicio es pésimo, en verdad jamas volvería",1.0,hotel,google_maps,Hace 6 meses,Quinta bella vista,negativa
"La calle (cuesta)después de la iglesia catolica es corta pero hay que tener cuidado porque hay huecos y un poco de lastre, tiene una inclinación de 50 grados aproximadamente. La cabaña (familiar) es bonita aceptable.",4.0,hotel,google_maps,Hace 11 meses,Quinta bella vista,positiva
"Muy cómodo, tiene una hermosa vista, para despejarse es genial",5.0,hotel,google_maps,Hace 3 meses,Quinta bella vista,positiva
"Hermoso lugar, hermosa atención!",5.0,hotel,google_maps,Hace un año,Quinta bella vista,positiva
Alguien sabe cuánto cuesta la ora o la noche xfa,3.0,hotel,google_maps,Hace 2 meses,Motel Casa Blanca,neutral
"Lugar horrible sin nada atractivo ni seguro, fue mi peor experiencia en un lugar así jajajaja es enserió muy caro para pocas horas y tiene muchas cosas en mal estado, como la ducha sin agua caliente y sin compuertas de baño lugar al cual no recomiendo a nadie a ir y no volver... mal servicio",1.0,hotel,google_maps,Hace 5 años,Motel Casa Blanca,negativa
"Cuando se trata de servicios al cliente, sea una hospedería de alto calibre o un motel, su nivel de reconocimiento nunca debe de estar menos de cuatro estrellas. Si está por debajo de esa puntuación, la gerencia debiera comenzar a preocuparse. Lamentablemente, muchos de estos lugares, ven al cliente como uno que se encuentra en pasos peligrosos, acompañados con otras personas que no pueden presentar en sociedad. Cuando eso sucede así...es un ""tómalo o déjalo"" por que saben que uno o ambos se encuentran en una acción altamente peligrosa y por tanto, soportan lo que sean y el administrador lo hace o reconoce.",1.0,hotel,google_maps,Hace 3 años,Motel Casa Blanca,negativa
Me encantó les recomiendo este lugarcito,5.0,hotel,google_maps,Hace 2 años,Motel Casa Blanca,positiva
Ni muy bueno ni muy malo más o menos,4.0,hotel,google_maps,Hace 2 años,Motel Casa Blanca,positiva
"Buenos espejos, habitación limpia y ordenada, atentos y seguro",4.0,hotel,google_maps,Hace 2 años,Motel Casa Blanca,positiva
"Excelente servicio y discreción, duramos solo 15 min pero fue lo mejor",5.0,hotel,google_maps,Hace 6 años,Motel Casa Blanca,positiva
Muy malo no reúne las condiciones y tras de eso caro,1.0,hotel,google_maps,Hace 4 años,Motel Casa Blanca,negativa
"Es muy corriente,no tiene TV,no dan cobijas y además la presentación deja mucho que desear como dicen es a lo que vinimos y ya !!!!",2.0,hotel,google_maps,Hace 6 años,Motel Casa Blanca,negativa
"Para pasar una noche bien ,nada mal",5.0,hotel,google_maps,Hace 4 años,Motel Casa Blanca,positiva
Mmmmm di pa la carera esta mas que bueno no hay agua caliente,3.0,hotel,google_maps,Hace 6 años,Motel Casa Blanca,neutral
Muy malo la verda sin jacuzzi nada,1.0,hotel,google_maps,Hace 5 años,Motel Casa Blanca,negativa
"Falta renovar dichas instalaciones , pues los clientes recurren a lugares adecuados",2.0,hotel,google_maps,Hace 6 años,Motel Casa Blanca,negativa
Bastante céntrico pero muy descuidado.,2.0,hotel,google_maps,Hace 3 años,Motel Casa Blanca,negativa
Lo básico para lo q se busca.,3.0,hotel,google_maps,Hace 6 años,Motel Casa Blanca,neutral
La verdad agradable,5.0,hotel,google_maps,Hace 2 años,Motel Casa Blanca,positiva
El peor motel de Cartago .. el lugar es feo no lo recomiendo,1.0,hotel,google_maps,Hace 5 años,Motel Casa Blanca,negativa
Buena atención,3.0,hotel,google_maps,Hace 4 años,Motel Casa Blanca,neutral
Aceptable y barato,4.0,hotel,google_maps,Hace 6 años,Motel Casa Blanca,positiva
Cuanto cobran ?,3.0,hotel,google_maps,Hace 6 años,Motel Casa Blanca,neutral
Poco lujoso,2.0,hotel,google_maps,Hace 6 años,Motel Casa Blanca,negativa
Las residencias más nuevas están muy bien. Se nota mucho la diferencia con las viejas con el solo hecho de que haya un baño por cuarto y en las viejas hay que compartir con los demás cuartos un baño público.,5.0,hotel,google_maps,Hace 6 años,Residencias Estudiantiles Hombres 2,positiva
Estas instalaciones poseen un nuevo edificio completamente equipado para albergar a estudiantes del TEC,4.0,hotel,google_maps,Hace 9 años,Residencias Estudiantiles Hombres 2,positiva
Para entrar tienes que ser residente o tener un permiso especial. Cómo residente te chinean con muchas comodidades,5.0,hotel,google_maps,Hace 6 años,Residencias Estudiantiles Hombres 2,positiva
"Cuartos comodos, y una exelente atención por parte de las trabajadoras sociales.",5.0,hotel,google_maps,Hace 7 años,Residencias Estudiantiles Hombres 2,positiva
Buen lugar sí es un estudiante y tiene bajos recursos económicos,5.0,hotel,google_maps,Hace 8 años,Residencias Estudiantiles Hombres 2,positiva
Excelente servicio todo muy delicioso,5.0,hotel,google_maps,Hace 2 años,Residencias Estudiantiles Hombres 2,positiva
Es un lindo lugar lleno de naturaleza y edificios.,5.0,hotel,google_maps,Hace 7 años,Residencias Estudiantiles Hombres 2,positiva
Residencias muy acogedoras y seguras..dentro del campus del TEC..,4.0,hotel,google_maps,Hace 8 años,Residencias Estudiantiles Hombres 2,positiva
"Muy bonitos, las habitaciones acogedoras y amplias cocinas",5.0,hotel,google_maps,Hace 7 años,Residencias Estudiantiles Hombres 2,positiva
Una buena estructura con lo necesario para cada estudiante,4.0,hotel,google_maps,Hace 6 años,Residencias Estudiantiles Hombres 2,positiva
Muy cómodos y cerca de la institución.,5.0,hotel,google_maps,Hace 7 años,Residencias Estudiantiles Hombres 2,positiva
Residencias para los estudiantes del ITCR. Muy cerca de la Universidad.,5.0,hotel,google_maps,Hace 9 años,Residencias Estudiantiles Hombres 2,positiva
son buenas y existen una nuevas que estan bonitas...,3.0,hotel,google_maps,Hace 8 años,Residencias Estudiantiles Hombres 2,neutral
Residencias cómodas para estudiantes,4.0,hotel,google_maps,Hace 10 años,Residencias Estudiantiles Hombres 2,positiva
Residencias aptas para estudiantes,3.0,hotel,google_maps,Hace 9 años,Residencias Estudiantiles Hombres 2,neutral
Un buen lugar para estudiar,4.0,hotel,google_maps,Hace 8 años,Residencias Estudiantiles Hombres 2,positiva
Para quienes viven largo,5.0,hotel,google_maps,Hace 9 años,Residencias Estudiantiles Hombres 2,positiva
Buen ambiente,4.0,hotel,google_maps,Hace 7 años,Residencias Estudiantiles Hombres 2,positiva
Nada especial,1.0,hotel,google_maps,Hace 7 años,Residencias Estudiantiles Hombres 2,negativa
Lindas instalaciones,3.0,hotel,google_maps,Hace 9 años,Residencias Estudiantiles Hombres 2,neutral
"Un lugar con mucho potencial, vistas de la ciudad muy lindas , nada mas les falta enfocarse en ir organizando poco a poco el lugar, algo que me pareció muy triste es que han cortado muchos árboles , y muy a la orilla de la quebrada , seria bueno sembrar mas bien mas arboles mas que todo en la zona de los glampings .",4.0,hotel,google_maps,3 semanas atrás,Rancho Camurí,positiva
"Excelente ubicación, cerca de Tres Rios y una vista increíble. En el pasado he tenido la oportunidad de tener un glamping acá y la verdad es que es fiel a eso, las comodines necesarias para no tener tienda",5.0,hotel,google_maps,Hace 3 meses,Rancho Camurí,positiva
"Excelente localidad, para pasar un excelente día en familia",5.0,hotel,google_maps,Hace 2 meses,Rancho Camurí,positiva
"Segunda vez en este lugar tan lindo, primero fuimos de glamping! Una noche linda, tranquila, con mucho frío pero hermosas vistas! La pasamos increíble y aprovechamos para ir a conocer los senderos, espacio de juegos y demás! Ahora volvimos para celebrar un cumpleaños y nuevamente todo maravilloso, el lugar limpio, amplio, bellas vistas, la piscina limpia! TODO DE MARAVILLA, muy recomendado",5.0,hotel,google_maps,Hace un año,Rancho Camurí,positiva
Sinceramente el lugar está bonito!! Me gustaron las vistas!! Visitamos el lugar con el grupo Tiliches!! Y todo perfecto!!,5.0,hotel,google_maps,Hace 7 meses,Rancho Camurí,positiva
"Hermoso lugar con vistas impresionantes. Para ver el atardecer es una gran opción. Se pueden hacer fogatas, se puede acampar e incluso se pueden organizar actividades como retiros. La administradora Jackeline es muy atenta y bella persona. Gracias también a la cocinera que nos dió comida muy rica y caliente para no tener tanto frío. En esta primera ocasión fui con amigos a ver planetas en telescopios, fue de lujo! Si se quieren quedar en sus glamping sepan que son nivel rústico sin amenidades lujosas. En caso de querer quedarse les recomiendo considerar acampar en su propia tienda",5.0,hotel,google_maps,Hace un año,Rancho Camurí,positiva
"Lo bueno: la vista es hermosa. Se puede aprovechar el sendero para caminatas. Hay zona para acampar y glamping. Los dueños son muy amables. Lo malo: el camino en verano se hace demasiado polvo, con solo caminar, deben mejorarlo. Los senderos les falta demarcación, sólo tienen unas cintas de colores, podrían colocar señales en puntos estratégicos. El salón es muy cerrado sin ventanas, sólo una puerta, en verano se siente mucho el calor adentro. La comida es mala. Sí hay una piscina pero se ve como si fuera una pileta para toma de agua de animales. No es apta para bañarse. El lugar es rústico pero en general está muy descuidado, señales, baños, salón, piscina, comida.",2.0,hotel,google_maps,Hace 3 años,Rancho Camurí,negativa
Es el lugar perfecto para una escapada de fin de semana. Hay mucho espacio para acampar y pasar un día tranquilo. Las vistas a Cartago y San José son hermosas.,5.0,hotel,google_maps,Hace un año,Rancho Camurí,positiva
"Acampamos Estaba bonito, ordenado y barato. Eso sí, alguno de los baños no servían muy bien y son medio feitos. El área es muy amplia, pet frendly, se puede hacer glamping o acampar., también se puede alquilar para eventos. Se puede hacer caminata por unos senderos y en la noche la vista es espectacular. Hace mucho frío, para que vayan abrigados (as)",4.0,hotel,google_maps,Hace 3 años,Rancho Camurí,positiva
"Visitamos este lugar el 1 de enero, pagamos un pase del día, 6 adultos, 4 mil colones por persona. Los últimos 400 metros para llegar al lugar es un trillo de tierra de un solo carril, por lo que toparse vehículos de frente implica maniobrar en muy poco espacio. Al llegar no sabíamos donde parquear ni quién iba a verificar el pase del día que pagamos, fue confuso, tuvimos que preguntar por alguien que nos atendiera. Lo positivo del lugar es la ubicación por las vistas que tiene. Otro punto positivo es que tiene senderos para caminar pero no están debidamente señalados, por lo que optamos por no caminar mucho y devolvernos. El que reciban mascotas se aprecia. Para mí esos puntos fue lo único positivo. El servicio sanitario más cercano a donde estábamos sentados no tenía papel higiénico y las puertas no trababan bien, había que vigilar afuera para que otra persona no entrara. En la página de Facebook se promocionan algunas ""atracciones"" o ""juegos"" pero de eso mejor ni hablo porque nada que ver. Desde que vi la pagina de Facebook me di cuenta de que no pintaba mucho, pero igual lo visitamos para conocer, sin embargo no me equivoqué con las sensaciones que tuve al ver el Facebook, pues es lo que hay.",2.0,hotel,google_maps,Hace 3 años,Rancho Camurí,negativa
"Pésimo servicio, las instalaciones deplorables, los “juegos” muy inseguros y el sendero no es lo que ellos dicen, no son 14km a duras penas llegan a 4km, ni se logra el llegar a un río como ellos prometen. Los perros muy agresivos, el camping muy descuidado, los baños en condiciones pésimas. Se nota que todo es hecho por ellos. No recomiendo llevar animales ya que en todo el recorrido escuché animales silvestres que pusieron muy nervioso a mi perro. Lo único rescatable es la vista, por lo demás es una pérdida de dinero!",1.0,hotel,google_maps,Hace 3 años,Rancho Camurí,negativa
"Es un lugar hermoso cerca de San José, con senderos, ríos y juegos recreativos muy divertidos. Limpio, con vistas espectaculares, baños limpios y accesibles, asadores, salón. Su gente tan bella hace que todo sea mucho mejor.",5.0,hotel,google_maps,Hace 6 años,Rancho Camurí,positiva
Sería bueno que una persona dedicada al turismo reciba a los visitantes. Les de la bienvenida y las indicaciones generales del lugar y especificar que es aparte de Bambú. Las fotos muestran otra realidad del lugar que en realidad está muy descuidado y viejo. Y si vas con niños los juegos más bien es un atentado de accidente.,1.0,hotel,google_maps,Hace 3 años,Rancho Camurí,negativa
"Las condiciones de los sanitarios eran muy malas Instalaciones eléctricas descubiertas con empalmes al aire, sin entubación; donde con las lluvias en cualquier instante hacen corto circuito No tienen aseo alguno, almohadas negras y colchones también Sin querer utilizamos los servicios sanitarios de Bambú porqué cuando llegamos no se nos informó que esa zona no era parte del parque Los juegos son peligrosos, al igual que los gamplings Parece que esta construido por ellos mismos y no tienen ni idea de esto Ni siquiera ofrecen jabón y algunas areas sin agua Lo único rescatable son las vistas y los senderos Aunque los senderos no estan bien señalizados y es fácil perderse y llegar a otras areas de sus supuestos juegos peligrosos No me gustaria volver, perdí mi dinero Terrible y peligroso",1.0,hotel,google_maps,Hace 3 años,Rancho Camurí,negativa
"Bellísimo el lugar, la atención es de los propios dueños y te atienden mucho cariño y disposición, es un lugar perfecto para alejarse del stress de la ciudad, ideal para sacar a los niños de las comodidades y que vivan un día de montaña diferente.",5.0,hotel,google_maps,Hace 3 años,Rancho Camurí,positiva
"Principalmente el lugar para llegar no se encuentra en las condiciones adecuadas, por lo que si va con su vehículo prepárese para que este tenga muchos inconvenientes, por otro lado en el caso de los glampings las sábanas, colchones y almohadas están horriblemente asquerosas, por otra situación las instalaciones están hechas por ellos por lo que es peligroso que estas se rompan, en el área de los servicios están malos y para poder ir tienes que tener tu mano en la puerta porque si no te abrirán. Por lo que como consejo deberían poner más atención en los detalles, ya que resta mucho al lugar.",1.0,hotel,google_maps,Hace 3 años,Rancho Camurí,negativa
"Lo único rescatable es la vista... La zona de acampar está sobre tierra suelta y por solo caminar el polvo que levanta es excesivo, el viento genera oleadas de polvo q caen sobre los alimentos y sobre la tienda, la cual sale embarrealada por el sereno de la noche. Los perros no son nada amigables estallan las pelotas que se les acerquen y atacan a los visitantes uno incluso me mordió. Los sanitarios no tienen picaporte por lo que es incómodo usarlos ya que la puerta se abre si no la sostienes con la mano. Adicionalmente aunque te digan que puedes poner música te pasan llamando la atención para que no hables duro o q le bajes el volumen.. En resumen no la recomiendo.",1.0,hotel,google_maps,Hace 5 años,Rancho Camurí,negativa
"Deberían rotular más y mejor para que la llegada al lugar no sea un verdadero dolor de cabeza. Maps y Waze fatal. También deberían explicar como es el lugar y las condiciones en que está (baños compartidos al final de la propiedad, los glampings en pésimas condiciones de seguridad, literalmente duermes sobre una tarima), LAS CONDICIONES DE REMBOLSO, SON UNA ESTAFA. Definitivamente no lo recomiendo en absoluto.",1.0,hotel,google_maps,Hace 3 años,Rancho Camurí,negativa
"Es un lugar para relajarse, meditar disfrutar del silencio, frío así que traer doble abrigo, gorro, una vista de Cartago y San José, Este. Los dueños muy amables y respetuosos. Los precio razonables.",5.0,hotel,google_maps,Hace 5 años,Rancho Camurí,positiva
"Es para desconectarse del día a día, los anfitriones son como la familia cuando se visita a alguien lejano y lo atienden como en casa, el paisaje es increíble se observa , Cartago, Tres Ríos, Curridabat, si no tienen tienda de acampar, ellos tienen Clamping muy cómodos, es una propiedad muy segura, además los perros son bienvenidos y disfrutan mucho en los senderos, en fin es una experiencia para toda la familia.",5.0,hotel,google_maps,Hace 4 años,Rancho Camurí,positiva
"Lugar muy bonito para compartir con la familia y amigos, pero el inconveniente es que la vía de acceso es angosta y sólo permite el paso de un vehículo a la vez.",4.0,hotel,google_maps,Hace un año,Rancho Camurí,positiva
"Bonito lugar, accesible, económico, dueños muy amables. Se trata podría ser mejorar un poco al señalización de los senderos, pero en general un lugar muy agradable para acampar.",5.0,hotel,google_maps,Hace 3 años,Rancho Camurí,positiva
"Lugar sencillo pero muy amplio, se puede caminar, acampar, hacer fogatas, carne asada o llevar comidas y disfrutar con la familia o amigos, también se llevar mascotas y la vista hermosa",4.0,hotel,google_maps,Hace 2 años,Rancho Camurí,positiva
"Un lugar para distraerse darse una escapadita, las vistas en cielo despejado e ir acampar con buena luna lo hacen un lugar muy genial y también llevar a los amigos porque no...",5.0,hotel,google_maps,Hace 2 años,Rancho Camurí,positiva
"El lugar es bonito pero muy descuidado, la picina estaba sucia, la comida sin sabor, habitaciones muy pequeñas (glamping) es una opción para bajo presupuesto.",3.0,hotel,google_maps,Hace 2 años,Rancho Camurí,neutral
"El peor lugar donde ir a ser ROBADO no muestran las intenciones TAN DETERIORADAS nunca se debe llevar a la familia porque TIENEN ANIMALES PELIGROSOS ( perros) uno de los compañeros fue atacado ( tenemos videos) y la encargada dijo no es grabé, después de ese ataque estábamos jugando y otro perro nos volvió atacar estallando 2 bolas, aparte de eso no pudimos estar cómodos en toda la estadía, lo único que se rescata son las vistas, solo como muestra los baños no están en condiciones ya que la puerta se tiene q sostener con una mano porque no cierra, es la PEOR QUE UNA PERSONA PUEDE VIVIR EL PEOR LUGAR a menos que usted quiera o le guste que ser lastimado, agredido o que le roben el dinero con el peor descaro.",1.0,hotel,google_maps,Hace 5 años,Rancho Camurí,negativa
"Lugar en decadencia, para el camping tiene lo básico, pero se ve como fue construido talvez por ellos mismos, y todo es viejo y feo. Tiene buena vista a valle de Cartago y una parte a SJ pero no volvería.",1.0,hotel,google_maps,Hace 4 años,Rancho Camurí,negativa
"Bonito lugar, hermosa vista, precio asequible, punto en contra, el deplorable estado en que se encuentran los cachorros de pastor alemán que está en la propiedad,y que la entrada no es para todo tipo de vehículo.",4.0,hotel,google_maps,Hace 5 años,Rancho Camurí,positiva
"La gente se queja pero no sé da cuenta que es un lugar para alejarse de las comodidades y disfrutar de la naturaleza y sobretodo la familia es un lugar para compartir hacer una fogata y comer marshmallows ,tiene los servicios básicos agua ,luz y duchas algunos senderos un caballo que se llama Charlie y algunos pastores alemanes muy amigables .",5.0,hotel,google_maps,Hace 4 años,Rancho Camurí,positiva
"Es un lugar muy lindo, la atención es genial y hay demasiadas formas diferentes de pasarla bien. Me encanta.",5.0,hotel,google_maps,Hace 5 años,Rancho Camurí,positiva
"Excelente lugar para conectarse con la naturaleza, acampar u hospedarse en los glamping todo super seguro y limpio",5.0,hotel,google_maps,Hace 2 años,Rancho Camurí,positiva
"No conocía el lugar, la vista hermosa, para camping está genial, un poco descuidado ciertas zonas pero en general para un picnic familiar el domingo o un camping de fin de semana está muy bien!",4.0,hotel,google_maps,Hace 4 años,Rancho Camurí,positiva
"Un lugar precioso: El lugar cuenta con salón de eventos, Cocina Venezolana, senderos, juegos de monataña, río, camping, lugar especial para convivencias y retiros. Una vista única de Cartago y San José. Precios muy cómodos",5.0,hotel,google_maps,Hace 7 años,Rancho Camurí,positiva
"Siempre es un gusto visitar este lugar tan hermoso y con unos anfitriones tan amables, que me hacen sentir muy bienvenida.",5.0,hotel,google_maps,Hace 5 años,Rancho Camurí,positiva
"Un lugar hermoso, mucha naturaleza, me encantó que aceptaran mascotas, la dueña muy amable! Para contacto con la Naturaleza es ideal!",5.0,hotel,google_maps,Hace 5 años,Rancho Camurí,positiva
"Lindo, práctico, pet frendly una forma diferente de acampar .. me encantó y volvería a ir muchas veces más .",5.0,hotel,google_maps,Hace 4 años,Rancho Camurí,positiva
"El lugar tiene una vista increíble, los encargados súper amables. Ideal para actividades de grupo",5.0,hotel,google_maps,Hace 7 años,Rancho Camurí,positiva
"Un lugar muy lindo para acampar, tiene una vista impresionante de Cartago. Pero las instalaciones están descuidadas, en especial las duchas.",3.0,hotel,google_maps,Hace 5 años,Rancho Camurí,neutral
"Un hermoso lugar para ir con la familia, y disfrutar el día, hay senderos y otras actividades para todo.",5.0,hotel,google_maps,Hace 5 años,Rancho Camurí,positiva
"Un lugar que te permite disfrutar en familia con una atención especial de sus dueños doña Liakelin y Don Cesar, super recomendado, contacto con la naturaleza y juegos para divertirte en familia, amigos o terapias grupales para empresas",5.0,hotel,google_maps,Hace 4 años,Rancho Camurí,positiva
"Lugar bello la atención genial la tranquilidad y las vistas son geniales los senderos, volveremos sin duda alguna",5.0,hotel,google_maps,Hace 5 años,Rancho Camurí,positiva
"Hermoso lugar, totalmente perfecto para compartir con la naturaleza, excelente atención!!",5.0,hotel,google_maps,Hace 5 años,Rancho Camurí,positiva
Le falta un poco más de mantenimiento a las instalaciones. La vista es hermosa y el clima puede ser muy frío y lluvioso.,3.0,hotel,google_maps,Hace 4 años,Rancho Camurí,neutral
Excelente ambiente familiar y para compartir con amigos y la atención excepcional como para sentirse en casa,5.0,hotel,google_maps,Hace 3 años,Rancho Camurí,positiva
"Super lindo, la atencion de los señores super buena, un lugar muy tranquilo para relajarse..!",5.0,hotel,google_maps,Hace 7 años,Rancho Camurí,positiva
"Fue una de las experiencias mas feas y horribles de mi vida, La señora nos regañaba a cada rato, me puso una gallina en la cabeza ,y era muy estricta,NO lo recomiendo para nada",1.0,hotel,google_maps,Hace 6 años,Rancho Camurí,negativa
"Una experiencia inolvidable, tiene una vista increíble, en la noche es aún mejor, los glamping son cómodos, algo rústicos pero es la idea de su uso.",5.0,hotel,google_maps,Hace 4 años,Rancho Camurí,positiva
Excelente lugar... hermosa vista... ideal para acampar,5.0,hotel,google_maps,Hace 3 años,Rancho Camurí,positiva
"Es un lugar único y hermoso, vives la naturaleza en estado puro, tienes playa, vista de animales, manglar, debes tener cuidado con los monos ya que se llevan tus cosas si no estas atento. Visitamos este lugar con mis hijas pequeñas de 3 y 8 años, les encantó, no debes recorrer largas distancias para llegar a la playa. Como recomendaciones, debes comprar los tickets hoy dia antes e ingresar temprano, tipo 8am, de esta forma optimizar el tiempo y sobretodo vas a tener sombra ya que el sol es bastante fuerte.",5.0,parque,google_maps,3 semanas atrás,Parque Nacional Manuel Antonio,positiva
"Increíble!! Lleno de flora y fauna del país, con caminos fáciles de recorrer, distintas rutas y variedad de playas hermosas. Si estás de suerte podrás ver a los animales en su hábitat natural. Aparte del costo de la entrada al parque, si recomiendo contratar el paquete del guía ya que ellos conocen los nombres y muchas especies de animales y plantas lo cuál lo hace mucho más completo. Pura vida",5.0,parque,google_maps,Hace un mes,Parque Nacional Manuel Antonio,positiva
"He visitado este PN en Costa Rica y por algo es el más visitado del país. Es un parque pequeño que puedes recorrer tranquilamente observando fauna muy diversa, principalmente perezosos, monos, cangrejos, iguanas… Tienes que pasar el control donde te supervisan las mochilas (hay lockers) y luego compras el ticket. La parte del tómbolo que separa las playas de Manuel Antonio y la Playa Espadilla es un icono del parque. Te recomiendo hacer el treking por Punta Catedral para que tengas unas bonitas vistas desde sus miradores y puedas observar más fauna allí (no estaba tan masificado). Tienes la opción de contratar guía que te acompaña a observar fauna con su telescopio. De lo mejor que he hecho en Costa Rica!",5.0,parque,google_maps,Hace un mes,Parque Nacional Manuel Antonio,positiva
"El 6 de abril visitamos el Parque Nacional Manuel Antonio con un grupo de 30 personas. Lo primero que debo decir es que, cuando viajas con un grupo grande, la compra de entradas se vuelve bastante complicada. Sería mucho más práctico contar con opciones específicas para grupos, no necesariamente en taquilla, pero sí algún sistema que facilite este proceso. En nuestro caso, llegamos aproximadamente 2 horas después de nuestra hora de entrada, y curiosamente esto jugó a nuestro favor, ya que había menos gente en los senderos. Gracias a eso pudimos disfrutar mucho más la experiencia y observar varias especies: monos capuchinos, una familia de monos tití a muy corta distancia, dos perezosos, serpientes, basiliscos, entre otros. La única desventaja fue que ya no tuvimos mucho tiempo para disfrutar la playa, ya que el parque cierra relativamente temprano. Sin embargo, también es importante entender que estamos en un área protegida: nosotros somos los visitantes y es fundamental respetar los tiempos y el entorno de los animales. En cuanto a las instalaciones, los baños actualmente están en malas condiciones, aunque se nota que están en proceso de mejora, lo cual es una excelente noticia. Sobre los alimentos, hay un cambio muy positivo. Hace un año se permitía el ingreso con comida y eso generaba mucho desorden, sobre todo por la interacción con los monos. En esta ocasión, se percibe un mejor control, menos contacto con la fauna y un parque mucho más limpio. Sin duda, es un lugar al que volveríamos. Solo dejaría como recomendación mejorar la agilidad en el proceso de acceso para grupos.",5.0,parque,google_maps,Hace 3 meses,Parque Nacional Manuel Antonio,positiva
"Está muy bien, hay “guías” adentro que te muestran la fauna con telescopios, porque todos los animales están lejos, si está bien, pero, son muchas lagartijas y casi no se ven los monos y los perrsozos por lo lejos. Y los guías cobran más de lo que cuesta la entrada, no sé si vale la pena, a veces los monos se acercan y los puedes ver sin telescopio. La playa está genial.",5.0,parque,google_maps,2 semanas atrás,Parque Nacional Manuel Antonio,positiva
"Un sendero central y otros alternativos te llevan a conocer flora y fauna. Por momentos estas en el medio de la selva, que huele a tierra mojada y se oye el mar. Los monos andan por todos lados, es importante no alimentarlos y tampoco asustarlos. Solo dejar que ellos caminen con vos o anden libres por su hábitat. Hay cangrejos, arañas, víboras, iguanas. Y hay tambien perezosos! Al final del recorrido esta la playa para relajar y descansar. Ojo con las pertenencias porque los monos andan por ahi y querrán ver que tienes! Son curiosos. Se puede ir de ojotas, pero recomiendo un calzado cómodo como zapatillas. Agua solo en botellas de metal. No se permite ingresar con comida o botellas de plástico.",5.0,parque,google_maps,Hace 3 meses,Parque Nacional Manuel Antonio,positiva
"El parque en sí es muy bonito y tiene muchos animales para ver. Debes comprar los boletos en la página oficial del parque. No necesitas un guía. De hecho, debes seguir la localización hasta completarla. Hay muchos guías en medio del camino que te preguntan “¿Con guía o sin guía?” Si te paras y sigues sus instrucciones te estafan cobrándote $60 x persona por encima de la entrada que ya pagaste online. Si no obtienes una de las ofertas que ellos te hacen te dan direcciones para que te estaciones afuera del parque y a que estés solo en la playa que está fuera del parque. No permitas que te den direcciones. El parque se puede caminar solo sin guía y AÚN ASÍ VAS A VER MUCHOS ANIMALITOS. Si llegas hasta el punto de la localización verás el estacionamiento. Allá también habrán muchos guías más con otras ofertas y vendedores.",3.0,parque,google_maps,Hace un mes,Parque Nacional Manuel Antonio,neutral
"No me gusto porque no tiene estacionamiento, lo unico que te dicen es que debes tener cuidado porque roban articulos de los carros. Tampoco te explican nada en la entrada. En la visita a los parques nacionales te obligan a pagar un guia porque no te ofrecen mapa ni ninguna orientation, a menos que uno mismo pregunte. Nosotros no tomamos guia, buscamos informacion online, preguntamos alli, y ademas segun caminabamos las personas te dejan saber lo que estan viendo. Me gusto porque hicimos el recorrido a nuestro paso y gusto. La playa es hermosa, y pudimos observar varios animales.",4.0,parque,google_maps,Hace 5 meses,Parque Nacional Manuel Antonio,positiva
"Por algo este parque nacional está de portada en National Geographic Traveller super limpio, lleno de vida silvestre (monos, iguanas, cangrejos, perezosos, aves..) la playa Manuel Antonio increíble. Hay que llevar botella de agua reutilizable, no se permite nada de plástico pero esto garantiza la limpieza que hay y el premio de bandera azul. Volvería todas las veces que pueda De mi parte recomiendo llegar bien temprano al parque y así entrar con tiempo. En temporada alta las filas son más largas. En este mes de junio por las tardes hay más lluvias, aparte que el parque lo cierran no tan tarde. Cerca hay muchos comercios y restaurantes que pueden ver precios diferentes, o bien más oferta en quepos.",5.0,parque,google_maps,Hace un mes,Parque Nacional Manuel Antonio,positiva
"Hermoso el parque y sus playas. Recomiendo hacerlo si o si con guía para ver bien de cerca a los animales e ir temprano. En nuestro caso, había bastante gente en las playas, así que nos quedamos hasta el mediodía y después nos fuimos a Espadilla",5.0,parque,google_maps,Hace 2 meses,Parque Nacional Manuel Antonio,positiva
"Considero que es caro para lo que ves de animales , mucha gente apelotonada alrededor de unos prismáticos de los guías para ver unas arañas , un perezoso que los ves en mil lugares del país , unos monos que te roban mochilas jejejej y unas lagartijas . Senderos muy marcados y masificados. Lo que más me gustó fueron las dos playas que hay dentro del recinto por su arena y ubicación .",3.0,parque,google_maps,Hace 5 meses,Parque Nacional Manuel Antonio,neutral
"La entrada se compra por Sinac, te dan un comprobante que tiene un código de barras y un número, con eso se accede al parque. Es un lío ir con el auto, si estás en Quepos conviene tomar el colectivo, sale 370 colones y te deja a metros del parque. Con esto te ahorras el trastorno de intentar estacionar y además pagar por ello. Al ingresar revisan mochilas, no está permitido llevar botellas de plástico ni nada para comer. Se pueden llevar botellas reutilizables. No está permitido tocar ni alimentar a los animales. Cuando fuimos había dos senderos qué estaban clausurado. Es recomendable sacar entrada el día anterior para poder elegir horario, el mejor horario es bien temprano a la mañana, que si bien hay mucha gente te da más tiempo para disfrutar del parque dado que a las 15 ya hay que retirarse. Todo aquí es para disfrutar, sin guía es difícil avistar animales, así que cada vez que veíamos a un guía apuntando con su teleobjetivo nos parábamos a mirar. Se pueden observar perezosos, monitos carablanca, tití y el aullador. También iguanas, camaleones, aves, pelícanos. En las playas, si la marea está baja se puede nadar y también hacer snorkel, sobre todo en la Manuel Antonio sobre el lado derecho. Hemos visto peces de colores, los rayados amarillos, azules, rayados blanco y negro, los medios traslúcidos y unos plateados más grandes. Si dejas la mochila en la playa seguramente algún monito catablanca va a venir a abrirla y resolverla en búsqueda de comida. No son agresivos, pero sí muy búscones. En el pasado esto trajo conflictos es por ello que no se deja ingresar con alimentos. En el parque tenes sectores con canillas para quitarte la arena, también canillas para cargar agua. El baño, cuando fuimos, estaba en mal estado. Hay un sector para comer, no es gran cosa, pero está bien. Tener en cuenta que el parque es muy visitado, lo recordable es caminar en silencio, no gritar, respetar aquellos un uno va a apreciar.",5.0,parque,google_maps,Hace 6 meses,Parque Nacional Manuel Antonio,positiva
"Hermoso parque que se puede recorrer con facilidad. Hicimos el recorrido hasta la playa Manuel Antonio, pasando luego por playa Espadilla sur y volviendo al inicio. Hay mucho más para ver que quedará para otra oportunidad. Seguramente la próxima vez lo visite más temprano. Fuimos a las 9 y ya estaba muy concurrido. De todas formas lo disfrutamos mucho.",5.0,parque,google_maps,Hace 4 meses,Parque Nacional Manuel Antonio,positiva
"Sin duda, es uno de los parques más hermosos de Costa Rica. La playa está impecable, el entorno es espectacular y se nota el gran esfuerzo por proteger y conservar la fauna que habita en el lugar. El único aspecto a mejorar es el tema de los guías. Resulta curioso que, en un país tan ordenado, esta parte parezca poco regulada: desde personas que interceptan a los visitantes antes de llegar al estacionamiento, hasta el hecho de que, sin un guía, puede ser difícil apreciar bien a los animales, aunque estén a la vista de todos. Mi recomendación sería establecer una regulación más clara, integrando el servicio de guías de forma oficial, con tarifas definidas y una oferta transparente que mejore la experiencia para todos los visitantes.",4.0,parque,google_maps,Hace 3 meses,Parque Nacional Manuel Antonio,positiva
Buen lugar. Hay un café donde se puede comer y en la playa se puede nadar. Cerca suelen aparecer animales y los monos no le tienen miedo a la gente,5.0,parque,google_maps,Hace una semana,Parque Nacional Manuel Antonio,positiva
"Extraordinario, uno de los lugares mas hermosos que he visitado. Recomiendo comprar las entradas con anticipación sobre todo para los que quieren ingresar en los primeros grupos (7 y 8 am). La cantidad de fauna que te puedes encontrar si tienes paciencia y buen ojo, es altísima. Si quieres ver perezosos es mejor contratar un guía con lente propio para que te los muestren, de otra manera se hace difícil.",5.0,parque,google_maps,Hace 5 meses,Parque Nacional Manuel Antonio,positiva
"Fabuloso lugar para apreciar y tener un contacto con la naturaleza y fauna de Costa Rica, además la playa está increíble. Es importante seguir las indicaciones de no ingresar comida, no tirar basura y sobre todo No salirse de los senderos y no acercarse a ningún animal.",5.0,parque,google_maps,Hace un mes,Parque Nacional Manuel Antonio,positiva
"He visitado varios parques antes de este en Costa Rica y este no está sobrevalorado como lo puedan decir otras personas. Las playas son preciosas y hay muchos monos que puedes ver de cerca. Ojo fui en temporada “baja”. Pero realmente todos los turistas se quedan en el mismo punto y no se aventuran, así que nada más es escoger los demás senderos y te encuentras totalmente solo.",5.0,parque,google_maps,Hace 2 meses,Parque Nacional Manuel Antonio,positiva
"Importante si quieren hacer los senderos escoger el horario de la mañana ya que calienta terrible al medio día. Prohibido el ingreso de alimentos de ningún tipo ni frutas snacks nada, el Parque Nacional Manuel Antonio cuenta con cafetería, No se pueden ingresar botellas plásticas de un solo uso, Vapeadores ni bloqueadores o bronceadores en Aerosol, cuentan con casilleros por si ocupan dejar algo guardado.",5.0,parque,google_maps,Hace 2 meses,Parque Nacional Manuel Antonio,positiva
"Recomiendo ampliamente visitar este parque junto a un guía de turistas (naturalista), ya que ellos pueden identificar animales que pasarían desapercibidos por alguien que no está acostumbrado a estos paisajes. Tengan cuidado con sus pertenencias porque los monos cara blanca disfrutan de abrir mochilas y ver qué hay dentro. Las playas son preciosas!",5.0,parque,google_maps,Hace 4 meses,Parque Nacional Manuel Antonio,positiva
"Mi experiencia en el Parque Nacional Manuel Antonio fue excelente. Me gustó mucho lo bien controlado y organizado que está todo el parque. Algo que valoro muchísimo es que se puede comer dentro de áreas cerradas, lo cual evita interferir con la biodiversidad y protege a los animales, demostrando un verdadero compromiso con su cuidado. Además, el parque está impecablemente limpio, sin duda uno de los lugares naturales más limpios que he visitado, incluso comparado con otros parques. Se nota el respeto por la naturaleza y la conservación del entorno.",5.0,parque,google_maps,Hace 5 meses,Parque Nacional Manuel Antonio,positiva
"Parque Nacional, declarado Reserva por el Gobierno de CR. Esta cuidado por guarda parques y policia de Bosques. Vale la pena ir con un guia, porque ellos saben donde encontrar los animales y avistamiento de aves. No es que haya muchos. Lamentablemente la explotación turística modifica el habitad y los habitos de la fauna local. No se respeta mucho el ir en silencio, lo cual rs molesto hasta para los que nos gusta ir despacio y admirando la naturaleza. El parque esta bien conservado al ingresar revisan bolsos ya que no esta porque ↔ está permitido ingresar con descartables y aerosoles, ni alimentos. Hay lockers para dejar esos articulos. La recorrida es de 2 horas aprox. Y luego se puede disfrutar de la playa de la reserva hasta las 3 pm. El parque cierra a las 16.",5.0,parque,google_maps,Hace 6 meses,Parque Nacional Manuel Antonio,positiva
"Maravilloso parque, de verdad FELICITO a todos quienes cuidan y conservan esta área de reserva natural. Para entrar se deben reservar las entradas en su pagina web con anticipación, tiene mucha demanda. Recomiendo el primer turno de la mañana a las 0700 hrs, así podrás disfrutar de el parque y sus playas, la salida es a mas tardar a las 1500 hrs. Recomiendo contratar un guía, en nuestro caso nos acompaño Alvin, ya que ellos pueden ver fauna que a simple vista pasa desapercibida, además de conocer sus nombres y características. Debo destacar a nuestro guía, ALVIN conocedor del lugar y la biodiversidad que allí habita, muy apasionado y que realmente ama el lugar y su labor, nos enseño mucho respecto a como cuidar el medio ambiente. Lleven agua en botella retornable no plástica, no se permite entrar ningún tipo de elemento que pueda contaminar el parque. Usen zapatillas cómodas, se debe caminar bastante y usen bloqueador solar. Las playas dentro del parque... maravillosas. Definitivamente volvería.",5.0,parque,google_maps,Hace 4 meses,Parque Nacional Manuel Antonio,positiva
"El parque en si es un sueño, la naturaleza por si sola es un 5 estrellas. El puntaje de 3 estrellas se lo doy a las personas básicamente. En nuestra llegada 8am se nos tiraban encima para que estacionamos el auto (personas con identificación) y se lo dejamos a un muchacho que nos trató muy mal. Luego en la entrada te sacan comida y bebidas, la comida se entiende porque no hay que alimentar a los animales pero asi y todo adentro hay un restaurante entonces no se conduce con lo de la entrada, claramente es un negocio. Luego a diferencia de cahuita por ejemplo, hay mucha mas gente y tuvimos un guía de un grupo que andaba por ahí que palmeo dos veces a mi novia para hacerla apurar porque habia un perezoso y realmente fue muy maltratador. Todo esto que les cuento hace que mi puntaje no sea 5, la playa y los animales son y serán siempre un 1000 estrellas",3.0,parque,google_maps,Hace 2 meses,Parque Nacional Manuel Antonio,neutral
"Visitamos el Parque Nacional Manuel Antonio y, aunque es un lugar muy conocido, nuestra experiencia no fue del todo positiva. Es importante saber que las entradas deben comprarse con bastante antelación, especialmente en época de vacaciones. De lo contrario, prácticamente la única opción es contratar un tour con agencia, lo que encarece bastante la visita. Al llegar a la entrada, llama la atención la cantidad de negocio alrededor del parque: personas en la calle indicando (e insistiendo) dónde aparcar, ya que todos los aparcamientos son de pago. Esto genera una sensación algo incómoda desde el principio. Dentro del parque, aunque el entorno es bonito, no tuvimos la suerte de ver muchos animales. Además, parte del recorrido transcurre por caminos de grava que no transmiten la sensación de estar en un entorno tan natural como en otros parques del país. En conjunto, la experiencia tuvo más aspectos negativos que positivos. Una pena, porque esperábamos mucho más de este parque.",3.0,parque,google_maps,Hace 3 meses,Parque Nacional Manuel Antonio,neutral
Lindo parque aunque atestado de gente. La playa es de lo mejor que vi en costa rica (aunque no fui en plan de playas). Si o si entrar con guía sino no verás un solo animal.,4.0,parque,google_maps,Hace 3 meses,Parque Nacional Manuel Antonio,positiva
"El parque es espectacular, las 3 son porque esta tan mal el ingreso, donde gente se te rira arriba del vwhiculo para que estaciones. Lo note muy agresivo toda la entrada, como te quieren vender todo, pero de una manera bastante agresiva. Ojala el estado haga algo porque el parque no se merece ese ingreso.",3.0,parque,google_maps,Hace un mes,Parque Nacional Manuel Antonio,neutral
"El segundo parque más visitado después de machu pichu. Vimos un montón de animales, eso sí haciéndolo con guía lo recomiendo 100%, en nuestro caso con Diego de Guach Nature, espectacular con el telescopio, sino no verás mucho y será un paseo por el sendero, estos animales se camuflan perfectamente! La playa simplemente espectacular",5.0,parque,google_maps,Hace 9 meses,Parque Nacional Manuel Antonio,positiva
"El parque destaca principalmente por su entorno natural y la belleza del trekking entre selva, playas y miradores. Los senderos permiten disfrutar del paisaje y de la experiencia de estar en contacto con la naturaleza, que sin dudas es el mayor atractivo del lugar. Sin embargo, la infraestructura y el mantenimiento dejan bastante que desear. Durante la visita se notó un claro descuido general: los baños estaban sucios y mal mantenidos, la cartelería de los senderos es antigua, deteriorada y en algunos tramos insuficiente, lo que dificulta la orientación. También se percibe una falta de señalización clara y de puestos de hidratación a lo largo del recorrido, algo importante considerando el clima y la exigencia física. Dentro del parque hay solo un restaurante, con opciones muy limitadas y sin comodidades básicas como aire acondicionado o espacios agradables para descansar. La zona gastronómica resulta desprolija y poco invitante, lo que no incentiva a permanecer más tiempo dentro del parque. En conclusión, el Parque Nacional Manuel Antonio es recomendable para realizar un trekking y disfrutar del entorno natural, pero más allá de eso no invita a quedarse demasiado tiempo. Con una mejor gestión, mantenimiento e inversión en infraestructura básica, podría ofrecer una experiencia mucho más completa y acorde a la fama internacional que tiene.",4.0,parque,google_maps,Hace 4 meses,Parque Nacional Manuel Antonio,positiva
"Un lugar simplemente impresionante. El Parque Nacional Corcovado es de los pocos sitios donde la naturaleza se siente realmente intacta y salvaje. La selva es densa, llena de vida y cada sendero parece una pequeña expedición. Si te gusta la naturaleza en su estado más puro, este parque es una experiencia inolvidable. No es el lugar más fácil de visitar, pero precisamente eso es parte de su magia.",5.0,parque,google_maps,Hace 3 meses,Parque Nacional Manuel Antonio,positiva
"Lo bueno::: aunque fuimos sin guiar, vimos muuuuchos animales (serpiente, aves, monos, lagartos, venado, guatusa). Las playas son preciosas y la naturaleza también! Lo malo::: en el parque grupos grandes de mucha gente que genera mucho barullo... No es un lugar tranquilo para estar en conexión con la naturaleza. Si no llevas botella metálica de agua propia, te venden dentro agua carísima y comida tampoco barata... y lo peor::: que según estás llegando, por la carretera con el coche te para gente con chaleco fingiendo que es del parque, te piden mirar las entradas y tu pasaporte y de pronto te venden un tour y te meten miedo con cosas como ""¿quieres ir sólo a pasear o contratar un guía para ver animales?"" Y si no estás bien informado o no entiendes el idioma, acaban engañandote...",3.0,parque,google_maps,Hace 3 meses,Parque Nacional Manuel Antonio,neutral
"El lugar es muy ordenado y exigen al visitante cumplir con sus reglas, por ejemplo no llevar comida y que las botellas de agua no sean plásticas. Muy limpio y el paisaje es impresionante. Lleva binoculares para observar los animales y así no necesitarás guía.",5.0,parque,google_maps,Hace 4 meses,Parque Nacional Manuel Antonio,positiva
"Maravilloso parque natural, con razón es el más visitado de Costa Rica. Muy bien organizado el transporte y la entrada al parque, y nuestra guía Nicole excelente. Nicole nos guió en español e inglés, se esforzó en que todos veamos el máximo número de especias posibles. La fauna y flora es espectacular y terminas en unas playas paradisíacas. Imprescindible reservar antes porque las plazas están limitadas. Pura vida",5.0,parque,google_maps,Hace 6 meses,Parque Nacional Manuel Antonio,positiva
"Cuidado con las personas que te detienen antes de llegar al parque y te venden los tours super caros. Recomiendo ir con binoculares o contratar un guía para que puedas apreciar todo, sino es muy difícil ver los animales ya que la mayoría están lejos y solo se ven con los binoculares. También lo bueno del guia es que ya saben dónde están y te explican todos con detalles.",5.0,parque,google_maps,Hace 3 meses,Parque Nacional Manuel Antonio,positiva
"El parque es muy lindo, es recomendable hacerlo con guía para poder ver animales que no se pueden ver a simple vista. La playa es muy linda, se pueden ver monos, iguanas y pelícanos, entre otros animales. Lo único malo es que cierra a las 15 hs. No se puede ingresar con aerosoles ni botellas descartables.",5.0,parque,google_maps,Hace 5 meses,Parque Nacional Manuel Antonio,positiva
"Manuel Antonio National Park es una auténtica pasada. Súper accesible y fácil de recorrer incluso. La combinación entre selva tropical y playas espectaculares hace que el paisaje tenga un contraste increíble. Además, el parque está muy bien cuidado, es amigable para visitar y en unas horas puedes ver naturaleza, fauna y algunas de las playas más bonitas que he visto. Totalmente recomendado.",5.0,parque,google_maps,Hace 2 meses,Parque Nacional Manuel Antonio,positiva
"Este parque es uno de mis favoritos. Muy lindo y con accesibilidad para personas con discapacidad. No se permite entrar sandwich, galletas o comida como antes, tampoco botellas de agua plástico. Pero si permiten botellas de aluminio con tu refresco o agua. Ahora hay una soda adentro donde si te da hambre puedes comprar allí. Antes era mucho desorden en la entrada ahora las cosas han cambiado para bien. Mucho comercio local y restaurantes en la entrada. La catarata me quedó debiendo hace años ingresaba y nos podíamos bañar. Hice la caminata pensando en eso y me tope con una plataforma solo para verla de lejos. Para caminar esta ok. Sin expectativa de bañarse en la catarata. En general a toda la comunidad y todos los que han trabajado para mejorar todo, los felicito por tantos avances, limpieza y calidad en orden, limpieza, los guías y servicio al cliente. Manuel Antonio es lo que es por todo su ecosistema y su gente.",5.0,parque,google_maps,Hace 7 meses,Parque Nacional Manuel Antonio,positiva
"Muy buen parque, es importante ir con guía porque sino no se ven los animales. Marzo es época seca y la cascada no tieneagus. La playa es espectacular, agua cálida, sin olas",5.0,parque,google_maps,Hace 3 meses,Parque Nacional Manuel Antonio,positiva
"Hermosa experiencia, ir lo más temprano posible, ya que la playa es más ancha y permite disfrutar mejor! A la tarde con sube el mar y casi no tenés plata!! Cuidado con los monos!!! Abren carteras, mochilas buscando comida!! No sé confíen en dejar cerca de los árboles sus pertenencias!!",5.0,parque,google_maps,Hace 3 meses,Parque Nacional Manuel Antonio,positiva
Parque Nacional con mucha fauna pero difícil de ver debido a la espesa vegetación. Aconsejable coger primera hora. Si sudas mucho cógete una toalla pequeña. Lleva también agua y botas.,4.0,parque,google_maps,Hace 2 meses,Parque Nacional Manuel Antonio,positiva
"Excelente lugar. Vale lamoena 100% contratar paquetes con guías, de lo contrario es muy poco probable que tú solo encuentres animales, ellos tienen un ojo expectacular y detectan los animales, perzosos, hongos de plantas incluso, llevan telescopio donde puedes ver todo de una manera impresionante, te explican nombres de animales, costumbres, etc Nosotros hicimos el tour con @brandontours Simplemente genial, super profesional. La playa del parque una hermosura, oleaje tranquilo, temperatura del agua super agradable. Sin duda un IMPERDIBLE si visitas Costa Rica",5.0,parque,google_maps,Hace 6 meses,Parque Nacional Manuel Antonio,positiva
"Falta mas animales para ver. Y los tours guiados son en exceso cortos, se terminan rapido las entradas por lo cual uno debe comprar indefectiblemente con guía y en ocasiones disminuye el tiempo de permanencia dentro del parque",3.0,parque,google_maps,Hace 3 meses,Parque Nacional Manuel Antonio,neutral
"De mis lugares fsvoritos en mi viaje por Costa Rica. Me encanta que es una reserva súper cuidada; si planeas ir te recomiendo comprar los boletos con anticipación por su página oficial para evitar colas y entrar más rápido, cabe mencionar que hay restricciones este irá sobre algunos objetos que no te dejarán pasar así que no hagas el intento por llevarlos. El parque cierra 4pm y de la playa te sacan a las 2-3pm por lo cual recomiendo ir temprano y tomar precauciones con el tiempo. Verán animales hermosos y de una forma tan natural, LLEVEN UN GUIA SI O SI, será la única forma en la que lograrán ver la mayor cantidad de animales y obtendrán información muy interesante",5.0,parque,google_maps,Hace 6 meses,Parque Nacional Manuel Antonio,positiva
"Todo muy hermoso, las playas un sueño! No dejan pasar nada de comida ni yerba, revisan todo en la entrada y hay que sacar las entradas online antes. Hay un lugar para almorzar pero no entramos Si andan cerca vayan porque es hermoso",5.0,parque,google_maps,Hace 6 meses,Parque Nacional Manuel Antonio,positiva
"La verdad veníamos de conocer corcovado por lo que pasamos de una experiencia wild a un parque de mucho menor tamaño y volumen, mucho más concurrido y con menor avistamiento de fauna lo que deja ese sabor a poco y mucho marketing. Pero sin duda es hermoso, lo mantienen muy bien, las filas anduvieron rápidas. Por lo que no hay quejas en cuanto a ello.",3.0,parque,google_maps,Hace 5 meses,Parque Nacional Manuel Antonio,neutral
"Realmente el lugar es hermoso vale mucho la pena ir la playa es hermosa y , ver la gran cantidad de animales que tenemos es increíble Si hay demasiada turismos extranjero y los precios al rededor son elevados para tenerlo en cuenta",5.0,parque,google_maps,Hace 3 meses,Parque Nacional Manuel Antonio,positiva
"Los senderos del parque están muy bien demarcados, el sendero de punta catedral todo el camino esta cementado son muchas gradas pero tiene varios miradores muy bonitos. Puedes hacer solo caminata por los senderos o bien puedes llevar ropa para cambiarte y meterte al mar, las playas son preciosas y todo el personal del parque es muy amable.",5.0,parque,google_maps,Hace 6 meses,Parque Nacional Manuel Antonio,positiva
"Manuel Antonio es una reserva natural en la que puedes admirar distintas especies de animales, yo contrate Tour para ir con guía pero siento que no vale mucho la pena. El guía te va mostrando las especies que van encontrando y después te ofrecen un snack, y después te dejan por tu cuenta ir a la playa. Pero sin problema puedes tu ir por tu cuenta, eso sí, debes comprar con tiempo tu ticket de entrada y si quisieras guía ahí puedes contratar uno. Las playas son bonitas y calidas.",4.0,parque,google_maps,Hace 3 meses,Parque Nacional Manuel Antonio,positiva
"Al parecer es uno de los parques nacionales menos visitados y menos atractivos para los que le gusta la aventura extrema. Senderos cortos y sin pendientes son de nivel muy principiante. El lugar es ideal para ir en familia con niños pequeños o adultos mayores. Aun apto para personas con movilidad reducida ya que uno de los senderos es universal. hay varios senderos y creo que he demorado menos de dos horas con paradas ocasionales. EN lo personal si me gusta la aventura extremas, pero el lugar me ha encantado. Si eres amante del avistamiento de aves, este es tu lugar ideal. Tal y como su nombre lo dice ""Carara: rio de cocodrilos"", al lugar lo cruza un río que se ve super refrescante. Tuve el deseo de por lo menos meter los pies pero creo que no lo permiten. No se me dijo nada por parte de los guarparques pero si no recomiendo meterse. Podria haber un cocodrilo por alli :). Por ultimo, debes reservar en linea. No cobran el parqueo. Hay guas certificados por si quieres ver aves. No hay servicio de comida. Si o si llevar repelente. Hay un video del lugar en mi canal de YouTube @daroar",5.0,parque,google_maps,Hace 6 meses,Parque Nacional Carara,positiva
"Es un parque muy cerca del Valle Central, bien planeado se hace la caminata de 5 kms y luego a la playita, el mirador Nuevo de Britt, etc. Es un parque subestimado, pero quien tenga la oportunidad de visitarlo podrá disfrutar de muchas ranas Dendrobates auratus, diversas aves, anfíbios en general, monos, entre otros. El personal muy amable, hay guías y el costo para nacionales es muy accesible, vale la pena visitarlo",5.0,parque,google_maps,Hace 2 meses,Parque Nacional Carara,positiva
"Si te interesa la naturaleza y la observación de pájaros, o la botánica o en si tienes un interés en los ecosistemas tropicales este lugar te va a parecer fascinante, si por el contrario buscas algo llamativo como una catarata o un mirador, puede que este parque te decepcione, tiene varios senderos y si tienes suerte podrás ver algunos animales y varias especies de árboles enormes y muy fotogenicos. El sendero universal le permite a personas con problemas de movilidad hacer parte del recorrido. Te recomiendo ir con un guía naturalista que te ayude a buscar animales y comparta información sobre los distintos ecosistemas. Es buena idea aplicarse repelente para mosquitos y usar pantalones y camisas de manga larga pero frescas, es un lugar muy húmedo y puede ser muy caluroso.",4.0,parque,google_maps,Hace 6 meses,Parque Nacional Carara,positiva
"Es un lugar muy hermoso, sin embargo creo que podrían mejorar ciertas cosasitas, lo sentí un poco abandonado sus puentes, sus lugares de descanso. El gobierno debería invertir un poco más en este parque. Es una lastima. Pero el trato de su personal muy lindo.",3.0,parque,google_maps,3 semanas atrás,Parque Nacional Carara,neutral
"Lugar para caminar y conocer fauna, si no tienes binoculares o contratas un guía difícil!!! Muy abandonado y mal mantenido. Puentes caídos y rotos, senderos clausurados.solo si te sobra tiempo vale la pena ir.",3.0,parque,google_maps,Hace 3 meses,Parque Nacional Carara,neutral
"Hermoso lugar de naturaleza,se puede observar gran variedad de fauna, senderos accesibles",5.0,parque,google_maps,3 semanas atrás,Parque Nacional Carara,positiva
"Para los que quieren conocer este parque, les recomiendo llevar repelente, me picaron mucho los bichos de ahí. La rana que sale en las fotos es venenosa, para que estén pendientes, yo no contraté guía, pero si hay afuera con una buena actitud de servicio, se ven amables. Hay barro en esta época del años (septiembre) para que lleven el calzado adecuado y solo el sendero universal está bien, los otros dos, no tanto.",3.0,parque,google_maps,Hace 10 meses,Parque Nacional Carara,neutral
"Un lugar exuberante y lleno de vida. En cada sendero si miras con atención puedes observar serpientes, ranitas, mamíferos, aves y apreciar los increíbles árboles y riachuelos que te tranquilizan el alma.",5.0,parque,google_maps,Hace 7 meses,Parque Nacional Carara,positiva
"IMPORTANTE comprar la entrada antes de ir, se hace online. Largo recorrido para ver muchísimas especies de animales y plantas. Bueno, al menos la parte de la vegetación está asegurada, para los animales hay que estar bien atento y tener suerte. Tiene dos zonas, la que está fuera del parking es más salvaje y corta.",5.0,parque,google_maps,Hace un año,Parque Nacional Carara,positiva
"Muy bonita y cómoda caminada. El sendero es principalmente plano y está en buenas condiciones, cemento tipo acera como hasta la mistad del recorrido. La otra mitad no está en las mejores condiciones, pero se puede caminar sin grandes problemas. Fuimos en temporada de lluvias y por eso en algunas muy pocas partes habían pasadas con barro, pero nada grave. Todo el sendero está bajo el bosque, todo está cubierto por sombra, entonces es muy cómodo en el sentido de que no te asoleas para nada. En este, como en la gran mayoría de parques nacionales de Costa Rica hay que reservar y comprar las entradas en línea, en la página del SINAC. La mejor recomendación es registra se y crear su usuario y reservar el cupo con anticipación. El proceso es fácil, pero es mejor hacerlo con anticipación. Vimos varios animales silvestres; murciélagos, guatusas, mariposas, basiliscos, ranas venenosas, aves tipo gallinas de monte, garrobos, un perro sompopo, escuchamos lapas a lo lejos.",4.0,parque,google_maps,Hace un año,Parque Nacional Carara,positiva
"Un parque nacional sobre la ruta 34 vía a Jacó, con senderos de acceso universal y muy bien cuidado, tiene mucha variedad de flora y fauna, en especial aves incluyendo la Lapa Roja que se encuentra en peligro de extinción, cerca del puente de los lagartos, parada obligatoria en tu visita al parque.",4.0,parque,google_maps,Hace un año,Parque Nacional Carara,positiva
"Es un parque con senderos bien demarcados y con buen mantenimiento. Tiene 3 senderos y 2 salidas tempranas, en caso que no se quisiera recorrer los 6km de senderos que son (aproximadamente). El hecho que sea un recorrido corto y además en un 85% plano, lo hace perfecto para ir despacio y disfrutar de los pequeños detalles. Pude ver una Guatusa, ranas Dendrobates Auratus, monos aulladores, diferentes arañas, lagartijas cola de látigo, mariposas, pájaros de diferentes especies e incluso una terciopelo. Como en cualquier espacio natural, se debe ir con el equipo adecuado (buen zapato, repelente, bloqueador solar, gorra), es preferible ir con pantalón largo, por la cantidad de mosquitos (los famosos bocones que son propios de la zona), además por seguridad. El trato de los guarda parques fue genial. No lo recomiendo para ir con niños que no sean muy obedientes y no se mantengan en el sendero, dado que hay serpientes en la zona. ¡Quiero volver!",5.0,parque,google_maps,Hace 4 años,Parque Nacional Carara,positiva
"El parque es muy bonito, el sendero universal está bien demarcado y en muy buen estado; el trayecto es sencillo, aunque el calor y la humedad pueden afectar un poco. El personal del parque fue muy amable a la hora de recibirnos y brindarnos indicaciones.",5.0,parque,google_maps,Hace un año,Parque Nacional Carara,positiva
"Es un parque mas que todo para avistar aves o animales pequeños, sin guía difícil sacarle el jugo",4.0,parque,google_maps,Hace 5 meses,Parque Nacional Carara,positiva
"Muy bonito Parque Nacional, tiene varios senderos donde se puede caminar, observar diferentes tipos de pájaros, monos cara blanca, en si tiene gran variedad de flora y fauna. Vale la pena visitar el parque. Para Nacionales tiene un costo de 1100 colones, niños menores de 12 años y adultos mayores no pagan entrada.",5.0,parque,google_maps,Hace 5 años,Parque Nacional Carara,positiva
"Cerca de la ciudad, senderos algo cortos, sin mucha dificultad. Bosque primario y secundario, recomiendo ir a los 2. Se unen el bosque seco y bosque y húmedo. Entrada a nacionlaes y residentes en 1600 colones. Extranjeros en 10 dólares..a ambos agregarle el 13% de impuestos..claro, no debe faltar acá en Costa Rica los impuestos, pero, no queda de otra!!",5.0,parque,google_maps,Hace 4 años,Parque Nacional Carara,positiva
Un lugar maravilloso para sentir la naturaleza de Costa Rica!!! La amabilidad de sus funcionarios y disposición de servicio hace de este santuario un lugar imperdible si se está cerca a Jaco.,5.0,parque,google_maps,Hace un año,Parque Nacional Carara,positiva
"Un parque pequeño pero bastante bonito, la entrada vale 1000 colones más 130 de IVA y se compra en la página de sinac, el sendero universal es fácil y no hay donde perderte, son cerca de 9 km y en la ves que visite el lugar no había agua en los baños,es bueno llevar repelente, no es necesario llevar mucha carga, ya que los senderos son sencillos, en mi visita ví tepezcuintles, monos cara blanca, lapas, iguanas, lagartijas y ranas flechas verdes(está son venesonas) para hacer el sendero laguna meandrico hay que salir de la reserva y dirigirse camino al puente del tarcoles unos 3km entre entrada y salida dónde solo puede parquearse un carro y queda sin cuidado al lado de la calle, nunca llegue a la laguna Xque había un letrero que decía fin del camino y no pase de alli",3.0,parque,google_maps,Hace un año,Parque Nacional Carara,neutral
"Es un Parque Nacional, ubicado en el Pacífico, carretera a Jacó, en Costa Rica; es muy bonito para caminar al aire libre por senderos, puentes y entre los árboles. Se pueden divisar diferentes variedades de animales, aves e insectos. Hace calor y hay mucha humedad por su ubicación, pero vale la pena visitarlo. Tiene parqueo.",5.0,parque,google_maps,Hace 4 años,Parque Nacional Carara,positiva
"Bonita caminata muy suave, todo el recorrido pueden ser 2 horas a un ritmo suave para disfrutar la naturaleza, en mi visita no ví bastantes animales. El recorrido es un circuito.",5.0,parque,google_maps,Hace 3 meses,Parque Nacional Carara,positiva
"Primer parque nacional en contar con un sendero inclusivo para discapacitados, acordé a la ley 7600. Un lugar lleno de vegetación y muy cerca de la capital, tiene dos secciones de senderos, aproximadamente de 4 km cada una, la sección cerca de la boletería tiene opción de recorrerlo en menos distancia. Tarifa realmente economica",5.0,parque,google_maps,Hace 4 años,Parque Nacional Carara,positiva
"Parque natural de muy fácil acceso por carretera donde puedes ver una vegetación espectacular y exuberante. Hay muchos senderos para poder apreciar el parque. Puedes encontrar monos, ranitas típicas de Costa Rica, caimanes y plantas autóctonas poco comunes. Cuesta unos 15 dólares. Muy recomendable",5.0,parque,google_maps,Hace 7 años,Parque Nacional Carara,positiva
"Tuve la oportunidad de visitar este parque y puedo decir que la experiencia fue increíble. Es pura selva. Se pueden observar todo tipo de aves y monos, aunque recomiendo que vayan con guía porque se necesita experiencia para localizarlos, y sin la ayuda de prismáticos es muy difícil.",5.0,parque,google_maps,Hace un año,Parque Nacional Carara,positiva
"Once we got further into the trails, and actually onto dry paths (versus the wet muddy ones after the rains), the surroundings enveloped us & it was wondrous. We saw families of monkeys, and the native forest growth was amazing. We’d go back for further exploration if we had more time. Una vez que nos adentramos más en los senderos y llegamos a senderos secos (en lugar de los húmedos y embarrados después de las lluvias), el entorno nos envolvió y fue maravilloso. Vimos familias de monos y el crecimiento del bosque nativo era asombroso. Volveríamos a explorar más si tuviéramos más tiempo.",5.0,parque,google_maps,Hace un año,Parque Nacional Carara,positiva
Parque Nacional que se puede recorrer y disfrutar rapido. Para los nacionales el costo es de 1000 colones. Hay parqueo. Consiste en varios senderos de diferentes medidas y dificultades para todos los gustos. Hay guias q haran el paseo mas interesante y entretenido. Es un sitio protegido para el anidamiento y desarrollo de la lapa roja.,4.0,parque,google_maps,Hace 5 años,Parque Nacional Carara,positiva
"Bellísimo Parque Nacional, accesible posee un sendero universal, apto para todas las personas. Todos los senderos presentan mínima dificultad. Se puede observar gran variedad de especies. Sin duda vale la pena ir.",5.0,parque,google_maps,Hace 5 años,Parque Nacional Carara,positiva
"Si les gusta la naturaleza y la caminata, es un ride muy chuzo Lo ideal es hacer el recorrido con mucho cuidado de no hacer mucho ruido, para no perturbar a los animales y poder apreciar mejor las diferentes especies... En total son como 7.6km el recorrido del Parque.",5.0,parque,google_maps,Hace 5 años,Parque Nacional Carara,positiva
"El parque esta relativamente cerca de San José y es sumamente accesible, cuenta con amplio parqueo para todo tipo de automovil. No se requiere reservacion para ir. El pago de la entrada se realiza únicamente con tarjeta. La entrada se localiza a aprox 2km del puente del Río Tárcoles sobre la Costanera. El parque cuenta con el sendero universal y otros senderos en medio del bosque.",5.0,parque,google_maps,Hace 2 años,Parque Nacional Carara,positiva
"Me encantó. La exuberancia de bosque, la flora y la fauna son espectaculares. Es un sitio para visitar obligadamente. Volveré sin duda. Este bosque es uno de esos lugares donde uno escucha ""la paz"". Impresionante. Los senderos estan bien marcados y la caminata es sencilla.",4.0,parque,google_maps,Hace 7 años,Parque Nacional Carara,positiva
"Ame el lugar, Como recomendación ir temprano para aprovechar el espectáculo de ranitas",5.0,parque,google_maps,Hace 2 meses,Parque Nacional Carara,positiva
"Es bellísimo, tiene unos senderos muy bonitos ,muchos animales, fácil acceso, económico, recomendado un guía en especial, este personaje es el mejor, se llama Maurice Vasquez y el número es 50688896061, sabe mucho de aves, plantas y otros animales, excelente.",5.0,parque,google_maps,Hace 2 años,Parque Nacional Carara,positiva
"Venimos de España a Costa Rica a conocer el país, todo ha ido super bien hasta llegar a este parque,las entradas hay q comprarlas on line y no nos funcionaba a nosotros y a otras dos parejas de turistas y el señor q estaba ahí nos ha dicho q no podía hacer nada,así que nos hemos tenido q ir xq no nos ha dado opción ni de pagar en efectivo,no tarjeta ni nada de nada, seguro q el parque está muy bien, pero nosotros no hemos podido disfrutarlo. Espero solucionen este problema para futuros turistas",2.0,parque,google_maps,Hace 4 meses,Parque Nacional Carara,negativa
"Sendero de fácil recorrido dentro de un bosque húmedo con variedad de árboles y plantas, así como animales, aunque según la hora que lo visites pueden estar más inactivos.",5.0,parque,google_maps,Hace un año,Parque Nacional Carara,positiva
"Como todos los parques de CR tiene su atractivo, el bosque es muy diferente a los que suelo ver en la zona sur, estos son mas secos pero aún así es bonito caminar por sus senderos. Se escuchan muchas aves, de la cual pude observar varias parejas de trogones, como el black thoated",5.0,parque,google_maps,Hace 6 años,Parque Nacional Carara,positiva
"Uno de los pocos parques en Costa Rica que cuenta con un sendero universal. Se pueden apreciar diferentes especies de aves, mamíferos, ranas, gran variedad de plantas y hongos.",5.0,parque,google_maps,Hace 6 años,Parque Nacional Carara,positiva
"Lo senderos están super bien, muy limpios, se ve que trabajan para mantenerlos limpios. Se ve mucha fauna. Los baños amplios. Y el personal de la ASP muy amable.",5.0,parque,google_maps,Hace 4 años,Parque Nacional Carara,positiva
"El parque nacional Carará ofrece senderos relativamente para principiantes, finalizamos a paso normal todos los senderos en aproximado 2 horas.",5.0,parque,google_maps,Hace un año,Parque Nacional Carara,positiva
"Nuestra visita no ha sido afortunada. Además de pasar un calor horrible ya fue peor cuando uno de los guías que terminaba su recorrido le dijo al nuestro que el lugar estaba ""pelao"" Obviamente, no vimos más que cinco o seis ranas pequeñas, además de las iguanas de la entrada. Decepción total. Menos mal que una persona vino después y sí que vio algo más.",2.0,parque,google_maps,Hace 2 años,Parque Nacional Carara,negativa
"El parque es muy bonito, tiene fácil acceso, la caminata es como para todo la familia, el tipo de terreno es bastante plano. Lo único malo es los guarda parques, cero entrenados para recibir al público, son bastante amargados, no tienen cursos de atención, sería un lugar donde no volvería solo por eso.",4.0,parque,google_maps,Hace 6 años,Parque Nacional Carara,positiva
"Uno de los mejores bosques para observar árboles enormes en un corto recorrido. El sendero universal es una bendición para personas con limitaciones para caminar. Atención del personal y servicios sanitarios muy buenos. Algunas infraestructuras y rótulos en los senderos muy deteriorados, pero volveré. Gracias.",4.0,parque,google_maps,Hace 3 meses,Parque Nacional Carara,positiva
"Buena caminata, recomendado para fotografía de aves siempre y cuando disponga de tiempo y de silencio, hay paso de monos, ranas, mariposas, entre otros en su hábitat natural, bastante vegetación. IMPORTANTE LLEVAR REPELENTE CONTRA MOSQUITOS",5.0,parque,google_maps,Hace 6 años,Parque Nacional Carara,positiva
"Un poco decepcionada con la gestión de este parque, no se ofrece demasiada info en la entrada y la carretera lo afecta demasiado . Si que es verdad que es de fácil acceso pero precisamente por eso el transito y ruido de los vehículos no es nada bueno para la fauna del parque. La vegetación es increíble, observar la naturaleza es maravilloso pero tendrían que tomar medidas para mantener el equilibrio del entorno.",3.0,parque,google_maps,Hace 2 años,Parque Nacional Carara,neutral
"El parque es muy bonito, los senderos junto al río se disfruta mucho de la flora y fauna, logramos ver ranas, venado, insectos. Es importante mantenerse hidratado por la humedad del ambiente.",5.0,parque,google_maps,Hace un año,Parque Nacional Carara,positiva
"Para los amantes de la naturaleza es sin duda uno de los mejores lugares de Costa Rica. El Parque Nacional Carara se encuentra después del puente del Río Tarcoles (si viene desde el valle central), cuenta con varios senderos como lo son el sendero universal (accesible para sillas de ruedas), senderos quebrada bonita, y la laguna meandrica. En los senderos se pueden observar gran cantidad de mamíferos (monos, pizotes, guatusa, armadillo, osos perezosos) y aves. El Parque Nacional Carara es uno de los mejores lugares para la observación de aves en Costa Rica, donde hay más de 350 especies registradas en el área, en un buen día se pueden observar más de 100 especies en sus senderos.",5.0,parque,google_maps,Hace 6 años,Parque Nacional Carara,positiva
"Los senderos están bien mantenidos, se pueden apreciar varios animales pequeños, aves, iguanas, muchos tipos de plantas y árboles, incluso pequeñas serpientes! :)",4.0,parque,google_maps,Hace 7 años,Parque Nacional Carara,positiva
"Parque nacional bonito, corto. Se puede recorrer en un aproximado de dos horas. Apto para una escapada o para una actividad de un día con la familia. Todo bien señalizado y con sendero universal.",5.0,parque,google_maps,Hace 6 años,Parque Nacional Carara,positiva
"Espectacular paseo, el guía que tiene un costo extra(opcional) nos guío y tuvimos la suerte de ver bastante fauna que alberga el parque incluyendo venados, monos, aves, etc.",5.0,parque,google_maps,Hace 3 años,Parque Nacional Carara,positiva
"Se pueden hacer caminatas muy suaves, prácticamente todo el camino es plano y la mayoría del tiempo bajo la sombra del bosque. Son senderos demarcados y bien cuidados, asfaltados en varios tramos. Hay baños en la entrada y en otro punto del trayecto, con acceso a agua también.",5.0,parque,google_maps,Hace 5 años,Parque Nacional Carara,positiva
"Guía de naturaleza y amante de la aventura. Muestro Costa Rica a través de sus paisajes, fauna y experiencias auténticas. Cada recorrido es una historia por vivir.",5.0,parque,google_maps,Hace 6 meses,Parque Nacional Corcovado,positiva
"Corcovado es una de las experiencias más agradables y también un poco desafiante por el clima principalmente . Hicimos un hiking con una empresa y fuimos 2 días en la Selva con un guía que conocía la ruta como la palma de su mano . Durante el camino vimos abundantes animales principalmente especies de mono , comimos termitas , observamos al tapir , comimos un pequeño snack a la mitad del Camino . definitivamente todo una aventura que volvería a repetir . Es un lugar increíble y probablemente lo que más me gustó de Costa Rica. No es una buena opción si solo quieres ir a relajarte y no batallar por que tendrás que hacerlo un poco .",5.0,parque,google_maps,Hace 3 meses,Parque Nacional Corcovado,positiva
"Visitar este parque nacional es una experiencia inolvidable para quienes aman la naturaleza. Se trata de un bosque tropical exuberante, lleno de vida en cada rincón, donde se respira paz y se siente la energía del entorno. Es obligatorio recorrerlo con guía, y merece totalmente la pena: gracias a su conocimiento y ojo experto es posible avistar animales que de otro modo pasarían desapercibidos. Desde aves exóticas hasta mamíferos y reptiles, cada paseo se convierte en una clase viva de biodiversidad. Un lugar perfecto para desconectar, aprender y maravillarse con la riqueza natural en su máxima expresión. Sin duda, una visita imprescindible.",4.0,parque,google_maps,Hace 10 meses,Parque Nacional Corcovado,positiva
Excelente experiencia. El parque no es tan concurrido como otros que son demasiado turísticos. Salimos en lancha desde el río Sierpe hasta el mar abierto (1 hora) y luego 40 minutos hasta la estación San Pedrillo. Logramos ver a un tapir descansando muy cerca de la playa. Además de otras aves y monos.,5.0,parque,google_maps,Hace un año,Parque Nacional Corcovado,positiva
"Visite el parque hace algunos años haciendo caminata desde La Tarde a los Patos y de ahi a Sirena. Un sendero hermoso, vimos algunos animales especiales. El detalle es que es exorbitantemente caro! 350 dolares por 3 dias de excursion, ni en la Patagonia gaste tanto.",3.0,parque,google_maps,Hace 7 meses,Parque Nacional Corcovado,neutral
"Una maravilla de la naturaleza. A parte del bosque en si mismo, el entorno es una preciosidad. Vimos un tapir, cocodrilos, tucanes y muchos monos de diferentes razas. Un paseo sin igual. Todo muy cuidado y bien organizado. Un ejemplo de cómo conservar la naturaleza. Los guías son muy amables y ayudan a conocer y disfrutar del lugar",5.0,parque,google_maps,Hace 2 años,Parque Nacional Corcovado,positiva
"Sin duda el mejor parque de Costa Rica. Es el más salvaje, el que más cuida el entorno y el que más diversidad contiene. Además, al ser obligatoria la entrada con guía la experiencia es inigualable. Nosotros fuimos con Jairo, un guía de 10 y pudimos ver todo tipo de animales pese a que nos llovió mucho durante toda la jornada. El parque regula la entrada máxima de visitantes por lo que puedes estar tranquilo de que no estarás rodeado de turistas gritando en distintos idiomas. Todo es muy respetuoso. Por último, también añadir que hay que entrar al parque a través de una lancha en un trayecto de una hora… pudimos ver ballenas y tortugas…espectacular.",5.0,parque,google_maps,Hace 3 años,Parque Nacional Corcovado,positiva
"Es un lugar maravilloso de una gran variedad de flora y fauna, donde podemos observar muchos y diferentes animales y plantas. Excelentes los guías. Lindo Costa Rica.",5.0,parque,google_maps,Hace un año,Parque Nacional Corcovado,positiva
"El mejor Parque de Costa Rica para conocer! Si quieres meterte en medio de la selva a observar animales en su hábitat natural, este es el parque. Impresionante! Se debe acceder si o si con guía! ACLARACIÓN: el parque está dividido en distintas zonas! Todo depende que quieras ver y cuantos km estés dispuesto a caminar! Personalmente visitamos Estación Sirena! Se puede llegar por tierra o por mar desde Bahía Drake! Las excursiones rondan los $100! No se permite ingresar plásticos de un solo uso ni comida (las excursiones incluyen la comida). En total son como 7hs (1 hora de ellas se tarda en ir y 1h en volver). Recomiendo llevar botella reutilizable con agua fresca, sombrero y repelente contra insectos!",5.0,parque,google_maps,Hace 2 años,Parque Nacional Corcovado,positiva
"El parque más intenso del mundo! Es el lugar con mayor tipo de especies de fauna y flora por kilómetro cuadrado, por encima de otros como el Amazonas. Es pisar el parque y encontrar decenas de especies, es increíble. El acceso principal solo se puede hacer en barco y desde allí acceder a la estación La Sirena. Merece mucho la pena pasar la noche en la estación para descubrir mucho más del parque.",5.0,parque,google_maps,Hace 5 años,Parque Nacional Corcovado,positiva
"Es un parque maravilloso; con una paisaje precioso y muchísima vida salvaje... ya solo el viaje en lancha para verlo es una maravilla... Me pareció una experiencia bastante cara, pero vale la pena visitarlo al menos una vez en la vida.",5.0,parque,google_maps,Hace 2 años,Parque Nacional Corcovado,positiva
"Saludos. No hay palabras que describan el apabullante espectáculo que la naturaleza ofrece en este lugar, pero uno entiende al visitarlo que quiere decir “ Pura Vida “ Gracias a Costa Rica por conservar con valentía este paraíso virgen lejos de la especulación y destrucción del ser humano. Y gracias a nuestro guía, Vilmar , por mostrarnos tanta belleza. Si hay lugares imprescindibles que conocer antes de morir, este es uno de ellos.",5.0,parque,google_maps,Hace 2 años,Parque Nacional Corcovado,positiva
La mejor experiencia. Vimos muchísimos animales y nuestro guía sabía mucho y siempre atento a todo el grupo. Hay baños disponibles. El viaje en la lancha además de divertido se puede apreciar el parque. Como todos nuestros parques nacionales no se puede ingresar alimentos ni botellas de plástico de 1 solo uso. Lleven agüita en botellas reutilizables. Zapatos cerrados y cómodos. Y Sandalias ojalá de amarrar para la lancha ya que hay que mojarse un poco al subir y bajar.,5.0,parque,google_maps,Hace 3 años,Parque Nacional Corcovado,positiva
"Es el parque más salvaje, más grande y más bonito de todo costa Rica. Si vais a costa Rica y no os quedáis una noche ((mínimo) en la estación sirena y descubrís el parque por dentro os estaréis perdiendo uno de los sitios más espectaculares de todo el país. Con un 3% de toda la biodiversidad mundial es un sitio al que hay que ir. Por cierto, es Muy caro. Unos 300 dólares por cabeza. Pero merece la pena. Yo fui con un guía llamado Ulises y muy muy contento. Espero que me hagáis caso y lo disfrutéis.",5.0,parque,google_maps,Hace 6 años,Parque Nacional Corcovado,positiva
Una experiencia única. Desde el mero hecho de llegar al parque en bote hasta las caminatas viendo animales merecen la pena por completo. Entrar al parque por bahía Drake lo hace sumar bastantes puntos. Recomendable la ruta sirena.,5.0,parque,google_maps,Hace 4 años,Parque Nacional Corcovado,positiva
"Parque espectacular. Estuve en la estación sirena y en San Pedrillo. Ambas preciosas. Vimos muchos animales sobre todo en Sirena, entre ellos dos tapires durmiendo, coatis, un perezoso, lechuzas, pájaro carpintero",5.0,parque,google_maps,Hace 2 años,Parque Nacional Corcovado,positiva
"Es la definición de naturaleza salvaje en su estado más puro. Aquí el ser humano es claramente solo un invitado. Ver tapires caminando por la costa o guacamayas rojas volando en parejas es lo habitual. Es una caminata exigente debido al calor extremo y la humedad, pero es el mejor lugar del mundo para ver biodiversidad intensiva en un solo sitio geográfico.",5.0,parque,google_maps,Hace 5 meses,Parque Nacional Corcovado,positiva
Este lugar no se puede describir con palabras. Si entras por Carate prepárate para andar y disfrutar de la belleza de este Parque Nacional. Naturaleza en estado puro. Si decides entrar hasta la estación Sirena necesitas estar en forma para hacer sus 22 kilómetros. Lo mejor de Costa Rica.,5.0,parque,google_maps,Hace 3 años,Parque Nacional Corcovado,positiva
Espectacular el parque. Se ven muchos animales en su hábitat y la experiencia de dormir en la estación de La Sirena es inmejorable. Para visitarlo hay que hacerlo con un guía.,5.0,parque,google_maps,Hace 6 años,Parque Nacional Corcovado,positiva
"Una visita increíble. Enriquecida totalmente por nuestro guía (sin él dudo que hubiésemos visto ni un 10%), super entregado. Estuvimos hasta la hora de cerrar y gracias a ir en temporada baja estábamos prácticamente solos. Vimos muchísimos animales, de todo tipo. Para mí el mejor parque, la excursion de 16km mereció la pena.",5.0,parque,google_maps,Hace 8 años,Parque Nacional Corcovado,positiva
"Pasarela de madera que va por dentro de la jungla donde podrás ver monos, perezosos, ranas, serpientes, aves… al final te espera la playa para un buen ratito de sol y mar y vuelta. Le doy un 8",4.0,parque,google_maps,Hace un año,Parque Nacional Corcovado,positiva
"De los lugares más impresionantes y maravillosos que he conocido en Costa Rica, podrás observar muchos animales silvestres, y una imponente naturaleza.",5.0,parque,google_maps,Hace 2 años,Parque Nacional Corcovado,positiva
"Un lugar único de visita obligada. El propio recorrido en lancha hasta la entrada del parque es una excursión en sí misma. Desde el primer momento puedes encontrarte con ballenas, delfines y cocodrilos en el bote. Una vez en tierra podrás disfrutar de la fauna y la naturaleza del parque.",5.0,parque,google_maps,Hace 7 años,Parque Nacional Corcovado,positiva
"Si hay un sitio donde puedan observar la naturaleza en todo su esplendor este es, sin duda, Corcovado. El parque es una maravilla y merece la pena visitarlo, por lo auténtico que es. Pura selva, pura vida! Nosotros entramos por Carate, a unas dos horas de Puerto Jiménez por pista forestal. Después de una primera caminata de una media hora o poco más se llega al parque, donde uno se debe registrar antes de entrar. La entrada es obligatoria hacerla con guía. Y aunque ello haga subir el precio realmente merece la pena. Nosotros hicimos una visita de un día porque no teníamos más, pero nos quedamos con las ganas de hacer el tour de dos o tres días y dormir en Sirena.",5.0,parque,google_maps,Hace 8 años,Parque Nacional Corcovado,positiva
"Una experiencia increíble, perfecto para personas que les apasiona caminar y sobre todo conocer se debe caminar en montaña y en la playa, lo bueno es que los guías son muy buenos y están al pendiente. Importante entrenar y asesorarse antes.",5.0,parque,google_maps,Hace 6 años,Parque Nacional Corcovado,positiva
"Muy bonito, recomendado ir al menos dos días pero igual se disfruta si solo se va un día. Hay que estar muy atento a la fauna para ver los animales.",5.0,parque,google_maps,Hace 6 años,Parque Nacional Corcovado,positiva
"La naturaleza no defrauda, es una maravillosa experiencia. Lo único para mejorar es el acceso a servicios sanitarios limpios y en buen estado.",4.0,parque,google_maps,Hace un año,Parque Nacional Corcovado,positiva
"Una maravilla, la naturaleza, los animales, las grandes posibilidades para hacer rutas... Merece mucho la pena visitarlo y pasar todo el día allí, y más aún si puedes ir con guía para entender bien toda su fauna y biodiversidad.",5.0,parque,google_maps,Hace 5 años,Parque Nacional Corcovado,positiva
"Increible Parque Nacional con fauna y flora exoticas mas silvestres de Costa Rica. Es donde se puede observar un bosque primario. Hay diferentes entradas: La Leona, el Tigre, los Patos, la Sirena y San pedrillo. Es obligatorio llevar guia y Jaguar Corcovado Tours en Puerto Jiménez es una buena opción.",5.0,parque,google_maps,Hace 8 años,Parque Nacional Corcovado,positiva
"Tristemente es un lugar donde me lleve la mayor decepción. La entrada son unos 90$ y tienes que ir con guía si o si. Te llevan en la lancha hasta el parque, allí el guía te ""acompañará"" por el parque. Lo negativo... Al principio todo bien, podrás ver varios animales que ya tienen localizados, además de que tu grupo se encontrara con otros grupos que llegan sus tablet, gente sin práctica y haciendo mucho ruido y si tienes suerte y el animal no se fue por miedo lo podrás ver, más que un parque un circo, después de la primera media hora es simplemente un paseo por el parque, el guía que nos tocó siempre con prisas, tenía deseos de enseñarnos el Tapir, y con las prisas dejaba atrás a parte del grupo, no podíamos ver las cosas con tranquilidad y al final nada, se terminó el tiempo y resultó que el Tapir estaba cerca de la playa donde nos recogían para la vuelta. Creo que se deben centrar en ver las cosas que tenemos a nuestro paso y si aparece un animal genial, pero ir corriendo por el parque la verdad no. Dinero a mi parecer desperdiciado. Eso sí, al terminar nos recogen el barco y nos llevan a una playa privado donde tendrás entre 30-40 minutos para comer y marchar, no, no tendrás tiempo para el baño. O comes o te bañas... Tú eliges. El trayecto del pueblo al parque en barco es de 1h y 15 minutos, 2:30 en total. Añado que no hice apenas fotos porque se me quitaron las ganas",2.0,parque,google_maps,Hace 6 años,Parque Nacional Corcovado,negativa
"Alucinante lugar, entre la vegetación y la fauna te dejan asombrado. Hicimos overnight con María Castro que fue excelente guía.",5.0,parque,google_maps,Hace 2 años,Parque Nacional Corcovado,positiva
Hermoso lugar. Tour de un dia o bien puedes dormir en la estacion Sirena. Senderos increibles mucha biodiversidad. Debes llegar en bote. Preferiblemente.,5.0,parque,google_maps,Hace 6 años,Parque Nacional Corcovado,positiva
"Buenísimo. En el Viaje en lancha frenamos a ver delfines. El parque Tranquilo, relativamente poca gente. El lugar donde más animales vimos por lejosssss. La comida que ofrecen MUY buena. Fuimos con nenes de 2,3 y 4 años. Recomiendo ir con guía vas a aprender muchísimo",5.0,parque,google_maps,Hace un año,Parque Nacional Corcovado,positiva
"El sitio en el que más animales diferentes vimos en toda costarica. Si no lo masifican mucho, seguirá siendo un sitio espectacular! Si abusan mucho se convertirá en el parque de Manuel Antonio en el que no podías ni caminar...",5.0,parque,google_maps,Hace 2 años,Parque Nacional Corcovado,positiva
"Maravilloso trip a la naturaleza en Costa Rica. Súper bien organizado. Muy cuidado , vimos tapir a 15 metros!!!",5.0,parque,google_maps,Hace 6 años,Parque Nacional Corcovado,positiva
"El parque tiene el sendero bien marcado y por dicha siempre se lleva un guía bien capacitado... hay muchas especies que se pueden ver... lagartos, nosotros por ejemplo logramos ver el águila pescadores que inmigra desde los Estados Unidos... pudimos observar también los simpáticos monos araña y los monos aulladores, el Tapir con su cria, zainos o chanchito de monté con su peculiar olor y variedad de hermosas aves. El clima fue favorable, una experiencia que hay que vivir la playa no es para nadar pero aún así ese azul que tiene encanta a la vista, el viaje en lancha de una hora que realizamos desde Bahía Drake hasta Corcovado es tambien hermoso ya que se puede ver la costa donde está el parque Corcovado... muy allá en el fondo se logra ver desde lejos la catarata que cae en el mar llamada la llorona.. además de unos pequeños crestones de piedra en medio del mar...",5.0,parque,google_maps,Hace 8 años,Parque Nacional Corcovado,positiva
Una experiencia genial. Es un lugar que requiere su logística para llegar pero vale la pena. La zona tiene una diversidad de fauna que nunca había visto en Costa Rica. Curioso que el animal en su hábitat no determina al humano.,5.0,parque,google_maps,Hace 3 años,Parque Nacional Corcovado,positiva
"Un paraíso!! Bosque, playa, aves y fauna espectacular! Un lugar con la esencia natural de Costa Rica!",5.0,parque,google_maps,Hace 4 años,Parque Nacional Corcovado,positiva
Lugar mágico al que hay que visitar aunque sea una vez en la vida. Recomendado 100% hacer el tour de dos días con @toptrails corcovado.,5.0,parque,google_maps,Hace 4 años,Parque Nacional Corcovado,positiva
"Corcovado: un tesoro escondido. Caminar cargando la mochila es brutal, la caminata es larga, hace mucho calor, pero tanto esfuerzo valió la pena; el alojamiento es básico, y se trata de una AVENTURA TOTAL. El Parque Nacional Corcovado está lleno de vida silvestre, y es una experiencia única. Vale la pena el esfuerzo para llegar allí. Definitivamente vale la pena el esfuerzo. Espero estar de vuelta algún día.",5.0,parque,google_maps,Hace 7 años,Parque Nacional Corcovado,positiva
"Obligatorio conocerlo. Alberga un 6% de la biodiversidad del planeta. Es un lugar mágico, es dificil describirlo. Se debe reservar tour que es en bote. Prepararse para el sol, lluvia, humedad y caminar mucho. Llevar cámara, filtro solar , hidratantación.",5.0,parque,google_maps,Hace 2 años,Parque Nacional Corcovado,positiva
"Corcovado es un lugar mágico, no defrauda a nadie, incluso puedes ver ballenas y delfines . Volvería una y otra vez.",5.0,parque,google_maps,Hace 2 años,Parque Nacional Corcovado,positiva
"Excelente experiencia, desde la llegada, la biodiversidad, las caminatas, las vistas, la guía, la comida en estación sirena, todo, es una gran aventura, imperdible",5.0,parque,google_maps,Hace un año,Parque Nacional Corcovado,positiva
"Es un parque nacional increíble, con mucha biodiversidad, se puede ingresar por tierra, mar o aire. Tiene instalaciones para acampar o pagar cuartos donde dormir. Se ve mucha danta a orillas del río Sirena y río Claro, chanchos de monte, osos hormigueros, pavas y muchos animales más. Desde la playa se puede apreciar tiburones toro y estos suben por la desembocadura del río Sirena. Un lugar mágico.",5.0,parque,google_maps,Hace 7 años,Parque Nacional Corcovado,positiva
Hermoso con su gran variedad de flora y fauna y su biodiversidad. Super recomendado,5.0,parque,google_maps,Hace 3 meses,Parque Nacional Corcovado,positiva
"Impresionante la biodiversidad del parque, sus sonidos, respirar la naturaleza en su estado más puro. La estación Sirena es súper bonita, súper limpia y la gente muy amable. Me encanta que uno tenga que llevarse su propia basura. Una experiencia súper chiva que volvería a repetir",5.0,parque,google_maps,Hace 4 años,Parque Nacional Corcovado,positiva
"La experiencia corcovado es una auténtica maravilla. Un 10, desde las rutas, los guías, el buen ambiente, los animales... Un imprescindible",5.0,parque,google_maps,Hace 2 años,Parque Nacional Corcovado,positiva
"Impresionante las imágenes sobre todo la del fusilamiento, me encantaría que en cada imagen contara la historia, el lugar para tener tanta historia y significado le hace falta información, se ve algo solo y abandonado, promoción del lugar para el turismo, y hacerla más llamativa por ejemplo tiene para poner banderas pero son inexistentes. Luz llamativa para la noche. He visto lugares similares en otros países pero con placas que explican toda la historia y fechas de los personajes ilustres.",3.0,parque,google_maps,Hace un año,Parque Mora y Cañas,neutral
"Excelente lugar para pasar un rato agradable, lastima que esté algo descuidado",5.0,parque,google_maps,Hace 2 meses,Parque Mora y Cañas,positiva
"Después de participar con éxito en la batalla de Rivas,tres gobiernos impulsando la actividad cafetalera,el desarrollo de Guanacaste,el alumbrado público ,la fábrica Nacional de licores aportando al desarrollo social y económico y el 20 de Septiembre 1860 fue fusilado en Puntarenas por los que eran sus amigos con intereses politicos-económicos. Larga vida al héroe de mi patria.",5.0,parque,google_maps,Hace 9 años,Parque Mora y Cañas,positiva
Muy agradable encontrarse con obras de rescate histórico en el Bello Puerto,5.0,parque,google_maps,Hace 4 años,Parque Mora y Cañas,positiva
Tranquilo bonito y lo estan remodelando,5.0,parque,google_maps,4 semanas atrás,Parque Mora y Cañas,positiva
"Es bonito, pero la municipalidad y la comunidad en general podrían cuidarlo un poco más.",5.0,parque,google_maps,Hace 7 años,Parque Mora y Cañas,positiva
"Felicidades a quienes tuvieron esta iniciativa, Excelente!",5.0,parque,google_maps,Hace 5 años,Parque Mora y Cañas,positiva
"Un concepto diferente, zonas verdes y bancas, para disfrutar al aire libre. Además, recordar a los héroes Mora y Cañas.",5.0,parque,google_maps,Hace 4 años,Parque Mora y Cañas,positiva
"Muy descuido, para ser un lugar histórico. Dos héroes nacionales fusilados en ese lugar y el lugar luce sucio y en abandono",2.0,parque,google_maps,Hace 9 años,Parque Mora y Cañas,negativa
Parque con mucha historia,5.0,parque,google_maps,Hace 7 meses,Parque Mora y Cañas,positiva
"Excelente ambiente,muy lindo parque",5.0,parque,google_maps,Hace 3 años,Parque Mora y Cañas,positiva
"Está bonito el lugar, un poco aislado. Ojalá hubiera más actividad en la zona para que tenga mayor uso. Los murales están muy bien hechos y cuentan la historia de una manera diferente.",4.0,parque,google_maps,Hace 4 años,Parque Mora y Cañas,positiva
"Próceres de la patria, fusilados por la Burguesía de aquellos años, en donde no medio la gran gesta heroica de expulsar y vencer a los Filibusteros. Parque qué fue testigo y calla entre sus edificaciones y arbustos la triste muerte de Èsos dos mártires.",4.0,parque,google_maps,Hace 3 años,Parque Mora y Cañas,positiva
"Quedó muy bonito el lugar, ahora como un lugar de historia hay que darle más publicidad para que visitantes nacionales y extranjeros vayan a visitarlo, con eso se beneficiarían comercios alrededor.",4.0,parque,google_maps,Hace 4 años,Parque Mora y Cañas,positiva
"Muy lindo, un parque que fue remodelado y la verdad exelente lugar para pasar con la familia,ahora ya hay un lugar para llevar a los niños y que disfruten de todo su atractivo.",5.0,parque,google_maps,Hace 4 años,Parque Mora y Cañas,positiva
"El Parque está descuidado, esto a pesar de considerarse un sitio de valor histórico y de interés cultural por conmemorar la gesta heroica y labor de estos dos líderes político-militares durante la campaña de 1856 en contra de los Filibusteros, ejército norteamericano. Asimismo, está documentado que por indicaciones del Sr. José María Montealegre quien asumió como presidente en 1860 y que tomó el mandato de Juanito Mora (quien fue derrocado) y expulsado del país previo a que asumiera su tercer mandato (el cual no ostentaría). Posteriormente, ambos líderes fueron fusilados injustamente por órdenes de representantes de su propio Gobierno, cuando estos regresaron al país. En dicho lugar también se encuentra un monumento dedicado a estos dos héroes nacionales, y en donde se exhiben dos Bustos de bronce con la representación del General Sr. José María Cañas Escamilla (nacido el 23 de septiembre de 1809 en Suchitoto, El Salvador y fusilado el 2 de octubre de 1860 en Puntarenas, Costa Rica), así como del Sr. Presidente Don Juan Rafael Mora Porras (Juanito Mora), Presidente de Costa Rica (1849-1859), nacido el 8 de febrero de 1814 en San José y fusilado el 30 de septiembre de 1860 en Puntarenas.",1.0,parque,google_maps,Hace 4 años,Parque Mora y Cañas,negativa
Este lugar se encuentra en construcción en este momento..! Pero la zona es muy linda...!,3.0,parque,google_maps,Hace 4 años,Parque Mora y Cañas,neutral
Bonito parque muy bello,5.0,parque,google_maps,Hace 8 meses,Parque Mora y Cañas,positiva
Muy hermoso lugar,5.0,parque,google_maps,Hace 4 años,Parque Mora y Cañas,positiva
Emblemático. De gran trascendencia histórica en Puntarenas. Se debe dar más mantenimiento por parte del Gobierno Central.,5.0,parque,google_maps,Hace 5 años,Parque Mora y Cañas,positiva
Este lugar está en REMODELACIÓN y próximamente será un hermoso lugar para que niños y adultos disfruten del lugar,4.0,parque,google_maps,Hace 4 años,Parque Mora y Cañas,positiva
Esta muy descuidado se ven muchos drogadictos en el lugar... Una verdadera lástima,2.0,parque,google_maps,Hace 7 años,Parque Mora y Cañas,negativa
Muy descuidado el lugar... La Municipalidad deberia preocuparse más por ese sitio...,1.0,parque,google_maps,Hace 7 años,Parque Mora y Cañas,negativa
"Es un parque avandonado, ediodo a orines,y muchos casuales a tambien poca seguridad",2.0,parque,google_maps,Hace 5 años,Parque Mora y Cañas,negativa
Un lugar que en mi tiempo de estudiante solía jugar fútbol con mis compañeros.,3.0,parque,google_maps,Hace un año,Parque Mora y Cañas,neutral
Exelente espacio familiar,5.0,parque,google_maps,Hace 3 años,Parque Mora y Cañas,positiva
Muy bonito por su naturaleza muy limpio,5.0,parque,google_maps,Hace 5 años,Parque Mora y Cañas,positiva
Un parque ideal para descansar o sentarse a oír música o leer un libro,4.0,parque,google_maps,Hace 3 años,Parque Mora y Cañas,positiva
"Que bonito para descansar, lo unico quitsron las canchas para los jóvenes.",5.0,parque,google_maps,Hace 4 años,Parque Mora y Cañas,positiva
In lugar muy lindo y limpio,5.0,parque,google_maps,Hace 4 años,Parque Mora y Cañas,positiva
Le falta embellecer y custodiar por parte de la Municipalidad y cuidado cultural por parte de la comunidad.,3.0,parque,google_maps,Hace 5 años,Parque Mora y Cañas,neutral
"Tiene un gran potencial, deberían darle más importancia ya que es uno de los pocos parques en Puntarenas.",3.0,parque,google_maps,Hace 5 años,Parque Mora y Cañas,neutral
Recientemente remodelado pero muy poco visitado.,5.0,parque,google_maps,Hace un año,Parque Mora y Cañas,positiva
Bien lastima que eliminaron tantos árboles,3.0,parque,google_maps,Hace 3 años,Parque Mora y Cañas,neutral
Muy buena la inversión del INCOP para el pueblo puntarenense.,5.0,parque,google_maps,Hace 4 años,Parque Mora y Cañas,positiva
ABANDONADO. Se dañaron los sistemas de riego y todo esta seco,5.0,parque,google_maps,Hace 3 años,Parque Mora y Cañas,positiva
Mora y caña esta en mi provincia puntarenas y es muy vonito visitarlo,5.0,parque,google_maps,Hace 4 años,Parque Mora y Cañas,positiva
Muy bonito y limpio,5.0,parque,google_maps,Hace 2 años,Parque Mora y Cañas,positiva
"Excelente infraestructura, ubicación y buena iluminación.",5.0,parque,google_maps,Hace 2 años,Parque Mora y Cañas,positiva
Muy bonito y cuidado!,5.0,parque,google_maps,Hace 2 años,Parque Mora y Cañas,positiva
Muy buenos precios y una atención de calidad!!!,5.0,parque,google_maps,Hace 5 años,Parque Mora y Cañas,positiva
Es un lugar para actividades recreativas. Exelecte.,5.0,parque,google_maps,Hace 8 años,Parque Mora y Cañas,positiva
"Precioso ,para pasar una linda tarde",5.0,parque,google_maps,Hace 4 años,Parque Mora y Cañas,positiva
Muy lindo y aseado,5.0,parque,google_maps,Hace 4 años,Parque Mora y Cañas,positiva
Por limpio y muy seguro,5.0,parque,google_maps,Hace 6 años,Parque Mora y Cañas,positiva
"Un lugar magnífico. Lo ideal es asegurar la marea baja para poder ver el paisaje, se recomienda llevar gorra, sombrero y sombrilla para protegerse del sol, usar protector solar, llevar agua en botella reutilizable, llevar fruta para hidratarse. Hay que tener cuidado con las medusas sobretodo en la zona rocosa. El paisaje es maravilloso y la conexión con la madre naturaleza es una maravilla. 100% recomendado.",5.0,parque,google_maps,Hace 2 meses,Parque Nacional Marino Ballena,positiva
"La puntuación es por el paisaje y la experiencia en este sitio único. El precio del parque es de 7 uss, se puede dejar el auto estacionado en la calle o llegar a la terminal en micro y luego caminar (serán unos 2 km). El parque tiene duchas y canillas para cargar agua en el ingreso. Los carteles del sendero están muy deteriorados y se nota la falta de mantenimiento en general. Para ver la cola de ballena hay que estar atentos a la marea baja, y así disfrutar del paisaje y también del mar. Se puede nadar y hacer snorkel del lado izquierdo. Es muy recordable el snorkel, siempre atentos a la marea. Hay carteles que indican peligro de corrientes de retorno, así que siempre con cuidado ya que no hay guardavidas. La playa es super extensa, hay sombra debajo de los árboles y palmeras, pero ojo con lo cocos! Caen y pueden lastimar. Hay un sendero que comienza en el ingreso, aquí la vegetación y la fauna son más silvestres, el sendero es corto e intenso. Se escuchan y ven monos y seguro muchas especies más si no te agarra miedo como a mí. La visita a este parque es imperdible.",5.0,parque,google_maps,Hace 6 meses,Parque Nacional Marino Ballena,positiva
"Conocí el parque a raíz de que hice el avistamiento de ballenas, y se tiene que entrar al parque para subirse a la embarcación. Al acabar el tour caminé por la playa, me llamó la atención el cordón de palmera y manglares que hay en toda la playa, es el océano, arena, y selva.. super bonito que da un ambiente salvaje y natural. La gente local entra a la playa sin pagar entrada colándose por diferentes sitios. Para caminar por la cola de ballena tiene que bajar la marea, consultar a qué hora del día se puede",5.0,parque,google_maps,Hace 9 meses,Parque Nacional Marino Ballena,positiva
"En la calle de entrada al Parque hay varias opciones gastronómicas, se debe de pagar la entrada ronda para ticos 1200 y extranjeros $6 El parqueo cuesta $9 todo el día el Parque cierra a las 5 PM después de cerrado se puede ver el atardecer pero hasta las 6 PM Hay wifi Hay duchas, agua potable. La playa tiene muchas piedras. Se puede mirar la cola de la ballena pero solo en marea baja. Consultar la tabla de mareas. El sendero es de piedra pequeña se pueden ver animales en su hábitat sobretodo aves como el Guacamayo Rojo.",5.0,parque,google_maps,2 semanas atrás,Parque Nacional Marino Ballena,positiva
Un bello lugar. La caminata hacia la cola es muy agradable. El parque tiene buen servicio. Es un lugar para ir al menos una vez en la vida,5.0,parque,google_maps,Hace 2 meses,Parque Nacional Marino Ballena,positiva
"Tuvimos una gran experiencia en el parque, playas muy hermosas, limpias. Hay agua para quitarse la arena, y espacio para acampar si así lo desean, muchas actividades para hacer y lugares buenos para comer, supermercados, un buen lugar para visitar.",5.0,parque,google_maps,Hace 5 meses,Parque Nacional Marino Ballena,positiva
"Entradas se cancelan solo con tarjeta, precioso lugar para fotos aéreas, debes llegar a ciertas horas para poder caminar sobre la cola ya que la experiencia esta sujeto a que esté la marea baja.",5.0,parque,google_maps,Hace 6 meses,Parque Nacional Marino Ballena,positiva
"En nuestra experiencia, al llegar a la playa por el sendero, nos encontramos a un grupo de monos cara blanca comiendo en las palmeras de la costa. Despues en la cola de ballena, del lado izquiero van a tener olas pero del lado derecho encuentran un mar muy tranquilo para refrescarse",5.0,parque,google_maps,Hace 4 meses,Parque Nacional Marino Ballena,positiva
"El Parque está hermoso, limpio, fácil acceso, ambiente familiar, la temperatura de la agua ideal para disfrutar y quedarse un rato relajado!",5.0,parque,google_maps,Hace 5 meses,Parque Nacional Marino Ballena,positiva
Visite la playa y estaba muy linda y con pocas personas por la época La entrada se puede pagar con tarjeta sale 6.78 USD,5.0,parque,google_maps,Hace 3 meses,Parque Nacional Marino Ballena,positiva
"Hermoso lugar, caminamos por el sendero donde vimos monos y diferentes tipos de aves.. la playa muy tranquila y amplia.",5.0,parque,google_maps,Hace 4 meses,Parque Nacional Marino Ballena,positiva
Muy lindo!! La playa super limpia y el agua calidad y transparente y mucho espacio para disfrutar el día!!,5.0,parque,google_maps,Hace 6 meses,Parque Nacional Marino Ballena,positiva
"El lugar es hermoso y grande para caminar. Muy limpio pero dejan entrar a cualquier persona sin mucha revisión por lo que es fácil ver personas perturbando el orden o en estado de ebriedad en feriados cuando se llena de gente. En ocasiones se ven pasar policías motorizados lo cual genera confianza a turistas y nacionales. Cuando hay bastante gente a veces cuesta encontrar sombra en la cual dejar las cosas y asentarse. Ir a los baños puede ser una mala experiencia, tienen un olor horrible y no se ven muy limpios.",4.0,parque,google_maps,Hace un año,Parque Nacional Marino Ballena,positiva
Lugar muy bonito. Pero infraestructura está muy dañada y descuidada. Ya sea por los visitantes junto con administración del parque.,4.0,parque,google_maps,Hace 3 meses,Parque Nacional Marino Ballena,positiva
Nos hizo un pedazo de día de sol y pudimos disfrutar muchísimo de este lugar. A destacar la playa Uvita. De mis playas favoritas que visite.,5.0,parque,google_maps,Hace 7 meses,Parque Nacional Marino Ballena,positiva
"Extensa playa, no entré por el parque nacional, solo caminé por la orilla hasta llegar a la cola de ballena y me bañé a un costado donde el mar es tranquilo y cristalino.",5.0,parque,google_maps,Hace 4 meses,Parque Nacional Marino Ballena,positiva
"Tiene una fauna y vegetación súper tropical, con un entorno natural increíble. Está rodeado de playas kilométricas prácticamente nada masificadas, lo que hace que la experiencia se sienta muy auténtica y relajante. Un sitio espectacular para desconectar y disfrutar de naturaleza pura",5.0,parque,google_maps,Hace 2 meses,Parque Nacional Marino Ballena,positiva
Muy recomendable visita en uvita. Hay un bonito paseo hasta la punta de la cola de la ballena. Hay que tener en cuenta las mareas. Un atardecer muy bonito. Recomendable visita en uvita,5.0,parque,google_maps,Hace 5 meses,Parque Nacional Marino Ballena,positiva
Para el costarricense promedio es difícil poder visitar la isla pero se puede utilizar el programa de voluntariado. Top del mundo para buceo,5.0,parque,google_maps,Hace 3 meses,Parque Nacional Isla del Coco,positiva
"+Top 3 P.N. en C.R. +De los mejor del mundo para buceo +Ideal para la observación de aves y plantas +Las instalaciones están bastante bien a pesar de los años +Los guardaparques que trabajan acá son de los mejores, por mucho. +Un paraíso terrenal - Demasiado difícil visitar la isla en relación a otros P.N. - Como turistas, el costo es elevado.",5.0,parque,google_maps,Hace 4 años,Parque Nacional Isla del Coco,positiva
Buen lugar para conocer la flora y fauna endémica y amar las grandezas de Dios.,5.0,parque,google_maps,Hace 7 años,Parque Nacional Isla del Coco,positiva
Un lugar único y debe osnprptejerlonde especies invasoras marinas y terrestres. La labor de los Guardaparques es muy importante es esta área. Fue un placer conocer el trabajo de ellos y aportar con un granito de arena de la experiencia del trabajo en las Islas Galápagos.,5.0,parque,google_maps,Hace 10 meses,Parque Nacional Isla del Coco,positiva
Es un lugar de conservación de la biodiversidad de especies y de sus ecosistemas.,5.0,parque,google_maps,Hace 2 años,Parque Nacional Isla del Coco,positiva
"Casi me come una un T-rex le daría 5 estrellas pero solo por eso , de paso les recomiendo tomarse una foto con el argentinosaurus.",5.0,parque,google_maps,Hace 2 meses,Parque Nacional Isla del Coco,positiva
"Excelente lugar, el paraíso mucha naturaleza por absorber!!!",5.0,parque,google_maps,Hace un año,Parque Nacional Isla del Coco,positiva
"Experiencia inexplicable, todo el mundo debería visitarlo.",5.0,parque,google_maps,Hace 7 años,Parque Nacional Isla del Coco,positiva
De los sitios más lindos que he conocido en mi vida.,5.0,parque,google_maps,Hace 4 años,Parque Nacional Isla del Coco,positiva
La isla más hermosa del mundo...,5.0,parque,google_maps,Hace 7 años,Parque Nacional Isla del Coco,positiva
El mejor y más hermoso lugar del mundo,5.0,parque,google_maps,Hace 6 años,Parque Nacional Isla del Coco,positiva
Un paraíso virgen increible,5.0,parque,google_maps,Hace 7 años,Parque Nacional Isla del Coco,positiva
El mejor parque,5.0,parque,google_maps,Hace 7 años,Parque Nacional Isla del Coco,positiva
Simplemente mágico!,5.0,parque,google_maps,Hace 7 años,Parque Nacional Isla del Coco,positiva
"Entorno precioso pero si haces la ruta hasta la Playa de Cabo Blanco, prepárate para pasar mucho calor. Lleva mucha agua. Podrás ver animales durante el camino, nosotros vimos venados, mapaches, lemures, pavos, monos y varios tipos de aves y lagartos. La playa es preciosa pero si te quieres bañar, mejor lleva escarpines. Muy recomendable para pasar el día",5.0,parque,google_maps,Hace 3 meses,Reserva Natural Absoluta Cabo Blanco,positiva
"Para caminar está bien bonito. Sendero bien marcado y 3 dificultades diferentes. El camino largo es el único que lleva a la playa, es un camino de, según el GPS, 12 km en los que la temperatura juega en contra así que se ocupa buena hidratación; además el camino es un poco quebrado así que llevar buen calzado y tener buena movilidad física. Quizás sea buena idea ir con bastones o al menos una rama para ayudarse La atención muy buena Se ven animales: mono araña, Congos, venado, coatíes, etc.",5.0,parque,google_maps,Hace 4 meses,Reserva Natural Absoluta Cabo Blanco,positiva
"Una gran experiencia que sin duda los amantes a la flora , fauna y senderismo deben de experimentar. Fui el Domingo 29 de marzo del 2026 y doy la siguiente informacion para tener en cuenta: 1) Se paga con tarjeta de credito o debito , el monto para nacionales es de 1 130 CRC 2) Guardaparques con gran servicio al cliente explicando bien los senderos y temas a tomar en cuenta 3) La recepccion y baños muy limpios 4) Hice el sendero Suecos ( Unico que te lleva a la playa) aproximadamente 10 KM ida y vuelta 5) Llevar calzado adecuado , asi como SUFICIENTE AGUA ya que es un clima muy seco y al entrar al bosque se siente mucha humedad 6) Logramos observar Lapas rojas , monos cara blanca , monos aulladores , pizotes , pajaros carpinteros 7) En el sendero suecos existe una parte que el descenso es un poco complicado (Cuenta con una cuerda que te facilita bajar y subir) 8) Al llegar a la playa , llegamos en marea alta , NO ES RECOMENDABLE ingresar al mar porque es peligroso por sus corrientes , tiene una vista expectacular 9) La ultima parte antes de llegar a la playa el sendero pierde la sombra asi que recibes el sol directamente 10) En la playa hay duchas con agua NO POTABLE En definitiva un lugar extraordinario que muy pocas personas visitan , vi niños y personas mayores llegar hasta la playa por lo que diria que es de una dificultad moderada pero siempre teniendo en cuenta los factores mencionados anteriormente.",5.0,parque,google_maps,Hace 3 meses,Reserva Natural Absoluta Cabo Blanco,positiva
"Cabo Blanco es uno de los parques naturales qie hay que visitar, hay 3 senderos. Si toma el sendero que va a la playa debes de llevar mucha agua. Para el sendero Danes también llevar agua, pero la caminata es moderada. Y el sendero corto es muy fácil.",5.0,parque,google_maps,Hace 2 meses,Reserva Natural Absoluta Cabo Blanco,positiva
"El Parque nacional tiene 2 senderos el más largo llega a la playa, es un sendero de moderado esfuerzo, con ascensos y descensos fuertes, por la humedad y el calor se recomienda mucha hidratación, la playa es hermosa, el acceso al mar tiene muchas piedras, hay árboles que tienen ""veneno"" hay que tener cuidado. No aceptan pago en efectivo.",4.0,parque,google_maps,Hace 3 meses,Reserva Natural Absoluta Cabo Blanco,positiva
"Más que una opinión, escribo esto para dejar información útil para la gente que quiera visitar el parque, que me hubiera gustado tener antes de ir. 1. La entrada para extranjeros cuesta 12 dólares, pero únicamente se puede pagar con tarjeta, por lo que se le debe agregar el 13% de impuesto. Por normas del gobierno, no se puede pagar esa suma con efectivo o transformarlo a colones. El guarda parque nos comentó que no se pueden comprar las entradas por internet. 2. El parque cuenta con 3 senderos, que van en aumento de distancia y dificultad. Si quieren realizar el sendero más largo (Sueco), deben traer al menos 2 litros de agua por persona, aunque no estoy seguro si el guarda parque te revisa que tengas esa cantidad. Este sendero es el único que llega a la playa. 3. A un lado de la recepción hay baños y, en frente, hay una llave con agua potable.",5.0,parque,google_maps,Hace 8 meses,Reserva Natural Absoluta Cabo Blanco,positiva
"Me encantó, el clima , la playa estaba preciosa . No es cierto an conocido ni visitado como otros parques nacionales en Costa Rica, lo que hace la experiencia más exquisita. Hay una diversidad de aves increíble si eres de los que te gusta observar aves. Regresaría.",5.0,parque,google_maps,Hace 7 meses,Reserva Natural Absoluta Cabo Blanco,positiva
"Lunes y martes cerrado. Horario de 8:00 a 4:00 Lo primero que deben hacer es ir al baño . Existen tres senderos. El primero se llama Arboretum la dificultad es baja distancia aproximada 1 km. El segundo se llama Danés distancia 2 km. recorrido circular dificultad media tiempo de recorrido una hora y media aproximadamente. El tercero es el sendero Sueco este va a la Playa Cabo Blanco. Tiempo de recorrido 2 horas de ida y dos de regreso aproxmadamente. La dificultad es de moderada a media. La playa es muy bonita con muchos lugares con sombra. Por la ubicación estarán en un lugar donde hay mar abierto por lo que deben tener cuidado con oleaje fuerte y corrientes. La mayor parte del recorrido desde la entrada hasta la playa van a estar a la sombra. Está zona cuenta con un nivel alto de humedad, llevar bastante agua, zapatos cerrados, repelente para mosquitos, gorra o sombrero, anteojos para sol. La playa tiene bastantes piedras. Al frente van a encontrar una isla ahí hay una antena de telefonía celular. La isla está a 3 km. de la playa. Cuando estén en la playa al lado derecho después de la punta se ubica Playa Sirena y a la izquierda Playa Amanecer.",5.0,parque,google_maps,Hace 7 meses,Reserva Natural Absoluta Cabo Blanco,positiva
La playa es con piedras. Tratamos de hacer snorkeling pero la visibilidad era nula,5.0,parque,google_maps,Hace 5 meses,Reserva Natural Absoluta Cabo Blanco,positiva
"La caminata de 2 hrs es nivel alto, si nunca haces ejercicio piénsalo en ir, si eres alguien que hace ejercicio dale, la naturaleza es muy linda es ir caminando en el bosque/ Selva , la experiencia vale la pena . Nosotros fuimos con un bebé de 8 meses en el cargador, wow si que fue un workout doble . Lleven lo básico en la mochila, nada extra por si acaso. Y siempre zapatos para hike, vimos personas con sandalias, si que duele .",5.0,parque,google_maps,Hace 7 meses,Reserva Natural Absoluta Cabo Blanco,positiva
"Vale la pena cada paso, los senderos hermosos los que tienen más dificultad se encuentran cables de apoyo y troncos también para dar estabilidad al bajar o subir . La playa hermosa , sin embargo el turista debería de cargar su basura y no dejarla botada en la playa , podría ser cosa de la marea también . Porque fue una lástima verla tan sucia de botellas plásticas .",5.0,parque,google_maps,Hace un año,Reserva Natural Absoluta Cabo Blanco,positiva
Un lugar que deben visitar en Cabuya. Mucha naturaleza y especies que puedes encontrar a simple vista. Camino bueno para llegar.,4.0,parque,google_maps,Hace 6 meses,Reserva Natural Absoluta Cabo Blanco,positiva
Lugar super lindo! Hicimos la caminata hasta la playa. Fueron 10km en total con un desnivel de 200m. Fue bastante intenso pero valió la pena porque la playa es hermosa.,5.0,parque,google_maps,Hace un año,Reserva Natural Absoluta Cabo Blanco,positiva
"Un lugar excelente y una camita maravillosa llena de animales silvestres, pero si es pesada hay que considerar el estado físico.",5.0,parque,google_maps,Hace 4 meses,Reserva Natural Absoluta Cabo Blanco,positiva
"Sencillamente espectacular! Una experiencia con la naturaleza única y hermosa. La caminata es larga y el sendero muy quebradizo, recomendación: buenos zapatos de montaña, ropa ligera o fresca, mucha agua y poco peso en la mochila. Llevar sándwiches o algo para comer en la playa. NO DEJAR BADURA, TRAERLA CONTIGO Y VOTARLA EN LOS LUGARES ADECUADOS.",5.0,parque,google_maps,Hace 7 años,Reserva Natural Absoluta Cabo Blanco,positiva
"Es un lugar hermoso, pero la playa es bastante normal y el trayecto es muy pesado en época seca, llevar bastante agua y carga ligera. Al llegar al final existe una ducha con agua potable (verificado por guardaparques), la gente la utiliza para llenar sus botellas de agua. Se tarda alrededor de 2 horas en llegar a la playa y lo mismo devolviéndose pero se puede alargar.",4.0,parque,google_maps,Hace 3 años,Reserva Natural Absoluta Cabo Blanco,positiva
"Un lugar para hacer algo diferente en la zona. 3 senderos que nos llevan al corazón de la reserva. Los mismos son de dificultad Intermedia. En el camino si prestas atención podés observar fauna en su hábitat natural. Recomendaciones, llevar ropa cómoda, agua y comida. Ir temprano para poder disfrutar sin tener que ir corriendo.",5.0,parque,google_maps,Hace 6 años,Reserva Natural Absoluta Cabo Blanco,positiva
Muy lindo y escénico. Algo retirado de la comunidad lo cual creo que lo preserva mejor. Pensé que tendría playa para bañarse cerquita pero la sección de playa está a 5 kms de caminata por el sendro montañoso más largo.,4.0,parque,google_maps,Hace 7 años,Reserva Natural Absoluta Cabo Blanco,positiva
"Hermoso Parque Nacional, es una belleza. Recomiendo hacer el sendero largo de 10 km ida y vuelta, la caminata si es de difícultad media pero vale absolutamente la pena. Vimos desde monos, oso hormiguero, venados, y en la playa Cabo Blanco vimos mantarrayas, dos tiburones , un pez globo y muchos peces de colores. Enamorada de ese Lugar.",5.0,parque,google_maps,Hace un año,Reserva Natural Absoluta Cabo Blanco,positiva
"No le tengan miedo al sendero nosotros tardamos en promedio una hora quince en atravesarlo. Tiene su dificultad pero si uno está entrenado lo hace fácil. No tuvimos suerte con la playa estaba marrón y con muchas olas, no vimos ni cerca lo de las fotos pero bueno supongo que la naturaleza es así",3.0,parque,google_maps,Hace 4 años,Reserva Natural Absoluta Cabo Blanco,neutral
"Un lugar mágico, histórico es un paraíso, espero algún día abran acceso por Malpais para visitar Cueva Murcielagos y otros lugares del parque. Quisiera saber más sobre el barco de 150 años que esta hundido . Una hermosa ruta y la playa impresionante.",5.0,parque,google_maps,Hace un año,Reserva Natural Absoluta Cabo Blanco,positiva
Es excepcional. Un oasis de vida natural. La historia de su creación es una historia de amor y de dolor de dos suecos que dieron la vida para que la vida prevalezca. Visitar este lugar debe ser un acto de agradecimiento y respeto.,5.0,parque,google_maps,Hace 3 meses,Reserva Natural Absoluta Cabo Blanco,positiva
"Ventajas • Precios accesibles • Cuenta con sanitarios • Con hermosos miradores • Diversidad de flora y fauna • Excelente atención al cliente • Ubicación sencilla para llegar • Cuenta con estacionamiento • Sitio considerablemente acogedor • Gran capacidad para varios visitantes • Cercano a diversos negocios o pueblos • Cumple con regulación 7600 (discapacitados) Estilo: Reserva Historia: Creada en 1963 por el sueco Nils Olof Wessberg la danesa Karen Mogensen, con el propósito de conservar los últimos bosques naturales de la región, que estaban en peligro de desaparecer. Esta pareja logró conseguir el interés de organismos nacionales e internacionales para financiar el proyecto. La fundación Reserva de Cabo Blanco marca el momento en que Costa Rica inicia su política de conservación del entorno natural, ya que es la primera área protegida establecida con ese propósito específico. Su creación también fue un hito que impulsó el establecimiento del actual Sistema Nacional de Áreas de Conservación. Esta reseña se basa a una visita en el año: 2021 Feliz viaje",5.0,parque,google_maps,Hace 2 años,Reserva Natural Absoluta Cabo Blanco,positiva
Me pareció un excelente lugar si tienen que tomar en cuenta que el recorrido bastante fuerte con algunos pendientes y bajadas pronunciadas por lo que recomiendo llevar un buen calzado además llevar suficiente agua porque adentro no hay agua potable tratar de llegar con marea baja para poder ir a ver el cabo blanco ya que es MARIA alta no se pues me parece que las instalaciones son bastante buenas que hay duchas baños incluso adentro hay una ducha en la playa,5.0,parque,google_maps,Hace un año,Reserva Natural Absoluta Cabo Blanco,positiva
"Increíble Lugar. Se caminan 10 km en total, hay 2 senderos recomiendo el sendero Sueco. Nivel de dificultad intermedio",5.0,parque,google_maps,Hace 4 años,Reserva Natural Absoluta Cabo Blanco,positiva
"La reserva es bellísima, totalmente recomendada como uno de los atractivos naturales que sí o sí hay que visitar si se va a la zona de Santa Teresa, mal país o Montezuma. El sendero de 5 kms termina en una playa preciosa con mesas para picnics y una ducha para limpiarse después de bañarse en el mar. Si se llega temprano y se va en silencio, es posible ver al ciervo de cola blanca, animal nacional de costa rica. Yo pude ver dos, uno de ellos con su cría.",5.0,parque,google_maps,Hace 4 años,Reserva Natural Absoluta Cabo Blanco,positiva
"10 Km (ida y vuelta) una caminadota para llegar, pero vale la pena, un oleaje moderado, arena blanca, tiene buena sombra, existe duchas de agua dulce. Una playa excelente.",5.0,parque,google_maps,Hace 6 años,Reserva Natural Absoluta Cabo Blanco,positiva
Lindo recorrido en plena naturaleza. Hay circuitos de diferentes tiempo/distancia. No vimos ningún animalito en todo el recorrido. Es pura vegetación. No recomiendo ir si llueve. Cobran entrada con tarjeta asique asegúrate de llevarla.,5.0,parque,google_maps,Hace 3 años,Reserva Natural Absoluta Cabo Blanco,positiva
"Se ven muchos animales, es muy natural, eso sí, el sendero hasta la playa es con varios desniveles. Importante llevar bastante agua.",5.0,parque,google_maps,Hace un año,Reserva Natural Absoluta Cabo Blanco,positiva
"La visita a Cabo Blanco es impresionante, si te gusta caminar será un buen paseo, hay 2 senderos uno de 2km y otro de 4km, este último llega a la playa, es por el único lugar que es permitido ingresar a la playa, a las 4pm cierra la reserva, por lo que es mejor llegar temprano. Hay sanitarios públicos, no hay ningún tipo de comida dentro. Recomiendo zapatilla de playa o tennis, sandalias podría ser incómodo, ciertamente si vas a pasar un tiempo en la playa debes llevarlas. Tuvimos una pésima atención de la señora que está en la caseta de ingreso, mal educada y amargada, pero el lugar es bello, con muchas restricciones ya que no puedes ingresar a la playa abiertamente, sólo una zona específica.",5.0,parque,google_maps,Hace 4 años,Reserva Natural Absoluta Cabo Blanco,positiva
"Un lugar mágico, lo bonito es que para llegar a la playa hay q caminar 5km. Duramos al suave 1.30 hrs bajando y de venida 2 hrs. Las aguas mas lindas que he visto de una playa turqueza, celeste y azul. Un mar delicioso. Hay bancas y agua para ducharse. En el camino pueden haber monos, culebras y otros mamiferos. Es importante ir ligero llevar snacks y mucha agua. Llevar salveque.",5.0,parque,google_maps,Hace 8 años,Reserva Natural Absoluta Cabo Blanco,positiva
Un parque con un sendero fácil aunque el calor no ayuda. Es posible ver venados y la playa es muy bonita con un color precioso.,5.0,parque,google_maps,Hace 3 años,Reserva Natural Absoluta Cabo Blanco,positiva
"Maravilloso lugar, excelente para caminadores, una playa preciosa",5.0,parque,google_maps,Hace 6 meses,Reserva Natural Absoluta Cabo Blanco,positiva
"La reserva es una parada obligatoria para cualquier turista. Es un parque demasiado lindo , cuenta con varios senderos y la cantidad de animales que se pueden ver es increíble. El sendero más largo lo lleva a la punta y se ve la isla.",5.0,parque,google_maps,Hace 4 años,Reserva Natural Absoluta Cabo Blanco,positiva
"El paseo es bonito aunq un poco largo y duro por el calor y las subidas. La playa es muy bonita pero tanta piedra hace q sea muy difícil meterse al agua, aunq hay duchas en la playa para refrescarse después de la caminata. Con marea alta es algo peor incluso",4.0,parque,google_maps,Hace 8 años,Reserva Natural Absoluta Cabo Blanco,positiva
"Excelente lugar con naturaleza abundante, senderos interesantes con avistamiento de animales silvestres, como aves de varias especies, monos aulladores y cara blanca, venado cola blanca, etc",5.0,parque,google_maps,Hace 8 años,Reserva Natural Absoluta Cabo Blanco,positiva
Una reserva natural increíble. Posee una gran diversidad de organismos. Los senderos son excelentes para los amantes de la aventura. Muy recomendada.,5.0,parque,google_maps,Hace 5 años,Reserva Natural Absoluta Cabo Blanco,positiva
"Me encantó la caminata de 10km. Dura y exigente, pero la llegada muy placentera.",5.0,parque,google_maps,Hace 4 años,Reserva Natural Absoluta Cabo Blanco,positiva
"Muy bonito sendero, el acceso es solo con un buen carro alto, la entrada 1800 pp vi osos hormigueros. La playa bellísima.",4.0,parque,google_maps,Hace 4 años,Reserva Natural Absoluta Cabo Blanco,positiva
"Sitio sin acceso al público o turístico, sólo investigación, monitoreo y protección. Es un Área Silvestre Protegida, la única en Costa Rica con la categoría de Reserva Absoluta.",5.0,parque,google_maps,Hace 8 años,Reserva Natural Absoluta Cabo Blanco,positiva
Excelente lugar para conocer la naturaleza de la zona. Puedes ver gran variedad de flora y fauna. Si estás sería no debes dejar de pasar por hay.,5.0,parque,google_maps,Hace 8 años,Reserva Natural Absoluta Cabo Blanco,positiva
"Tiene montaña y mar , la vegetación muy seca por la temporada , muy importante lunes y martes cerrado ,si quieren ir a la playa q es el trayecto mas largo se dura 2 horas de ida y 2 devuelta asi q si llega al medio día no puede ir porq cierran a las 4 .elcamino muy pesado hay q llevar 1 litro de agua por lo menos ...un viaje interesante.",4.0,parque,google_maps,Hace 8 años,Reserva Natural Absoluta Cabo Blanco,positiva
"Lugar hermoso con senderos, muy recomendado para visitar en familia. Nos encantó",5.0,parque,google_maps,Hace 5 años,Reserva Natural Absoluta Cabo Blanco,positiva
"Una experiencia muy buena. Es una ruta muy poco masificada por turistas, en la cual puedes ver muchos animales. Si es cierto que la ruta de 2km es un poco mas larga aproximadamente de 4km y a veces está poco señalizada. Por el precio de la entrada podrían invertir un poco más en la señalización. Por lo demás muy buena experiencia.",4.0,parque,google_maps,Hace 3 años,Reserva Natural Absoluta Cabo Blanco,positiva
"Excelente Lugar, Bien lejos está. Pero vale la pena, tiene senderos hermosos. Muy recomendado",5.0,parque,google_maps,Hace 9 años,Reserva Natural Absoluta Cabo Blanco,positiva
Conocer un bosque primario en la península de Nicoya es algo mágico. Los gigantescos árboles de la reserva te dejarán sin palabras. El primer sitio protegido de Costa Rica,5.0,parque,google_maps,Hace 5 años,Reserva Natural Absoluta Cabo Blanco,positiva
Linda caminata pero la playa no está muy buena tiren muchas puedes bolas y te podes golpear si te arrastra mucho el agua,5.0,parque,google_maps,Hace 7 años,Reserva Natural Absoluta Cabo Blanco,positiva
"Un parque totalmente lleno de biodiversidad, senderos naturales y puentes donde se requieren, para pasar todo el día entrando idealmente a las 8 para el sendero largo.",5.0,parque,google_maps,Hace un año,Reserva Natural Absoluta Cabo Blanco,positiva
"Experiencia única, nos tocó un día que parecía muy lindo, pero cuando nos bajamos del auto, se nubló y a los cuantos metros de la entrada del sendero hacia el mirador, empezó a llover torrencialmente y con mucho viento, pero pudimos disfrutar del sendero, era muy sencillo y de baja dificultad, bien marcado, pero lamentablemente no pudimos apreciar nada por las nubes. Pudimos tambien ir hacia el sendero que llega al lago, era un camino de cemento acompañado por mucha vegetación, y a la vuelta nos devolvimos por el sendero del puente. Fue muy bello. Los baños super ultra limpios y bien mantenidos. Contaban con todo. 10/10",5.0,parque,google_maps,Hace 5 meses,Parque Nacional Volcán Arenal,positiva
El lugar es increíble. Súper recomendable. Hay caminatas que se pueden hacer sin mayor dificultad y está muy bien señalizado. Lo que no me gustó es que hagan excursiones con cuatriciclos. Auyentan a la fauna con el ruido y dejan muchísimo olor a combustible. Deberían prohibirlos. También deberían instruir a guías y turistar para que los recorridos se hagan en silencio. Hay mucha gente que va a los gritos y así no es posible observar la fauna local.,5.0,parque,google_maps,Hace 6 meses,Parque Nacional Volcán Arenal,positiva
"Los ticket se compran al llegar no online. La atencion no es buena y no dan indicaciones acertadas. El trekking completo depende de cada persona pero si se hacen todos los senderos no menos de 3 horas. La naturaleza es increíble, nosotros no pudimos ver completo al volcán pero hubieron otras cosas para no volver tristes. Para ir a la laguna con el mismo ticket salen del parque a mano izquierda y el primer camino de tierra a mano izquierda tienen que doblar",4.0,parque,google_maps,Hace 4 meses,Parque Nacional Volcán Arenal,positiva
"Fuimos en auto hasta el parque, y nos tocó un día lluvioso! Tiene senderos en la naturaleza para recorrer, me gustó mucho el sendero el Ceibo! Que estás prácticamente dentro de la selva!, en la Colada al final estaba cortado, pero valió la pena el recorrido!, para ir al mirador principal de la vista del volcán se puede ir en auto o caminando son 600mts fáciles, y arriba hay unos bancos que podes aprovechar para un picnic! No hay baños en la zona o por lo menos no los vi, recomiendo hacerlo si te gusta la naturaleza, no pudimos ver la cima del volcán porque está nublado! Pero igual valió la pena la experiencia, y las entradas las compramos en el lugar directamente.",5.0,parque,google_maps,Hace 5 meses,Parque Nacional Volcán Arenal,positiva
"Entrada 17uss, se paga con tarjeta en el lugar. El parque tiene 6 senderos. Nos llevó todo el día. Fuimos despacio y en silencio para escuchar y observar las aves. Nos encantó. Avistamos una gran variedad de aves. Es muy recomendable llevar binoculares y tomarse el tiempo para escuchar, detenerse y avistar. Dentro del parque hicimos el sendero 3,4,5 y 6. Al salir, girando levemente a la izquierda está la entrada a la peninsula. Camino de piedra grande, con baches. Manejar despacio. En la peninsula se realizan los senderos 1 y 2. Muy recomendable. Vimos más aves y también coaties. Se puede cargar agua en el parque, es potable.",5.0,parque,google_maps,Hace 6 meses,Parque Nacional Volcán Arenal,positiva
"A nosotros nos ha encantado. La vegetación es exuberante, hay mucha fauna, los caminos están bien señalizados pero hay que llevar buen calzado ya que están embarrados. Las vistas del volcán y del lago son preciosas.",5.0,parque,google_maps,Hace 3 meses,Parque Nacional Volcán Arenal,positiva
"Parque a las faldas del Volcan Arenal, ofrece varios senderos, uno de ellos con árboles de gran tamaño y uno que otro animal. Uno de los senderos lleva a unas de las coladas de lava, además hay un mirador que ofrece una excelente vista del volcan (si está despejado). Adicional, puedes ir al área de la península del lago, un sendero sencillo que lleva a una bonita plataforma a orilla del lago. Recomendado ppr si andas por la zona.",4.0,parque,google_maps,Hace 5 meses,Parque Nacional Volcán Arenal,positiva
"Se puede llegar a los miradores haciendo la ruta corta sin senderos, muy sencilla pero con bastantes gradas al final que podrían ser un reto para personas mayores o con discapacidad. Si estás en condición también se puede hacer un sendero de 3km que tardamos 1.5 - 2 horas aprox. Entre bosque, muy bonito. Cuidado con las serpientes! Vimos una venenosa",4.0,parque,google_maps,Hace 5 meses,Parque Nacional Volcán Arenal,positiva
"Las entradas ahora se compran directamente ahí, no cobran estacionamiento, ayer 18/01 hubo lluvia todo el día y el barro hizo que el camino sea un tanto difícil si no quieres embarrarte mucho, más en el sendero del ceibo (3km), tiene 4 senderos, al mirador puedes llegar en auto, los otros caminando, algunos ceibos ya están casi sin ramas, se cayeron, a mí me encanta caminar, fui en sandalias y solo encontré problemas al subir a las colasas porque por ma lluvia resbalaba mi pie en las sandalias, pero lo demás normal, o lleven zapatillas que quieran ensuciar y mojar, solo vimos un par de aves, y un animal en el estacionamiento de arriba no se cuál es pero se robó mi plátano de mi mochila dentro del carro, así que no dejen sus puertas abiertas . Pero hay mucha vegetación y me encantaron los senderos .",4.0,parque,google_maps,Hace 6 meses,Parque Nacional Volcán Arenal,positiva
Excelente sendero y caminata. Fácil acceso. Algunas partes necesita mejor rotulación.,4.0,parque,google_maps,Hace un mes,Parque Nacional Volcán Arenal,positiva
"El Volcán Arenal es impresionante desde cualquier ángulo, pero verlo y grabarlo desde arriba es una experiencia increíble. La vista panorámica permite apreciar toda su majestuosidad, la forma perfecta del volcán y el entorno natural que lo rodea. Un lugar ideal para fotografía y video, y para entender por qué Arenal es uno de los íconos naturales más importantes de Costa Rica. Totalmente recomendado. If you need a local guide or personalized service, feel free to contact me. I’ll be happy to help you make the most of your visit.",5.0,parque,google_maps,Hace 6 meses,Parque Nacional Volcán Arenal,positiva
"El volcán Arenal es uno de los símbolos naturales más conocidos de Costa Rica. Se ubica en la provincia de Alajuela y destaca por su forma cónica casi perfecta y su imponente presencia. Durante muchos años fue uno de los volcanes más activos del país, lo que lo convirtió en un gran atractivo turístico. Hoy, aunque se mantiene en reposo, sigue siendo un lugar muy visitado por sus paisajes, aguas termales y la riqueza natural que lo rodea, ofreciendo una experiencia única para quienes buscan contacto con la naturaleza.",5.0,parque,google_maps,Hace 6 meses,Parque Nacional Volcán Arenal,positiva
"Muy bello lugar y lleno de vida, aves muy hermosas. No hubo suerte por el clima para ver el Volcán completo, pero vale ma pena ir y disfrutar del camino",5.0,parque,google_maps,Hace 2 meses,Parque Nacional Volcán Arenal,positiva
"Excelente parque para disfrutar del volcán Arenal. Suficiente parqueos, baños sanitarios, y senderos bien mantenidos que permiten disfrutar del volcán más de cerca. Totalmente recomendado.",5.0,parque,google_maps,Hace 6 meses,Parque Nacional Volcán Arenal,positiva
"Precioso paseo, ir con ganas de caminar!!! Ideales los días de sol, para poder aprovechar las fotos, con días lluviosos y nubes bajas no se aprecia!",5.0,parque,google_maps,Hace 3 meses,Parque Nacional Volcán Arenal,positiva
"Muy bueno, aunque no hay mucho mas para hacer que ver el volcan, es una excursión de menos demedio dia. Bien organizado y buenas instalaciones. Podes combinarlo con la catarata la paZ o la hacienda alcasia",5.0,parque,google_maps,Hace 2 meses,Parque Nacional Volcán Arenal,positiva
Es un paseo agradable pero no se ven tantos animales como en otras rutas.,4.0,parque,google_maps,Hace 3 semanas,Parque Nacional Volcán Arenal,positiva
Día completo con Red Lava tours. Primero la catarata después el Volcán. Cris un guía muy entregado nos hizo todo el paseo muy ameno. Vistas espectaculares. Recogida y entrega en hotel incluido,5.0,parque,google_maps,Hace 7 meses,Parque Nacional Volcán Arenal,positiva
Hermoso sitio para caminar y recorrer el sendero hasta llegar al lago del volcán arenal.,5.0,parque,google_maps,Hace 4 meses,Parque Nacional Volcán Arenal,positiva
Excelente la entrada por el sector volcán. Los 3 senderos muy buenos. Lo único que la entrada solo se puede pagar en dólares y con tarjeta. No aceptan efectivo ni tampoco colones .,5.0,parque,google_maps,Hace 4 meses,Parque Nacional Volcán Arenal,positiva
"Hermoso lugar con lindas vistas, vete preparado para subir una pendiente rocosa pero la vista vale totalmente la pena.",5.0,parque,google_maps,Hace 2 meses,Parque Nacional Volcán Arenal,positiva
"Creo que está limpio, senderos prolijos, mucha naturaleza y bien cuidada. Nos cruzamos coaties y ardillas. Lamentablemente no pudimos ver el volcán porque las nubes estaban muy bajas. Los miradores está bien pero no son los mejores de la zona. Creo que le falta alguna que otra tiendita más.",4.0,parque,google_maps,Hace 7 meses,Parque Nacional Volcán Arenal,positiva
"Es un “must” si t gustan la aventura. Mucha fauna, naturaleza y buena vibra. Ve preparado ya que son casi 2km de subida.",5.0,parque,google_maps,Hace 4 meses,Parque Nacional Volcán Arenal,positiva
"Una belleza de lugar, los senderos hasta en silla de ruedas se podrían andar. Recomendable llevar repelente para zancudos. La calle de acceso al sector península esta en pesimas condiciones, entrar en vehículos altos",5.0,parque,google_maps,Hace 8 meses,Parque Nacional Volcán Arenal,positiva
"Un excelente lugar para hacer senderismo y observar la naturaleza, si el clima lo permite la vista del volcán es impresionante .",5.0,parque,google_maps,Hace 7 meses,Parque Nacional Volcán Arenal,positiva
"Mi querida gente del SINAC, es inaceptable que los baños de varones estén totalmente colapsados en el Parque Nacional Arenal. Lo mínimo que se espera de la tarifa de pago es que los baños estén en condiciones aceptables. Lo que espero del equipo es que tengan las instalaciones en condiciones de aceptar visitantes de cualquier nacionalidad, tanto nacionales como internacionales merecen instalaciones decentes. Se están durmiendo en sus laureles y se están confiando de que la naturaleza solita les dará plata. Cuidado, no seguirá siendo el caso si se pasa la voz de la poca plata que se invierte en el mantenimiento de las instalaciones. Mi comentario incluye los senderos, pero no quisiera estar en el lugar del turista internacional que pagó 8 veces el precio de un nacional o residente. Por 2 dólares lo mínimo son baños decentes. Por 15 dólares, no quiero pensar lo que pasa por la mente de europeos y gringos o cualquier otro latinoamericano no tico, pero baños sucios no debe ser lo que reciba a un turista de cualquier nacionalidad. Tomen nota mi gente. Se están confiando y eso tendrá su consecuencia. No pido mucho, baños limpios, senderos en buen estado. ¿Es mucho pedir? ¿Alguien más con la mala experiencia o soy el único lunático? (Fui en Febrero de este año y me quedó tan mala experiencia que me estoy dando el tiempo en dar mis sinceros comentarios, espero que por el bien del trato del turista en el país más bello que al momento he conocido)..",1.0,parque,google_maps,Hace un mes,Parque Nacional Volcán Arenal,negativa
"Hermoso lugar con toda la naturaleza para maravillar la vista, aire fresco rico y la calidez humana.",5.0,parque,google_maps,Hace 6 meses,Parque Nacional Volcán Arenal,positiva
"Abierto todos los días de la semana y localizado muy cerca del turístico pueblo de la Fortuna de San Carlos. El parque cuenta con 2 sectores para visitar: El sector Península desde el cual se puede observar la laguna y tiene senderos en concreto adecuados para sillas de ruedas y el sector del Volcán que tiene vistas impresionantes del majestuoso Volcán Arenal. El sector del Volcán cuenta con un mirador principal al cual se puede llegar en carro y con varios senderos para caminar uno de los cuales (Sendero Coladas) llega al pie del volcán y se puede observar Coladas qué dejó el Volcán en el año 92. Actualmente no se requiere reservacion para visitar el parque, eso si el pago se realiza únicamente con tarjeta en la entrada del parque al momento del ingreso.",5.0,parque,google_maps,Hace un año,Parque Nacional Volcán Arenal,positiva
Nos hizo. Excelente clima. Poca señal debe contactar con el uber.,5.0,parque,google_maps,Hace 7 meses,Parque Nacional Volcán Arenal,positiva
"Increíble el recorrido y la vista al volcán! cruzas por varios puentes colgantes bastantes largos y altos, es emocionante, además de que ves varios animales en su hábitat natural, pasas por una cascada para tomarte fotos y el camino es bastante relajante, súper recomendado el tour. Al finalizar llegas al mirador, y la vista es espectacular. Los alimentos que venden ahí son buenos, algo costosos pero están ricos.",5.0,parque,google_maps,Hace un año,Parque Nacional Volcán Arenal,positiva
"Nublado muchos días. Es precioso todo el entorno del volcán. Las rutas para subir muy limitadas al mirador con guía y permisos , al ser parte de propiedad privada . Solo podemos ver una pequeña parte de este maravilloso volcán lleno de vegetación tropical",4.0,parque,google_maps,Hace un año,Parque Nacional Volcán Arenal,positiva
"Bonito, logramos apreciar bastantes animales. Lo único es que los senderos no están tan bonitos como otros parques nacionales",5.0,parque,google_maps,Hace 2 meses,Parque Nacional Volcán Arenal,positiva
Para mí uno de los mejores parques nacionales de Costa Rica y el mejor volcán de todo Costa Rica muy buena vista desde el mirador llamado el fósforo tiene vista de el volcán y de la laguna,5.0,parque,google_maps,Hace 8 meses,Parque Nacional Volcán Arenal,positiva
"Entramos al parque un domingo sobre las 10 am, no había fila así que ingresamos rápido. Era un día lluvioso y nublado, así que fuimos al mirador de la península al que se puede llegar en el auto y que esta frente al volcán, pero desde allí no pudimos verlo porque estaba nublado. Cuando pasó la lluvia, regresamos al parqueadero principal e iniciamos la caminata por el sendero Las Coladas qué es un recorrido de 4 Kms ida y vuelta; allí logramos finalmente ver el volcán Arenal porque se despejaron las nubes. La caminata estuvo agradable y con buen clima. La entrada al parque costó 15 USD y es necesario pagar con tarjeta.",4.0,parque,google_maps,Hace 11 meses,Parque Nacional Volcán Arenal,positiva
"Buenas vistas al volcán y paseos agradables, me gustó más la parte de la península menos concurrido y más auténtico. Con buenas vistas al volcán y la laguna",4.0,parque,google_maps,Hace 8 meses,Parque Nacional Volcán Arenal,positiva
"Una excelente opción si te gusta el senderismo, el parque no parece tener buen presupuesto, no hay mucha infraestructura, pero lo recomiendo ampliamente porque los miradores al final del sendero amarillo son hermosos, tardas en llegar porque tienen pendiente pero la vista te lo compensa todo con creces, el volcán es precioso el sendero rojo es natural entre la vegetación y no te lo puedes perder, espero que le asignen más presupuesto y puedan meter más baños y bebederos de agua.",5.0,parque,google_maps,Hace 4 meses,Parque Nacional Volcán Arenal,positiva
"Es un parque muy interesante que cuenta con cuatro senderos. Las Coladas tiene dos miradores del volcán con vistas impresionantes. El Ceibo ofrece un recorrido por una parte del bosque húmedo, en el que podemos observar una vegetación abundante, tucanes y otros tipo de aves. Vayan con animo de caminar porque recorrer todos los senderos les va a llevar a caminar más de cuatro kilómetros.",5.0,parque,google_maps,Hace un año,Parque Nacional Volcán Arenal,positiva
"Un lugar hermosos, visita obligada si estás en Costa Rica. La vista del volcán inmejorable.",5.0,parque,google_maps,Hace 3 meses,Parque Nacional Volcán Arenal,positiva
"Volcán Arenal, La Fortuna, Costa Rica A unas 3 horas en carro desde San José. Es un volcán majestuoso rodeado de aguas termales, senderos, puentes colgantes y naturaleza. Ideal para un día completo o con pernocta. Perfecto para familias y amantes de la aventura.",5.0,parque,google_maps,Hace un año,Parque Nacional Volcán Arenal,positiva
"Excelente experiencia para observar el volcán y parte de la colada de 1992, además de la vegetación y fauna. Hay unas vistas muy lindas del lago. Si bien el nivel de dificultad de los senderos no es muy fuerte a nivel de esfuerzo, debido a las lluvias algunos trechos del camino se llenan de barro (lodo) y es recomendable llevar bastones por seguridad.",5.0,parque,google_maps,Hace un año,Parque Nacional Volcán Arenal,positiva
"Es un lugar bastante bonito, puedes ver la mejestuosidad del volcán sin preocupaciones de que el clima o las nubes o etc etc no te vayan a permitir visualizarlo ( como el poás), tiene varios senderos que puedes recorrer de acuerdo a tu gusto y por supuesto capacidad. Recomiendo ir por el sendero Coladas y de regreso por el Ceiba, es súper bonito y descansado éste recorrido así. El costo de ingreso en 10/2025 fue de 15 USD por persona",5.0,parque,google_maps,Hace 9 meses,Parque Nacional Volcán Arenal,positiva
"Me encanta, hermosas vistas del volcán y el lago. Súper barato para nacionales. El camino a los senderos que llevan al lago está en muy mal estado y cuando llueve se inunda, es un camino difícil para carros bajos, incluso con uno alto se golpea bastante.",5.0,parque,google_maps,Hace 10 meses,Parque Nacional Volcán Arenal,positiva
"El área es lindo, el volcan imponente y los trails son interesantes. Sin embargo el mantenimiento del parque es deplorable: baños rotos hace más de un año (lo se porque así lo afirmó uno de los guías), carreteras para circular con el auto realmente imposibles, una demora de más de 40 minutos para ingresar con una sola persona a cargo de vender entradas tanto para autos como para peatones. Quise llegar al mirador del Arenal y fue imposible por el estado de la carretera... y eso q intenté por ambos lados ya que realmente quería conocerlo. Es realmente una lástima que la conservación sea tan pobre.",2.0,parque,google_maps,Hace un año,Parque Nacional Volcán Arenal,negativa
"El día nos tocó con lluvia, lo que no impidió que hiciéramos el recorrido. Optamos por el camino perezoso que no tiene nada de perezoso! Cuesta arriba se pone más complicado. Pero todo bien, tiene lindas vistas… recomiendo quedarse para almorzar o hacer algún picnic después del recorrido.",5.0,parque,google_maps,Hace un año,Parque Nacional Volcán Arenal,positiva
"Lo vimos muy caro para lo que hay que ver, la atracción es el volcán únicamente, nos hizo un día muy bonito y pudimos verlo en ambos lados con todo su esplendor. Los senderos no son tan buenos ni tan bonitos. Importante llevar hidratación, bloqueador y repelente.",2.0,parque,google_maps,Hace un año,Parque Nacional Volcán Arenal,negativa
"Un lugar maravilloso. Qué tienes que conocer si o si vengas a Costa Rica. El pueblo es bonito, tiene de todo, antros, bares, restaurantes y Sodas. También supermercado y lugares para hospedarse. Recomiendo ampliamente hacer el Rafting y el hicking al volcan son actividades maravillosas, nosotros lo compramos en el espacio frente al parque. Vayan al choyin, unas aguas termales gratis... Pasaran un momento relajante maravilloso. Prueben las brochetas de los vendedores ambulantes en el parque son deliciosas.",5.0,parque,google_maps,Hace un año,Parque Nacional Volcán Arenal,positiva
Espectacular que la naturaleza haya invadido lo que fue una colada de lava y ahora casi no veas las rocas. Majestuoso y con una vistas impresionantes. Con senderos para ver fauna y flora local y con un bosque espeso y húmedo típico de Costa Rica. Solo por admirar el volcán merece la pena.,4.0,parque,google_maps,Hace un año,Parque Nacional Volcán Arenal,positiva
"Parque nacional en un entorno natural espectacular. La naturaleza es la que se lleva las estrellas. Luego el parque en si cuenta de dos sectores: volcán y península, con 3 y 2 senderos respectivamente. Los senderos son muy accesibles. Para el precio de la entrada y siendo un parque nacional, podría tener más diversidad de senderos, mejorar señalizados, recorriendo distintos entornos y con distintas dificultades.",5.0,parque,google_maps,Hace un año,Parque Nacional Volcán Arenal,positiva
Recomiendo ir con un guía para que les vaya contando toda la historia del lugar. Es un tour impresionante y el lugar es espectacular,5.0,parque,google_maps,Hace un año,Parque Nacional Isla San Lucas,positiva
"Hace muchos años, la Isla San Lucas era una colonia penal para delincuentes que hubieran cometido delitos muy graves. En esta isla, el escritor José León Sánchez escribió su novela ""La isla de los hombres solos"".",5.0,parque,google_maps,Hace 3 años,Parque Nacional Isla San Lucas,positiva
Un lugar precioso con mucha cultura y sobre todo historia. Hay muchas personas que hacen tour a la isla.,5.0,parque,google_maps,Hace 2 años,Parque Nacional Isla San Lucas,positiva
"Un lugar con una historia muy fuerte. Recomendación, leer ""La isla de los hombres solos"" antes de ir.",5.0,parque,google_maps,Hace 2 años,Parque Nacional Isla San Lucas,positiva
lugar historico,4.0,parque,google_maps,Hace 3 años,Parque Nacional Isla San Lucas,positiva
"El parque marino en Puntarenas es muy bonito y, en nuestro caso, no tuvimos que hacer fila, incluso siendo fin de semana. Es un lugar amplio, aunque tiene pocos animales marinos, se pueden apreciar con claridad. El ambiente está muy bien cuidado, es aseado y realmente agradable. Aunque no probamos la comida, hay una gran variedad de actividades para los niños, como piscinas y juegos acuáticos, con chorros de agua. Es un sitio ideal tanto para adultos, que disfrutan viendo a los animales, como para los niños, que se divierten con las múltiples actividades. Sin duda, es un lugar muy recomendado para pasar un día en familia.",5.0,parque,google_maps,Hace 3 meses,Parque Marino del Pacífico,positiva
"Excelente lugar para pasar el dia la entrada a nacionales anda en 2900, al inicio te explican el lugar, muchos animales lugar limpio el restaurante es muy rico, espacios amplios, para apoyar lo mejor de la zona",5.0,parque,google_maps,Hace 6 meses,Parque Marino del Pacífico,positiva
"Excelente lugar para compartir en familia, tienen mucha información sobre las distintas especies de animalitos, buen trato del personal, el precio de la entrada económica, piscina para los pequeños, zonas verdes para compartir un refrigerio, muy ordenó y limpio..",5.0,parque,google_maps,Hace 3 meses,Parque Marino del Pacífico,positiva
"El lugar es realmente lindo. Hablando con los funcionarios del sitio, nos comentaron que en realidad es un centro de conservación y reintegro de especies al hábitat marítimo. El personal está sumamente informado; puedes preguntarles cualquier cosa y te la aclaran con gusto. Definitivamente es un lugar ideal para concientizarse y aprender sobre la fauna marina.",5.0,parque,google_maps,Hace 5 meses,Parque Marino del Pacífico,positiva
"El lugar tiene cosas hermosas. Es una buena parada para llevar a los niños, tienen play muy bien cuidado para bebitos pequeños y más grandes y áreas para refrescarse, de todo lo que no recomiendo en lo absoluto es la soda, poco salubre, lo tiene muy descuidado está parte, lo que pedimos no estaba ni cerca de rico, pero lo bueno es que si tienen áreas para picnic.",4.0,parque,google_maps,Hace 4 meses,Parque Marino del Pacífico,positiva
A los niños les gustó. Creo que no hay otro acuario en el país. Me gustó la información sobre Isla del Coco,4.0,parque,google_maps,Hace 2 meses,Parque Marino del Pacífico,positiva
"Excente para visitar con niños, muchos juegos para que disfruten luego de el recorrido.",5.0,parque,google_maps,Hace 2 meses,Parque Marino del Pacífico,positiva
"Es más que todo para el disfrute de niños, además del acuario, tienen una pequeña área de reptiles, un estanque con dos tiburones, uno con una tortuga y otro con varias mantarayas. Tienen areas verdes para comer o pasar el rato, un área de juegos para niños y una pequeña piscina para niños solamente. Hay áreas un poco deterioradas, pero no parece afectar el funcionamiento.",4.0,parque,google_maps,Hace 8 meses,Parque Marino del Pacífico,positiva
Entrada 2900 colones bonito lugar al menos para pasar el rato,3.0,parque,google_maps,Hace 2 meses,Parque Marino del Pacífico,neutral
Una experiencia bonita. Falta mas árboles para que se vea fresco y la limpieza a las afueras del edificio.,5.0,parque,google_maps,Hace 7 meses,Parque Marino del Pacífico,positiva
"Buen lugar para visitar con niños, fácil acceso,piscina,comida,barato,los empleados muy amables",4.0,parque,google_maps,Hace 7 meses,Parque Marino del Pacífico,positiva
"Lugar bonito pero con poco mantenimiento, falta inversion en infraestructura y especies marinas.",3.0,parque,google_maps,Hace 3 meses,Parque Marino del Pacífico,neutral
Lindo lugar en Puntarenas para ver diversidad en peces.,5.0,parque,google_maps,Hace 4 meses,Parque Marino del Pacífico,positiva
"Me encantó el lugar, ver esos animales que no había visto, la fuente de agua para refrescarse, área de juego y piscina para niños; las peceras de acuario. Lugar accesible cerca del muelle principal",5.0,parque,google_maps,Hace 4 meses,Parque Marino del Pacífico,positiva
"Hermoso el lugar, esta muy limpio y desde que ingresas una chica te guía para brindarte información. Nos encantó fuimos con una bebé de meses y lo disfrutó muchísimo, los baños tienen cambiador para bebés es algo importante y tienen rampas para accesar con con el coche por todo el parque. Importante, visitamos como a las 2 pm y estaba terminando de llover, luego hizo un atardecer divino. El costo de la entrada 2.900 colones los adultos bebé no paga menor de 1 año.",5.0,parque,google_maps,Hace un año,Parque Marino del Pacífico,positiva
No tuvimos que hacer fila para entrar. El parque es pequeño y se recorre rápido pero se pasa bien. El precio de la entrada a nacionales me parece super bien. Una linda parada rápida si andan en el puerto y quieren conocer.,5.0,parque,google_maps,Hace un año,Parque Marino del Pacífico,positiva
"Tenía aproximadamente 4 años de no visitarlos. Este jueves tuve la oportunidad de volver a ir y me pareció que el lugar le han invertido dinero e interés para que sea más atractivo. Talvez por el día que fui, no vi la zona de comidas abierto por lo cual tuve que comprar afuera del lugar El estado de los acuarios me pareció bastante aseado El agua de la piscina para niños se veía en buen estado. La verdad me sigue gustando y lo recomiendo para locales y extranjeros.",4.0,parque,google_maps,Hace un año,Parque Marino del Pacífico,positiva
"Da pena ver lo mal estado de la infraestructura que hay, el mal estado de los recintos de los animales, da lastima ver una langosta, morenas encerradas en una pecera pequeña que no caben, ver una gran cantidad de peces payaso o ciclidos en una pecera donde es evidente que no caben, ni en el peor acuario los tendrían tan juntos. Tenía cerca de 10 años de no ir y realmente da pena, ver qué no hay quien vigilé dentro del acuario que los mocosos golpeen los vidrios, fatal, igual es culpa de los tatas irresponsables, pero deberían poner un doble vidrio sabiendo la clase de mocosos que llegan .",2.0,parque,google_maps,Hace 11 meses,Parque Marino del Pacífico,negativa
"A pesar que no cuentan con los fondos suficientes, hacen posible de tener el lugar ideal para las especies",5.0,parque,google_maps,Hace 5 meses,Parque Marino del Pacífico,positiva
"Excelente lugar para entretener a los niños, algunos animales tienen poco espacio pero en general muy bonito. La comida es cara por lo que es mejor llevar",5.0,parque,google_maps,Hace un año,Parque Marino del Pacífico,positiva
Bonita para pasar un rato en familia. Amplias zonas verdes. La comida y el servicio de restaurante no son muy buenos,4.0,parque,google_maps,Hace 10 meses,Parque Marino del Pacífico,positiva
"Un lugar bonito, pero pequeño y con muy pocas especies. Le falta mantenimiento y esta un poco descuidado. Podría realmente aprovecharse más el espacio que tienen. La atención por parte del personal es muy buena son sumamente amables",5.0,parque,google_maps,Hace 3 años,Parque Marino del Pacífico,positiva
"Este es uno de esos lugares que causa conflicto en la decisión final de cuántas estrellas ponerle, me encantaría ponerle 5 estrellas, como parque marino, en su pequeña versión, las tienen, así que si no eres muy exigente quizá todo para tí sean 5 estrellas. Yo, tengo que seguir siendo exigente con cada detalle como lo he sido con todas mis reseñas. Así que aún cuando el lugar me encantó, siento que por pequeños detalles, le falta 1 estrella. Ok, comencemos en orden: Llegamos el 14 de Junio del 2023 a eso de las 3:30 de la tarde. La atención en la boletería fue un poco fría, la chica estaba haciendo algunas cuentas con alguien más, y no se molestó en pedirnos un poco de tiempo mientras terminaba, lo cual hubiera entendido, sino que se limitó a ignorarnos por 2 minutos hasta que terminó, ella fue la única con una atención al cliente baja, siendo la cara del lugar. La chica siguiente, que se encontraba a unos metros adelante, después de la entrada, nos esplicó muy amablemente los lugares a visitar, así como cada personal que nos topamos aún estando ocupados fuimos tratados muy cordialmente por ellos. Gran parte de los animales pude notar a simple vista que son rescatados, y eso habla muy bien de ellos. Para no hacer esta reseña más larga de lo que ya es, concluyo con las cosas a mejorar, el lugar en exteriores se veía un poco abandonado en cuanto a estructura, orden y limpieza, quiero pensar que fue por la hora en la que llegamos, quizá, al no haber mucha gente, tampoco era necesario tanto personal, espero que en la mañana no sea así, no pudimos bañarnos en la piscina porque estaba muy sucia, aunque los chorritos fueron entretenidos, al haber piscina, siento que faltan vestidores cercanos, para no tener que ir hasta los interiores, a los baños, a cambiarse. Así pues, aunque el lugar me gustó, no quedé con esas ganas de ""tengo que volver"" no digo que no vuelva, solo que no me dejó emocionado, ojalá,si vuelvo, me dé otra impresión, quizá vaya desde temprano, en esta ocasión, fue de pasada.",4.0,parque,google_maps,Hace 3 años,Parque Marino del Pacífico,positiva
"Vale la pena ir, tienen peceras muy bonitas. Me encantó ver a las Mantarayas. Cuentan con una soda dentro del parque y la comida estaba .uy buena demás a buen precio. Por ejemplo un arroz con camarones grande salía en 5 mil colones ($10) Aprox. Tienen una piscina para niños y unos chorros para bañarse.",5.0,parque,google_maps,Hace un año,Parque Marino del Pacífico,positiva
Lugar bonito pero un poco descuidado. Si lo pintan y mejoran la infraestructura sería lo mejor,4.0,parque,google_maps,Hace 9 meses,Parque Marino del Pacífico,positiva
"Deberían desarrollarlo mucho más, pocas especies, ambiente aburrido, su personal hace un buen esfuerzo por motivar al visitante. Las rayas fue lo mejor! La soda muy buena.",3.0,parque,google_maps,Hace 2 años,Parque Marino del Pacífico,neutral
Muy lindo y se que todo es plata . Pero intentar hacer algo para q las rayas y las 2 tortugas tengan un espacio un poquito más grande . Pero la experiencia es linda. Ahh y tamb poner un rotulito con el nombre de los hermosos árboles q están en dif puntos del parque .,5.0,parque,google_maps,Hace un año,Parque Marino del Pacífico,positiva
"Muy linda experiencia con niños. El lugar es pequeñito, sencillo y no tiene tantas cosas pero es muy muy lindo, tiene tiburones, peces, estrellas de mar, una tortuga entre otros animales marinos. También hay unos chorritos para que los chicos jueguen. Mis hijas lo disfrutaron.",5.0,parque,google_maps,Hace 3 años,Parque Marino del Pacífico,positiva
"Nos pareció una buena opción para compartir en familia. Hay animales rescatados, por lo que el lugar funge también como un refugio. Debería recibir más inversión estatal y comunicación de las actividades. Tienen aulas para dar clases sobre la biodiversidad.",5.0,parque,google_maps,Hace 2 años,Parque Marino del Pacífico,positiva
"Primera vez que voy y no esperaba ver tantos tipos de animales. El tour es corto pero provechoso, se puede tardar de 1 a 2 horas. Buena experiencia.",4.0,parque,google_maps,Hace un año,Parque Marino del Pacífico,positiva
"Hay bastante por ver a pesar de lo pequeño que es. Una experiencia muy interesante estar de cerca con las especies marinas y aprender datos interesantes con las exposiciones. El lugar está algo descuidado y hay varios rótulos con información caídos o difíciles de leer, pero vale la pena ir.",4.0,parque,google_maps,Hace 3 años,Parque Marino del Pacífico,positiva
Todo precioso y buen personal!,5.0,parque,google_maps,Hace 10 meses,Parque Marino del Pacífico,positiva
Excelente opción para visitar en la bella provincia de Puntarenas. Sitio idóneo para conocer un poco más de la fauna marina de nuestro país. Se acepta el ingreso de mascotas y si tienen niños pequeños lo pasarán de maravilla. Hay una soda q ofrece opciones de comida a muy buen precio y un sabor único de la comida típica. Súper recomendado.,5.0,parque,google_maps,Hace 2 años,Parque Marino del Pacífico,positiva
"Un lugar lindo, sin guía pero antes de entrar ellos te dicen cómo llegar a casa área y te dan un mapa, hay sodas y una piscina solo para niños y los chorros si son para adultos.",5.0,parque,google_maps,Hace un año,Parque Marino del Pacífico,positiva
"Hermoso lugar, muestra muchas especies marinas tienen 3 enormes tiburones y una pila de mantarrayas, hay una piscina para niños excelente para pasar el día con ellos ahí",5.0,parque,google_maps,Hace un año,Parque Marino del Pacífico,positiva
"Me sorprendió y a la vez me entristeció ver el diminuto espacio que le dan a las tortugas , los lagartos y las tortugas marinas. El lugar es enorme pero destinan muy poco a los animales grandes. Da pena el estanque de las mantas, da pena el estanque de la tortugas marinas, parecen piscinas para niños. No hay a quien preguntarle detalles sobre los animales. El lugar parece abandonado. Es una pena. Aún así y a pesar de todo entretiene.",2.0,parque,google_maps,Hace 4 años,Parque Marino del Pacífico,negativa
"Nunca había ido a pesar de haber pasado por ahí muchas veces y me encantó. Para los niños es muy divertido, tienen piscina con tobogán y chorros de agua, mesas de pic nic, tienen soda y la comida es rica. Hay muchos animales que conocer, en lo personal se me hace feo verlos encerrados en espacios pequeños, pero a lo que tengo entendido están ahí por estudio y se devuelven, así que constantemente cambian las especies que tienen y realizan muchos estudios para asegurarse que el océano esté en perfecto estado, así sus animales y corales, hacen muchos estudios de microalgas, así que es importante ir y ayudar y hay mucho que ver. Recomendado!",5.0,parque,google_maps,Hace un año,Parque Marino del Pacífico,positiva
"Muy linda experiencia. Zona de pic nic está muy linda. Puntos a mejorar, sería genial una piscinita más grande para todo visitante. Así uno aprovecha, ve los peces y se pega un chapuzón con los niños.",4.0,parque,google_maps,Hace 6 meses,Parque Marino del Pacífico,positiva
"El lugar es bellísimo, las especies que tienen se ven muy bien cuidadas y los espacios verdes para picnic son muy amplios la piscina es pequeña y poco profunda excelente para que los niños jueguen de forma segura, solo que cuando hay muchos usuarios se satura un poco . Por lo demás encantadisima definitivamente volveré a ir cuando tenga oportunidad",5.0,parque,google_maps,Hace 3 años,Parque Marino del Pacífico,positiva
"Visité el Parque Marino del Pacífico y salí muy triste. Aunque es un lugar que alberga animales rescatados, las condiciones que observé son preocupantes. Los estanques de los cocodrilos estaban sucios, las tortugas están en agua muy oscura y una de ellas, sin sus extremidades delanteras, pasa golpeándose contra las paredes de su piscina. Varias peceras se ven descuidadas y no hay información clara sobre la historia o el estado de los animales. Son seres vivos que merecen mejores condiciones, limpieza y supervisión. Ojalá las autoridades y la administración tomen medidas para garantizar su bienestar.",2.0,parque,google_maps,Hace 5 meses,Parque Marino del Pacífico,negativa
"Se llega en carro. Incluye es fácil llegar en bus porque la terminal está cerca. La entrada es barata. Tienen manta rayas, tortugas, mucha variedad de peces, estrellas de mar. Tienen una sala con una maqueta por así decirlo de la Isla de Coco, muy bonito e interesante. Tienen una restaurantico dentro del lugar. El lugar tiene rampas.",4.0,parque,google_maps,Hace 2 años,Parque Marino del Pacífico,positiva
"Si te gustan los animales marinos y quieres verlos con entrada super barata, recomendadisimo.",5.0,parque,google_maps,Hace 6 meses,Parque Marino del Pacífico,positiva
"Parque Marino del Pacifico, 500 mts este del Muelle de Cruceros, Puntarenas, Costa Rica El Parque Marino del Pacífico creado mediante Ley 8065, con el objetivo de propiciar el desarrollo humano sostenible tanto del litoral como de la costa pacífica, mediante la educación y la recreación, la conservación de la biodiversidad marina, las actividades turísticas de contenido ecológico y la investigación y desarrollo de opciones productivas alternativas a la pesca extractiva. la mayoría de animales son rescatados lo que es muy importante ya que no los mantienen cautivos. La entrada cuesta ¢2500 y tienen variedad de animales e información que te ayuda a conocer un poco más de ellos. Es un lugar para visitar en familia, excelente para los niños ya que de otra manera es un poco difícil poder tener la oportunidad de ver tan de cerca muchas especies marinas, tortugas y lagartos. Promueve a cerca del cuidado que debemos tener de cuidar y preservar las distintas especies Pienso que le falta espacio, que los animales están en un lugar muy pequeño, los tiburones o los cocodrilos y las demás especies se encuentran hacinados. Sus instalaciones exteriores, el recorres se puede hacer en unos 30 y 45 min. El recorrido es bajo tu responsabilidad ya que lo único te dan al entrar es un pequeño mapa general de la atracción. El acuario es pequeño y con pocas especies. cuenta con un estanque de rayas y tiburones los cuales están muy cerca de las personas lo que propicia que sean tocados con el riesgo de accidentes. Dentro de las instalaciones podemos encontrar un pequeño playground que no luce muy bien, una piscina para niños y un tren que da recorrido por las instalaciones. En general es una experiencia agradable para los que nunca hemos tenido la oportunidad de asistir a un lugar de esta índole. ¡Cuidemos las instalaciones para que muchos lo disfruten!",5.0,parque,google_maps,Hace 6 años,Parque Marino del Pacífico,positiva
"Podrían mejorar mucho más, cuando los visité era mi primera vez y las espectativas eran muy altas sin embargo quedó debiendo mucho!",5.0,parque,google_maps,Hace un año,Parque Marino del Pacífico,positiva
"Hay variedades interesantes de peces, reptiles, tiburones, mantas, tortugas marinas, un lindo acuario. Los encargados muy amables y preparados, se preocupan por explicar. Pero falta mantenimiento y cariño en los jardines. Con plantas y riego el ambiente puede mejorar muchísimo.",4.0,parque,google_maps,Hace 5 años,Parque Marino del Pacífico,positiva
"Hermoso, aparte de que se apoya al mantenimiento de animales marinos rescatados, también se aprende de ellos. El lugar lo mantienen muy bonito además hay chorros y piscinas para niños. También la soda es muy buena y buenos precios.",5.0,parque,google_maps,Hace 5 años,Parque Marino del Pacífico,positiva
"Es un lugar bonito para una visita rápida, cuentan con piscina exclusivamente para niños y fuentes de agua, la comida de la soda es de buena a regular, depende del platillo pueden durar bastante, pedimos arroz con mariscos y duraron casi 1hra en servir, con respecto sus instalaciones y animales se ven un poco descuidados",4.0,parque,google_maps,Hace 4 años,Parque Marino del Pacífico,positiva
Es agradable aunque le falta más cuidado a los animales y mantenimiento de las instalaciones. Sería bueno que pongan más información educativa de las especies. No recomiendo ir a estos lugares que al final tienen a los animales en cautiverio sin el cuidado/espacio que merecen,3.0,parque,google_maps,Hace un año,Parque Marino del Pacífico,neutral
"Que lugar tan bonito, lleno de paz, de riquezas naturales, de vida; me encantó...David fue nuestro guía, un excelente trabajo de su parte.... Una pequeña parte del sendero es de uso universal... La comida estuvo muy buena...",5.0,parque,google_maps,Hace un mes,Parque Nacional Juan Castro Blanco,positiva
El sector volcán viejo es muy bonito. El sendero está en excelentes condiciones y es muy fácil. Y la calle para llegar está en muy buen estado,5.0,parque,google_maps,Hace 3 meses,Parque Nacional Juan Castro Blanco,positiva
Qué lugar más encantador! Hay que caminar un poco cuesta arriba y hay que tener buena energía; pero vale el esfuerzo!,5.0,parque,google_maps,Hace un mes,Parque Nacional Juan Castro Blanco,positiva
"Un lugar Magico , el Guarda parques Gerardo está muy conectado con el trabajo de protección y buen mantenimiento del orden ambiental. Excelente lugar y porque no volver para ofrecer voluntariado .",5.0,parque,google_maps,Hace 2 meses,Parque Nacional Juan Castro Blanco,positiva
"Con más de 14.000 hectáreas es el parque menos visitado del país pero alberga una exuberante flora y fauna silvestre que incluye diferentes pisos altitudinales, por lo cual lo hace un excelente lugar para disfrutar de un contacto directo y natural con la naturaleza. También cuenta con ser el único parque que permite el disfrute de diferentes actividades. Tanto como avistamiento de aves, visitar cataratas, hiking, termales y hasta deportes de aventura.",5.0,parque,google_maps,Hace 2 años,Parque Nacional Juan Castro Blanco,positiva
Un lugar muy frío pero con paisajes muy bellos,5.0,parque,google_maps,Hace 5 meses,Parque Nacional Juan Castro Blanco,positiva
"Parque Nacional mágico! Ideal para realizar caminatas, aguas cristalinas, senderos para todo tipo de personas. Vale la pena recorrer estos escondites de Costa Rica. Recomendación: llevar hidratantes, zapatos antideslizantes y capa contra la lluvia. Ingresamos por el sector del Volcán Platanar.",5.0,parque,google_maps,Hace 3 años,Parque Nacional Juan Castro Blanco,positiva
"Muy buen parque. El sendero principal está cuidado, pero los demás no mucho. Son 12 kilómetros en total. Se vuelve muy peligroso en l llegada a las minas de azufre. Es una buena aventura pero hay que ir preparados. El restaurante a la entrada está muy bien, y las instalaciones son muy nuevas. Hay poco parqueo, y yo recomiendo solo 4x4s",4.0,parque,google_maps,Hace 7 años,Parque Nacional Juan Castro Blanco,positiva
"Un lugar hermoso, se respira tranquilidad y la ventaja es que ni es tan concurrido como otros parques nacionales, recomiendo ir en verano ya que en época lluviosa los senderos se pueden embarrialar mucho",5.0,parque,google_maps,Hace 8 años,Parque Nacional Juan Castro Blanco,positiva
Este lugar es increible con los senderos muy bien demarcados. Súper recomendado!,5.0,parque,google_maps,Hace 4 años,Parque Nacional Juan Castro Blanco,positiva
"Lugar muy relajante, Hermosa naturaleza, Aire muy puro, Hermosos paisajes naturales",5.0,parque,google_maps,Hace 7 años,Parque Nacional Juan Castro Blanco,positiva
Bonito lugar para respirar aire fresco y dar una caminata por potreros y rios hasta llegar a la catarata q es espectacular.,3.0,parque,google_maps,Hace 9 años,Parque Nacional Juan Castro Blanco,neutral
3 Cataratas y la más grande es toro 2 de 500 metros de altura en Venecia de San Carlos en Marsella x el centro turístico Recreo verde una experiencia única,5.0,parque,google_maps,Hace 7 años,Parque Nacional Juan Castro Blanco,positiva
Hermoso lugar una caminata de nivel medio pozo verde es bello.. Y eso si ir muy abrigado con gorro guantes y abrigo,5.0,parque,google_maps,Hace 8 años,Parque Nacional Juan Castro Blanco,positiva
Es un lindo lugar pero no hay instalaciones de ningún tipo ni personal como en otros parques,3.0,parque,google_maps,Hace 8 años,Parque Nacional Juan Castro Blanco,neutral
"Exelente lugar,lastima se nos a calentado mucho.",5.0,parque,google_maps,Hace 2 años,Parque Nacional Juan Castro Blanco,positiva
"Muy lindo para los q les gusta la aventura, hay que caminar unas 3 horas y recomendable llevar capa, llueve mucho y es muy frío.",5.0,parque,google_maps,Hace 7 años,Parque Nacional Juan Castro Blanco,positiva
Nuestra Montaña sagrada . Cuna del Agua de San Carlos . El bosque primario es una belleza,5.0,parque,google_maps,Hace 3 años,Parque Nacional Juan Castro Blanco,positiva
"Un lugar para descansar y olvidarse de los celulares. La tv, del caos en el que vivimos. Este.es.el parque del agua, agua pira, fría, delisiosa.",5.0,parque,google_maps,Hace 2 años,Parque Nacional Juan Castro Blanco,positiva
Muy bueno solo fato la calefacción pero con buena cobija de tigre se la juega uno,5.0,parque,google_maps,Hace 4 años,Parque Nacional Juan Castro Blanco,positiva
Si quieres respirar aire puro y tener un encuentro con la neturaleza en su totalidad! Seran momentos imborrables!!,5.0,parque,google_maps,Hace 6 años,Parque Nacional Juan Castro Blanco,positiva
"Es increíble la tranquilidad y la paz mental que puedes recibir de este sitio, el parque es más que una aventura...es vida.",4.0,parque,google_maps,Hace 3 años,Parque Nacional Juan Castro Blanco,positiva
"El personal muy gentil y atento. La comida buena y a buen precio. La laguna Pozo Verde es simplemente preciosa. El acceso a las minas de azufre lamentablemente estaba cerrado. Es un buen lugar para ""senderear"" y disfrutar del aire puro, de las vistas de las montañas y de la vegetación.",4.0,parque,google_maps,Hace 6 años,Parque Nacional Juan Castro Blanco,positiva
Asombroso facil acceso recomendado pocos visitado,5.0,parque,google_maps,Hace 8 años,Parque Nacional Juan Castro Blanco,positiva
"Un lugar agradable, difícil acceso.",4.0,parque,google_maps,Hace 6 años,Parque Nacional Juan Castro Blanco,positiva
Poca gente y lindo lugar. No hay instalaciones,4.0,parque,google_maps,Hace 8 años,Parque Nacional Juan Castro Blanco,positiva
Hermoso lugar para disfrutar en famila,5.0,parque,google_maps,Hace 8 años,Parque Nacional Juan Castro Blanco,positiva
"Esta ubicacion llega a ""montaña sagrada"" que es parte del parque, hay otra entrada del sector quetzales un par de kilometros antes no apta para automoviles talvez un buen 4x4,la zona es increible y la mayor parte del camino esta muy bien.",4.0,parque,google_maps,Hace un año,Parque Nacional Juan Castro Blanco,positiva
"Un lugar sumamente interesante, paisajes hermosos, y muy tranquilo. Sin embargo, se debería trabajar en el acceso, pues este no es el mejor. También, se podría instalar algún puesto de comida, bebidas o supermercado, pues muchas veces las personas no viajan con lo necesario para una caminata.",4.0,parque,google_maps,Hace 5 años,Parque Nacional Juan Castro Blanco,positiva
"Visitar este parque es una belleza, al llegar al pueblo de San José de la montaña empieza la belleza de este parque natural. Existen senderos para visitar un poco más de este parque, el sendero más conocido es el que va hasta la laguna pozo verde de origen volcánico. No hay que pagar de momento y es un paseo inolvidable, hay cabinas dónde quedarse con el restaurant a la par dónde hay desayuno, almuerzo y cena. Un lugar muy frío y para ir por el sendero hay que llevar zapatos para caminar en partes hay barro y tal vez un poco de lluvia que es muy común en la zona. Se le llama también la montaña sagrada tras que de ahí salen todos los acueductos de la zona norte.",4.0,parque,google_maps,Hace 6 años,Parque Nacional Juan Castro Blanco,positiva
La vista es super maravillosa.,5.0,parque,google_maps,Hace 2 años,Parque Nacional Juan Castro Blanco,positiva
"Buenas un lugar sumamente especial, lo recomiendo.......",5.0,parque,google_maps,Hace 8 años,Parque Nacional Juan Castro Blanco,positiva
Excelente lugar para visitar,5.0,parque,google_maps,Hace 7 años,Parque Nacional Juan Castro Blanco,positiva
"Es un lugar increíble, mucha vegetación, río, cataratas, animales y grandes saurios de piedra, asemeja un parque Jurásico. Es precioso, nos llovió e hizo mucha niebla, lo que lo hizo más genial e interesante. Lo recomiendo.",5.0,parque,google_maps,Hace 7 años,Parque Nacional Juan Castro Blanco,positiva
"La caminata a la cima es retadora, los senderos si necesitan más seguridad asi como poner barreras cerca de los caminos que pasan cerca de los barrancos. Por lo demás, es un muy buen reto para hacer hiking intermedio.",4.0,parque,google_maps,Hace 6 años,Parque Nacional Juan Castro Blanco,positiva
La Odisea de llegar hasta El parque a través de una vía en total neblina.. Fuertes Lluvias nos marcaron el camino algo escabroso pero fue el reto de Llegar hasta la Meta.. El Parque Juan Castro! Finalmente luego de 4horas de ansioso camino.. Todo un panorama bellisimo.. No pudimos entrar.. Estaba Cerrado!!!!!!! 12 pm.. Jueves 08 08 2019,3.0,parque,google_maps,Hace 6 años,Parque Nacional Juan Castro Blanco,neutral
"De los lugares más bellos de Costa Rica, tiene uno de los ecosistemas más importantes y maravillosos. Muy importante llevar ropa adecuada para esas alturas y clima, si se va a caminar hasta la laguna de Pozo Verde, tener especial cuidado en zapatos adecuados, especialmente si se llevan niños.",5.0,parque,google_maps,Hace 7 años,Parque Nacional Juan Castro Blanco,positiva
"Nosotros entramos al patque por el lado de Agua Zarcas, para subir hay que ir en un 4x4 el camino no esta bueno, la vista es impresionante. No pudimos subir hasta el final del camino porque habían muchas piedras y dificultaba el paso.",4.0,parque,google_maps,Hace 8 años,Parque Nacional Juan Castro Blanco,positiva
"Bellísimo paraje, verdor por doquier. Brotes de agua en múltiples puntos, ríos de agua cristalina, pájaros campana se escuchan en cada paso. La mejor muestra de que la conservación garantiza ecosistemas sanos",5.0,parque,google_maps,Hace 3 años,Parque Nacional Juan Castro Blanco,positiva
Súper. La naturaleza de éste lugar es preciosa.,5.0,parque,google_maps,Hace 7 años,Parque Nacional Juan Castro Blanco,positiva
"El lugar es bonito pero podría no valer la pena si solo espera en llegar a la cima pues todo lo que hay es un mirador, en el cual hace MUCHO frío, si lo que le gusta es el montañismo, y el subir la montaña la verdad si lo recomiendo!",4.0,parque,google_maps,Hace 7 años,Parque Nacional Juan Castro Blanco,positiva
Fue una experiencia muy buena me encantó este lugar espectacular,5.0,parque,google_maps,Hace un año,Parque Nacional Juan Castro Blanco,positiva
"La experiencia de subir al Volcán Platanar, que se encuentra dentro del Parque Nac. Juan Castro Blanco. ! Increíble! Muy fuerte el ejercicio pero definitivamente vale la pena. Los Sancarleños deberían de tener esta experiencia por lo menos una vez en su vida. Y cada vez que desde el centro de Ciudad Quesada vean el Volcán Platanar poder decir : Yo subí y caminé todo ese borde hasta la cima : Grandioso!",5.0,parque,google_maps,Hace 7 años,Parque Nacional Juan Castro Blanco,positiva
"Un lugar único en su especie. Lleno de mitos y secretos. Esencial para muchas formas de vida, incluida la humana, la cual se nutre, se limpia y se recrea en las teansparentes aguas procedentes del parque. Refugio natural del jaguar y el puma; la pava, el tepezcunte, la tijerilla, el cabro, la guatuza, el mono colorado"", el carilla"" y el congo"" los jilgueros y quetzales, los coyotes y las dantas y un sin número de especies que me quedan por nombrar. El mundo debe conocerlo! Debe ser manejado con manos de ceda"" y causar el menor impacto por mayor beneficio"" pisible. Crecí en sus montañas, las cuales no me dejan de sorprender; sus volcanes Porvenir, Congo, Platanar y el más hermoso y accesible' Volcan Viejo"" (todavía no abierto al público) Río Aguas Zarcas, Laguna Verde, cataratas de Pueblo Nuevo, Río Barroso, más de la mitad de Río Toro"", Río Guayabo, Caño Grande, Los Negritos.....montes, cascadas, cañones, aguas termales, aguas rápidas. Todo eso es Juan Castro Blanco ""el parque nacional del agua"" By the way"" urge que pn J.C.B recupere la coneccion con pn Volcan Poas a través de contruccion y mejora de los corredores biológicos de Quebrada Gata, Río Desague, Rio Anonos, asi como Rio Segundo. Mil gracias""",4.0,parque,google_maps,Hace 7 años,Parque Nacional Juan Castro Blanco,positiva
Exelentisimo soy Golfiteño 100 % y visito a menudo el lugar tiene unos senderos hermosos muy limpios y una gran variedad de aves y mamíferos ademas una catarata hermosa y lo mejor de todo es el sendero hummingbird donde se puede avistar una gran variedad de colibríes y mucha infinidad de aves tanto locales como migratorias estás son algunas de mis aves favoritas las cuales se pueden observar en el refugio.,5.0,parque,google_maps,Hace 6 años,Parque Nacional Piedras Blancas,positiva
En realidad el nombre no corresponde al lugar indicado. Un gran error!!! Lo que el mapa indica corresponde al Refugio Nacional de Vida Golfito y no al Parque Nacional Piedras Blancas que es colindante o vecino de esta área protegida. Sin embargo el lugar tiene características para personas que deseen conocer la naturaleza del lugar sin realizar mucho esfuerzo ya que el sendero se puede hacer en una hora a lo mucho.,3.0,parque,google_maps,Hace 3 años,Parque Nacional Piedras Blancas,neutral
"Es demasiado húmedo y caliente, los senderos son cortos, bien cuidados, nada difícil. El bosque es demasiado hermoso, lleno de musgo. Se pueden observar especies muy lindas y endémicas",5.0,parque,google_maps,Hace un año,Parque Nacional Piedras Blancas,positiva
"Única, es la palabra que encuentro. Senderiar en ese parque por un río y en un ambiente boscoso humedo como este parque fue una experiencia inolvidable. Me encanto",5.0,parque,google_maps,Hace un año,Parque Nacional Piedras Blancas,positiva
"Fui a correr e ingresé por un sendero. Era limpio, amplio y estaba bien delimitado. Imposible perderse. Se escuchaban monos (no sé de qué tipo) pero sus sonidos eran altísimos, habían tepezcuintles, ardillas y creo que un armadillo. No lo pude ver muy bien. Es bosque húmedo y se siente la sensación de frescura. No habían mosquitos a esa hora, eran las 530am. El lugar super recomendado. Hay una estación del SINAC con guardaparques pero a esa hora estaba cerrada. Muy bonitas instalaciones. En fin, para quienes les gusta la naturaleza y vivir una experiencia de armonía y paz, es un lugar precioso. Habían dos árboles enooormes, muy gruesos. Transmitían una energía demasiado restauradora.",5.0,parque,google_maps,Hace 7 años,Parque Nacional Piedras Blancas,positiva
"Hermoso lugar con facilidad para la observación de flora y fauna, casi siempre que lo he visitado he visto monos, serpientes y aves, tiene una hermosa catarata pequeña pero refrescante, los senderos están limpios y tiene buena recepción de visitantes. Su ubicación es super accesible a pie, o en bis o en carro, está justo después del aeropuerto de golfito camino adentro como 5 minutos.",5.0,parque,google_maps,Hace 6 años,Parque Nacional Piedras Blancas,positiva
"Un lugar muy lindo, lleno de naturaleza muy densa. El clima es pesado y bochornoso, es lo natural de la zona. La caminata es corta y rápida, se observa verde por todo lado, vale mucho la pena visitar el lugar.",5.0,parque,google_maps,Hace 4 años,Parque Nacional Piedras Blancas,positiva
"Un lugar mágico en Golfito, los senderos muy bien señalados, la naturaleza y la pureza del sitio lo hace un lugar de visita obligatoria.",5.0,parque,google_maps,Hace 4 años,Parque Nacional Piedras Blancas,positiva
"Un lugar de una exuberante belleza, gran cantidad de especies de plantas, aves, mamíferos y demás, buen acceso...",5.0,parque,google_maps,Hace 2 años,Parque Nacional Piedras Blancas,positiva
"Mar, buceo, kayak, senderismo, árboles gigantes, historia, ballenas, agujas, bosque tropical, lagunas manglares, aves.",5.0,parque,google_maps,Hace 2 años,Parque Nacional Piedras Blancas,positiva
"Un Parque por explorar, áreas muy vírgenes, playas escondidas, es un ecosistema de apoyo para el Parque Internacional La Amistad y el Parque Nacional Corcovado.",5.0,parque,google_maps,Hace 5 años,Parque Nacional Piedras Blancas,positiva
"Sendero precioso, super limpio y lleno de fauna silvestre.",5.0,parque,google_maps,Hace 3 años,Parque Nacional Piedras Blancas,positiva
Esta feo la infraestructura muy poco personal y mala atención . El lugar parece que está cerrado no existe un rótulo que indique donde esta el frente del lugar.,4.0,parque,google_maps,Hace 6 años,Parque Nacional Piedras Blancas,positiva
"Parque lleno de Naturaleza, al ser un sector muy poco visitado.",4.0,parque,google_maps,Hace un año,Parque Nacional Piedras Blancas,positiva
El sitio es una de las reservas naturales mas bellas de Costa Rica!,5.0,parque,google_maps,Hace 9 años,Parque Nacional Piedras Blancas,positiva
Fue una corta visita administrativa. La atención es pobre por restricciones de personal.,3.0,parque,google_maps,Hace 5 años,Parque Nacional Piedras Blancas,neutral
Súper bien atendido excelente comida,5.0,parque,google_maps,Hace 4 años,Parque Nacional Piedras Blancas,positiva
"Increíble lugar, de fácil acceso para todo tipo de vehículo. En mi caso se pago un tour guiado por las cavernas mediante el whatsapp registrado! La caminata de 1.6 km es un poquito pesada pero ya llegando al sendero se vuelve sencilla hasta llegar al mirador que cuenta con una vista increíble. La caverna es increíble, super recomendada para aquellos que les gusta la aventura! El lugar cuenta con parqueo y agua potable.",5.0,parque,google_maps,Hace 6 meses,Parque Nacional Barra Honda,positiva
"Una experiencia inolvidable, para las personas que les encanta el hike y las caminatas ecológicas este lugar cumple sus expectativas. Las caverna terciopelo es un hermoso lugar y el guía turístico es una persona con mucho conocimiento y experiencia. Se debe reservar con tiempo para el guía turístico.",5.0,parque,google_maps,Hace 4 meses,Parque Nacional Barra Honda,positiva
"El parque es muy lindo, lo recomiendo en invierno ya que es cuando toda la vegetación está verde y puedes ver la cascada y las pozas de piedra caliza que se forman en la quebrada, la caminata hacia el mirador es dura si no andas en un carro 4x4 ya que son 3 km de pura subida y 2 km de planicie pero vale muchísimo la pena",5.0,parque,google_maps,Hace 7 meses,Parque Nacional Barra Honda,positiva
"En el lugar hay Parqueo. Hay 2 formas de llegar desde Nicoya, una calle es de lastre y la otra mayormente asfalto. Se paga aproximadamente 1 100 de entrada y a la Asociación de guías 20 000 por persona, incluye el tour y todo el equipo. Son 8 kilómetros en total, 4 kilómetros para llegar hasta la Caverna y 4 de regreso. Hay un mirador precioso y no se camina tanto desde la Caverna. Hay un segundo parqueo que solo es para carros 4x4 y se evita hacer parte de la caminata (la parte más difícil porque son cuestas). Dentro de la Caverna hay 3 salas que se pueden visitar, lo más profundo son -25 metros. Se debe llevar mucha hidratacion porque el lugar es bastante caluroso. El lugar es precioso y se aprende mucho. Es una gran experiencia. En época de invierno se pueden ver pozas y una cascada.",5.0,parque,google_maps,Hace un año,Parque Nacional Barra Honda,positiva
"El parque es bonito, se camina un rato por una calle que está dentro del parque para después ingresar a un sendero en el que se podrá disfrutar de la montaña, si tienes suerte podrás ver monos, congos y hasta venados. Un atractivo de este parque es la caverna terciopelo, si quieres ingresar deberás pagar un monto extra para que un guía te acompañe. Se debe descender por medio de una pequeña escalera de 17 metros de alto, pero calma, es muy seguro, te colocan casco, guantes, un arnés y bajas asegurado a una cuerda. Una vez dentro podrás apreciar las formaciones que datan de millones de años. El parque también cuenta con un mirador desde donde podrás apreciar parte del golfo y algunas montañas de la zona. Es importante que sepas que los senderos no son accesibles, pero si cuentas con un carro 4x4 podrás ahorrarte unos cuantos kilómetros de caminata (pero seamos honestos, quién va a un parque nacional a andar en carro).",4.0,parque,google_maps,Hace 3 años,Parque Nacional Barra Honda,positiva
"Es un parque nacional poco visitado apesar de que está ubicado en una zona llena de atracciones como El Cerro Caballito, el Río Tempisque y la ciudad de Nicoya. Solo hay dos cavernas abiertas al público...una pequeña apta para niños y la terciopelo que se accede por una escalera de unos 17 m que te llena de adrenalina. Hay que reservar con tiempo ya que solo se puede descender en la mañana y tiene un costo adicional a la entrada al parque que incluye la guía y el equipo y que ronda los 20.000 colones.",5.0,parque,google_maps,Hace 2 años,Parque Nacional Barra Honda,positiva
"Es mucho más que cavernas, que por demás son mágicas, presenciar las esculturas que el agua esculpe a lo largo del tiempo es maravilloso. Las cascaditas también se merecen una visita. El sendero que conduce hasta estás formaciones calcáreas es UN hermoso túnel verde, fresco, un bosque repleto de hongos de todos colores y formas. Al llegar, solo se escucha el canto del agua mientras sigue esculpiendo formas en el cause del río.",5.0,parque,google_maps,Hace 4 años,Parque Nacional Barra Honda,positiva
"Barra Honda superó mis expectativas. El parque está lleno de animales, la vista desde el mirador espectacular y la caverna toda una aventura. Definitivamente recomiendo la visita guiada, agrega mucho a la experiencia.",5.0,parque,google_maps,Hace un año,Parque Nacional Barra Honda,positiva
"Al inicio la caminata es bastante empinada, pero después de recorrer los primeros 2 km todo es muy plano. El recorrido por las cavernas es súper espectacular, llegando a estar hasta 40 m de profundidad. Para reservar el tour es recomendado escribir o llamar al 8539 1010",5.0,parque,google_maps,Hace 2 años,Parque Nacional Barra Honda,positiva
"La visita a la caverna terciopelo tiene un grado de dificultad que permite el acceso a casi cualquier persona con una condición física promedio. El lugar es muy interesante y la caminata por el bosque del parque, para llegar a ella es muy bonita y fácil. La amabilidad y calidad del servicio de los guías es excelente. El acceso de vehículos también es fácil. Excelente lugar para conocer",5.0,parque,google_maps,Hace 9 años,Parque Nacional Barra Honda,positiva
"Para ingresar se debe pagar 1000 colones unicamente con tarjeta, se debe llevar calzado comodo, agua, y algo para comer como barras energeticas, fruta y semillas mixtas. El trayecto son 4 km en total, 2 de ida y 2 de vuelta es una hora de subida caminando y otra hora de bajada, si no desea caminar se puede subir en vehiculo y caminar el ultimo 1 km hasta el mirador. Para ingresar a las cavernas se tiene q hacer reservacion y unicamente se ingresa con un guia.",5.0,parque,google_maps,Hace 4 años,Parque Nacional Barra Honda,positiva
Ir bien temprano para visitar senderos y visitar las cavernas. El mirador tiene una belleza única y especial.,5.0,parque,google_maps,Hace un año,Parque Nacional Barra Honda,positiva
"Hicimos el tour de la caverna de Barra Honda, fue muy bonito! el precio es de 20.000 colones más la entrada del parque que son 13 dólares, lo pasamos muy bien, el guía fue excelente.",5.0,parque,google_maps,Hace 2 años,Parque Nacional Barra Honda,positiva
"Fuimos a conocer Caverna Terciopelo, un 100, super recomendado el tour.",5.0,parque,google_maps,Hace 6 meses,Parque Nacional Barra Honda,positiva
"Hace casi treinta años había venido con el Club de Montañismo de la Universidad de Costa Rica. Hoy regreso con mi hijo y me maravillé igual que la primera vez. La diferencia es que ahora resulta mucho más fácil el descenso, debido a la escalera rígida que pusieron. Y para los que no se atreven a bajar a la caverna, pueden disfrutar el recorrido por el bosque y observar el golfo desde el mirador.",5.0,parque,google_maps,Hace 7 años,Parque Nacional Barra Honda,positiva
"Llegué a las 7:30 a la entrada mi tour iniciaba a las 8:30, así que aproveche para desayunar en unas mesitas que hay en la entrada. Ya listos para iniciar nos dijo el guía que sí el carro es ,4x4 podíamos subir hasta el parqueo uno( es la mejor opción para guardar las energías para después) Ya en el parqueo iniciamos una caminata corta pero muy linda donde fuimos a un mirador impresionante dónde se logra ver la desembocadura del río tempisque y algunas islas de la península. De ahí directo a las cavernas Dónde se debe bajar una escalera de 17 metros( siempre me sentí muy segura porque iba con arnés) no les miento al inicio siente uno un poco de temor pero ya en marcha todo se olvida. Es una experiencia maravillosa donde los sentidos los tenemos a mil y cada segundo de la experiencia vale totalmente la pena",5.0,parque,google_maps,Hace 2 años,Parque Nacional Barra Honda,positiva
"Increíble lugar. El recorrido dentro de las cavernas es espectacular, el lugar cuenta con todo el equipamiento necesario para realizar esta pequeña expedición. Además dentro del parque de pueden caminar por la varios senderos, donde se puede apreciar de la flora y la fauna de la zona. Por otra parte la vista desde el mirador es fabulosa, eso sí, para llegar a este punto hay que caminar por lo menos unos 2 kilómetros desde la casetilla de los guadaparques.",5.0,parque,google_maps,Hace 6 años,Parque Nacional Barra Honda,positiva
"Para los que le gusta la aventura es ideal, pero hay que caminar 4 kilómetros para llegará las cavernas terreno bien empinado, o subir con auto 4x4. Entrada general cómodo más ver las cavernas te cobran mucho por cada persona.",3.0,parque,google_maps,Hace 3 años,Parque Nacional Barra Honda,neutral
"Un lugar increíble y los guías muy amables. El sendero, el mirador, las aves, todo muy bonito. De Nicoya puedes tomar un taxi que sea 4×4 cobran 10mil. Apto para todos, hay una caverna para los niños también.",5.0,parque,google_maps,Hace 7 años,Parque Nacional Barra Honda,positiva
Las cavernas son muy interesantes y los guías van explicando muy bien los procesos y datos interesantes de las cavernas. El parque en si tiene buen mantenimiento y vale la pena visitarlo.,5.0,parque,google_maps,Hace 3 años,Parque Nacional Barra Honda,positiva
"Buen lugar para una caminata. Increíble la vista del mirador y la cercanía con los animales (mono aullador, coatíes) Le hace falta un poco de señalizacion.",5.0,parque,google_maps,Hace 7 meses,Parque Nacional Barra Honda,positiva
"Es un lugar misterioso, bastante impresionante la verdad me encanto,los guías super amables y muy atentos. Pero que no se lo cuenten ,vayan y vivan la experiencia.",5.0,parque,google_maps,Hace 2 años,Parque Nacional Barra Honda,positiva
Esta reseña se basa a una visita en el año: 2014 Ventajas • Precio accesible • Zona para acampar • Hermosos miradores • Variedad gastronómica en alrededores • Cuevas con acceso relativamente accesible Desventajas • • • Felíz viaje,5.0,parque,google_maps,Hace 2 años,Parque Nacional Barra Honda,positiva
Excelente para caminar y hacer ejercicio..hace falta más rampas o lastre en los senderos por que las piedras en el suelo tienen picos y es peligrosa la salida es mejor devolverse desde el mirador...cabernas adultos 18mil..caberna niños 6mil + guia+ entrada al parque ..saludos y suerte,3.0,parque,google_maps,Hace 4 años,Parque Nacional Barra Honda,neutral
"Es increíble!!! Se conoce la oscuridad dentro de la caverna, el mirador es precioso, y tiene la mejor vista. Los guías son super amables!",5.0,parque,google_maps,Hace 7 años,Parque Nacional Barra Honda,positiva
"Lindo lugar para aprender, las cavernas son extraordinarias. El personal guía son muy buenos. Recomendado",5.0,parque,google_maps,Hace un año,Parque Nacional Barra Honda,positiva
"Excelente, buena caminata, naturaleza, fauna y flora. Sercicio de guía excelente. Cavernas muy interesante y aventura con adrenalina y admiración. Mirador con vista imponente",5.0,parque,google_maps,Hace 8 años,Parque Nacional Barra Honda,positiva
"Un parque nacional donde se puede conocer la estación seca, disfrutar de la naturaleza y entrar en la caverna, en la cual se aprecian distintas formaciones rocosas. De paso colaboramos con los parques nacionales de nuestro país.",5.0,parque,google_maps,Hace 9 años,Parque Nacional Barra Honda,positiva
"Si te gusta el hikking este es el lugar adecuado, con cavernas y un mirador espectacular.",4.0,parque,google_maps,Hace 2 años,Parque Nacional Barra Honda,positiva
Excelente experiencia la atención de todo el personal la guía Andrea es magnífica. La caminata la caverna todo super recomendado. Y cumplen con 5odos los protocolos.,5.0,parque,google_maps,Hace 5 años,Parque Nacional Barra Honda,positiva
"Buena experiencia poder ver las maravillas que hay debajo de la tierra, además el mirador está demasiado lindo. Tuvimos la oportunidad de ver mucha fauna a pesar que ingresamos cerca del mediodía",4.0,parque,google_maps,Hace 5 años,Parque Nacional Barra Honda,positiva
"Los guías, en especial Norman y Joe, son extraordinarios. El lugar y la experiencia son increíbles. El solo llegar al lugar permite acercarse a la Guanacaste sencilla y cálida, si va sin prisas. No deje de ir al mirador, es un valor agregado que vale la pena. Fácilmente se puede perder la oportunidad si no va temprano, evite largas esperas y contratiempos; aunque la info de la página oficial dice que se puede entrar incluso hasta la 1 p.m. tuvimos que volver al día siguiente sin tener una explicación clara de por qué no pudimos hacerlo el primer día. Hospedarnos en las cercanías y haber desayunado muy bien fueron factores de éxito y una linda experiencia de turismo rural.",5.0,parque,google_maps,Hace 8 años,Parque Nacional Barra Honda,positiva
"Muy bonito lugar, muy interesantes las cavernas, los trabajadores del parque son muy amables y tienen mucho conocimiento sobre las especies del parque y datos muy interesantes sobre la formación de las cavernas, los senderos están en muy buen estado y hay una vista maravillosa del Golfo de Nicoya en el mirador! Recomendadisimo",5.0,parque,google_maps,Hace 7 años,Parque Nacional Barra Honda,positiva
"Hermoso lugar para visitar, recomiendo subir caminando, es parte de la experiencia, la vista del mirador es toda una eminencia, muy bonito y tranquilo, vayan preparados para barro y mosquitos, pero sobre todo para la experiencia de bajar a las cavernas, es una sensación increíble, entre miedo y aventura, ya adentro si pueden con el guía apagar las luces en la caverna de los huevos fritos jaja sabrán de lo que les hablo",4.0,parque,google_maps,Hace 7 años,Parque Nacional Barra Honda,positiva
"Una caminata fácil para llegar a las cavernas, ya dentro las formas que se ven son muy bellas y particulares. Buena experiencia para conocer más de Costa Rica",5.0,parque,google_maps,Hace 3 años,Parque Nacional Barra Honda,positiva
"Muy bonito y la caminata es súper dura, hay tramos que es puro Barreal",4.0,parque,google_maps,Hace 2 años,Parque Nacional Barra Honda,positiva
"Hermoso lugar, la vista, sin palabras y eso que me faltaron las cavernas osea.. hay que regresar unas 3 veces más",5.0,parque,google_maps,Hace 6 años,Parque Nacional Barra Honda,positiva
Es un lugar maravilloso de fácil acceso puedes hacer caminata o bien bajar a las cavernas. Tiene un mirador increíble se ve todo el Golfo de Nicoya es un lugar digno de visitar.,5.0,parque,google_maps,Hace 7 años,Parque Nacional Barra Honda,positiva
¡Lugar mágico con sorprendentes formaciones rocosas! Lleva buena agua y desayuna bien antes de empezar a caminar.,5.0,parque,google_maps,Hace un año,Parque Nacional Barra Honda,positiva
"Increíble experiencia, nuestro guía Dilan muy profesional y increíble ser humano. Súper recomendado",5.0,parque,google_maps,Hace un año,Parque Nacional Barra Honda,positiva
Simplemente espectacular!! Una maravilla natural escondida en las profundidades! Altamente recomendado!! Hermoso mirador para apreciar el Golfo de Nicoya.,5.0,parque,google_maps,Hace 7 años,Parque Nacional Barra Honda,positiva
"Muy bonito pero la caminata es difícil por el calor que hace y que todo es cuesta entonces se vuelve muy cansado Hay duchas para bañarse cuando se regresa, así uno se refresca Llega cualquier carro",4.0,parque,google_maps,Hace un año,Parque Nacional Barra Honda,positiva
"Leer cuidadosamente es un parque de un clima tropical seco temperatura de unos 28 a 30 grados de la zona de Nicoya . La calle está bien para llegar en automóvil del Cruze de Nicoya son unos 25 minutos , ya en el parque recomendación: 1- Buen repelente para mosquitos hay muchos. . 2 - Buena hidratación osea botella de agua mínimo un litro por persona . La caminata son unos 5km de los 2.5 km es elevado el terreno Luego hay partes y trayectos planos",5.0,parque,google_maps,Hace 4 años,Parque Nacional Barra Honda,positiva
De las mejores experiencias. De todos los parques nacionales de Costa Rica es uno de los pocos que se hace otra actividad que no sea caminatas.,5.0,parque,google_maps,Hace 9 meses,Parque Nacional Barra Honda,positiva
"La caminata y la visita a la caverna, toda una experiencia. Recomendado. Genial ver más mujeres como guías en el Parque, además super conocedoras y con mucha experiencia.",5.0,parque,google_maps,Hace 3 años,Parque Nacional Barra Honda,positiva
"Vale la pena conocer las Cavernas y el mirador...bien, bien se puede llegar en un vehículo doble tracción y tiempo en la caminata. Es un tour corto, así que puede aprovecharse de camino a la playa, de realizarse en el ingreso de 8:30 ó 10:30 am. Recomendable, llevar doble mudada y cosillas para refescarse por el tema del barro en época lluviosa.",4.0,parque,google_maps,Hace 3 años,Parque Nacional Barra Honda,positiva
Muy hermoso este lugar todos deberían de ir y conocerlo vale mucho la pena..!!! Don Norman el guia un gran señor y todos los demás también excelente a guias,5.0,parque,google_maps,Hace 9 años,Parque Nacional Barra Honda,positiva
"Es un lugar muy interesante, el trato de los guarda parques es único, vale la pena visitar las cavernas y sus alrededores",5.0,parque,google_maps,Hace 3 años,Parque Nacional Barra Honda,positiva
"Es un lugar muy bonito para ver el amanecer y el atardecer, aunque no suele haber muchos asientos con sombra si pasan por el lugar a medio día. Muy recomendado para tomar fotos y probar comida de los puestos callejeros que se establecen por allí",4.0,parque,google_maps,Hace 4 meses,FARO DE PUNTARENAS,positiva
"Lo visitamos en estas fechas de Marzo 2026 y la municipalidad ha hecho un buen trabajo, se encuentra limpio, ordenado y tranquilo, los bailes del faro los jueves son de gran ambiente, la zona ofrece restaurantes muy buenos para consumir comida variada, un buen cambio ha tenido, recomendado para un paseo relax.",5.0,parque,google_maps,Hace 3 meses,FARO DE PUNTARENAS,positiva
"Situado en la punta de Puntarenas, hay un pequeño parque y bancan para sentarse. Alrededor hay FoodTruck que ofrecen comida local y batidos frescos. Frente al mar hay un pequeño muelle peatonal. Levar hidratacion, al medio dia el sol esta muy fuerte.",5.0,parque,google_maps,Hace 2 meses,FARO DE PUNTARENAS,positiva
Mis hijas les encantó Es lugar lindo para ir en familia. Recomendado,5.0,parque,google_maps,Hace 6 meses,FARO DE PUNTARENAS,positiva
"Me gusto mucho, una nueva experiencia caminar el paseo de loa turistas para ir hasta el Faro y ver el atardecer, aunque si se camina bastante.",5.0,parque,google_maps,Hace 5 meses,FARO DE PUNTARENAS,positiva
En excelente lugar viajar en ferri es una linda experiencia un viaje familiar,5.0,parque,google_maps,Hace un mes,FARO DE PUNTARENAS,positiva
Hermoso lugar para ir en familia y disfrutar de una puesta de sol,5.0,parque,google_maps,Hace 3 meses,FARO DE PUNTARENAS,positiva
Si es un lugar lindo sin embargo las personas no lo cuidan lo suficiente y habia mucha basura en algunas partes de la playa.,4.0,parque,google_maps,Hace 4 meses,FARO DE PUNTARENAS,positiva
Muy bonito lugar para visitar y tomarse la foto del recuerdo. La vista del mar es increíble y ahí en el faro hay foodtrucks que venden unas caldosas muy buenas. Hay estacionamiento.,5.0,parque,google_maps,Hace 11 meses,FARO DE PUNTARENAS,positiva
"El lugar es muy agradable, especialmente en la noche. Fui un sábado y me sorprendió la variedad de opciones de comida en los food trucks, con precios bastante accesibles. La zona es segura, y hay varios espacios para estacionar. Además, muchas personas llevan sus propias sillas para disfrutar del ambiente relajado. Sin duda, un excelente lugar para pasar un buen rato. ¡Recomendado!",5.0,parque,google_maps,Hace un año,FARO DE PUNTARENAS,positiva
Un bonito lugar para disfrutar con familia o amigos. Con lindas vistas y diversidad de exquisitos platillos para degustar.,5.0,parque,google_maps,Hace un año,FARO DE PUNTARENAS,positiva
Bonito lugar muy tranquilo tiene vida nocturna,5.0,parque,google_maps,Hace 6 meses,FARO DE PUNTARENAS,positiva
Bonito y muy iluminado! En esa calle ponen muchos Food trucks a lo largo donde hay bastantes opciones como tal. Se puede caminar sin problemas y hay bastantes lugares para sentarse. Como fui de noche no se vio mucho el mae pero tiene muy buena vista de todas formas.,5.0,parque,google_maps,Hace 3 años,FARO DE PUNTARENAS,positiva
"Cuenta con parqueo, se puede pagar almuerzo o llevar comida propia, venden licor. Las duchas son pequeñas pero tiene cambiadores muy espaciosos. Hay bastantes baños. La piscina necesita limpieza de las hojas, ya que hay mucho árbol, especialmente de mango lo que es un plus. Tienen 2 gatos divinos.",3.0,parque,google_maps,Hace un año,FARO DE PUNTARENAS,neutral
"El lugar está bastante limpio, es apto para la familia. Algo que no me gustó es que había personas fumando en el lugar y con nula presencia policial y en sitio había niños, especialmente. Pienso que se debería regular mejor esto dado que es un sitio familiar.",4.0,parque,google_maps,Hace 3 años,FARO DE PUNTARENAS,positiva
"Mi primera vez en ese lugar, me encanto, linda visitada, el faro muy lindo, estaba limpio, amplio campo para parquear, vista al mar, acceso a la playa. Hay bastantes bancas.",5.0,parque,google_maps,Hace un año,FARO DE PUNTARENAS,positiva
"Muy bonito para pasar las fiestas de fin de año, mucha gente y el lugar es agradable el sonido del mar es impresionante.",5.0,parque,google_maps,Hace un año,FARO DE PUNTARENAS,positiva
"Si no vas hasta el faro, no podes desir que fuiste al puerto, es un lugar icono de los porteños y muy emblemático especialmente para tomarse muchas fotos de día, de noche o para apreciar uno de los mas hermosos atardeceres del mundo",5.0,parque,google_maps,Hace 3 años,FARO DE PUNTARENAS,positiva
"Excelente lugar para ver el atardecer, cuenta con varios restaurantes y puestos de comidas a lo largo del paseo de los turistas.",5.0,parque,google_maps,Hace un año,FARO DE PUNTARENAS,positiva
"Total potencial desperdiciado. Pese a que es un falso histórico por ni siquiera tener la altura correcta para hacer faro, genera la ilusión de un hito arquitectónico. Nunca ingresé, cerrado en el momento (no sé si tan siquiera se puede ingresar de momento. No hay vegetación ni mucho mobiliario urbano para estar. Muchas ventas callejeras sin control ni servicios públicos. De noche la gente simplemente 'está' y lleva sus bebidas alcohólicas y fuman en espacio público sin control. Ventas de comida, algunas sin permisos sanitario. No vale la pena de momento, la Municipalidad necesita revisar su plan de gestión.",2.0,parque,google_maps,Hace 5 meses,FARO DE PUNTARENAS,negativa
Atractivo turístico pero con falta de un poco de mantenimiento,4.0,parque,google_maps,Hace 8 meses,FARO DE PUNTARENAS,positiva
"Lugar bonito, ambiente sano, se puede pasar un alinda tarde o noche en familia viendo los barcos y disfrutando de de algún vigoron o carnita.",4.0,parque,google_maps,Hace un mes,FARO DE PUNTARENAS,positiva
"Un lugar muy bonito dónde las personas se reúnen a disfrutar de comidas como pinchos de carne, pupusas, Churchill, carritos con ventas de comidas. También conversar, disfrutar de las noches de luna, divertirse,ver los Ferry más de noche todos coloridos. Los invito a ir súper recomendado",5.0,parque,google_maps,Hace 3 años,FARO DE PUNTARENAS,positiva
Excelente lugar en el puerto para ver el atardecer! Casi no hay sombras durante el día por lo que es bastante bochornoso.,5.0,parque,google_maps,Hace un año,FARO DE PUNTARENAS,positiva
Spot para una foto y listo,5.0,parque,google_maps,Hace 2 semanas,FARO DE PUNTARENAS,positiva
"Lugar ideal para disfrutar del sol y una caminata por la playa, números restaurantes y hoteles alrededor!! A disfrutar de un Churchill o in vigoron!!",4.0,parque,google_maps,Hace un año,FARO DE PUNTARENAS,positiva
"En verano es súper lindo hay de todo sodas , restaurante lo cálido del mar y como todo lugar tener precaución..",4.0,parque,google_maps,Hace 6 meses,FARO DE PUNTARENAS,positiva
"El faro de Puntarenas es un buen lugar para pasar el rato en familia cuando se visita Puntarenas, se pueden apreciar lindos atardeceres y ver los barcos pasar incluyendo los ferries que tienen el atracadero muy cerca. El lugar cuenta con espacios de estacionamiento y bancas para sentarse mientras se contempla el mar y disfrutar un delicioso Churchill puntarenence de los que venden en los puestos cercanos",4.0,parque,google_maps,Hace 2 años,FARO DE PUNTARENAS,positiva
"Muy tranquilo, muchos gatos libres juguetones en la arena, tratando de cazar algún cangrejo y haciendo reír y que los turistas pudieran tomar sus fotografías.",5.0,parque,google_maps,Hace 3 meses,FARO DE PUNTARENAS,positiva
"El lugar está hermoso , sobre todo para los que aman los atardeceres. En la noche alquilan carritos de pedal, a veces hay música, hay carritos de comidas, etc",5.0,parque,google_maps,Hace 3 años,FARO DE PUNTARENAS,positiva
Muy lindo !!! Estaría mucho Más... si la gente cuidara el lugar !!!,4.0,parque,google_maps,Hace un año,FARO DE PUNTARENAS,positiva
Bellísimo lugar. Muy aseado. Excelente para fotos.,5.0,parque,google_maps,Hace 2 años,FARO DE PUNTARENAS,positiva
"Todo muy bonito pero , mucha basura al alrededor ,la municipalidad debería trabajar en limpiar los sitios públicos demaciada basura al los alrededores",3.0,parque,google_maps,Hace 2 meses,FARO DE PUNTARENAS,neutral
Siempre es lindo estar aquí.,5.0,parque,google_maps,Hace 4 meses,FARO DE PUNTARENAS,positiva
"Este lugar es de los ticos, Llevas tu alimento, te bañas en la orilla si es de tu agrado, ves el atardecer y listo devuelta para tu casita.",5.0,parque,google_maps,Hace 7 meses,FARO DE PUNTARENAS,positiva
"Hermoso lugar, el faro como punto fotográfico es perfecto, la vista, la brisa marina y el paisaje juntos hacen magia.",5.0,parque,google_maps,Hace 5 meses,FARO DE PUNTARENAS,positiva
"Bonito lugar para pasar la tarde, ver el atardecer, tomarte una cerveza o comer algo pa picar!",5.0,parque,google_maps,Hace 2 años,FARO DE PUNTARENAS,positiva
"Una belleza Costa Rica, clima caliente, panorama increible, lugar sano para pasar en familia y salir de toda rutina, y un buen punto para darse una buena bañada y disfrutar del sol a los q les gusta. Se recomienda 100%. Una bonita experiencia",5.0,parque,google_maps,Hace 7 años,FARO DE PUNTARENAS,positiva
"El mejor lugar para despedir el año, se calculan unas 10 mil personas, q visitamos la noche de este 31 de diciembre, ya q estaba lleno todo el bulevar y la carretera colapsada.",5.0,parque,google_maps,Hace 6 meses,FARO DE PUNTARENAS,positiva
"Lugar histórico, bonito, le falta un poco de cuidado, luz del faro dañada, falta de cuidado por la administración",4.0,parque,google_maps,Hace un mes,FARO DE PUNTARENAS,positiva
"Me encantó visitar el Faro en Puntarenas. Tomarnos fotos, comer, los niños manejaron unos carros que alquilan en el lugar. Algo curioso hay muchísimos gatos alrededor del malecón. Lugar agradable para visitar en familia, con amigos o en pareja. Hay variedad de comida rápida, deliciosa y con las 3B",5.0,parque,google_maps,Hace 3 años,FARO DE PUNTARENAS,positiva
"Muy lindo pasear por el paseo de los turistas, la gente es muy amable",5.0,parque,google_maps,Hace un año,FARO DE PUNTARENAS,positiva
Esta muy lindo ambiente de amigos y familia,5.0,parque,google_maps,Hace 2 meses,FARO DE PUNTARENAS,positiva
M encanto el faro y tambien Punta pirata ademas las lanchitas que te llevan a ver los delfines o el manglar donde hay garzasas de pico de cuchara y rosadas pelicanos etc es lindo para ir un fin de semana y la gente de puerto muy amable,5.0,parque,google_maps,Hace 3 años,FARO DE PUNTARENAS,positiva
Muy lindo para las fotos y pasar una linda tarde.,5.0,parque,google_maps,Hace 2 meses,FARO DE PUNTARENAS,positiva
"Bonito lugar para pasar un buen rato, con una panorámica del mar y la costa circundante. La construcción del faro en sí es muy llamativa, si buscas un lugar para disfrutar de una buena vista. También encontraras muchos lugares para comer.",5.0,parque,google_maps,Hace 3 años,FARO DE PUNTARENAS,positiva
"Es una parada rápida y sencilla, no hay nada que hacer",2.0,parque,google_maps,Hace 5 meses,FARO DE PUNTARENAS,negativa
"La última vez que fui al Parque Nacional Carara había muchos animales. Ahora, en mi segunda visita, se veía en mal estado y solo logré ver un tucán; no había otros animales. Para que sepan, la entrada se compra por medio de la página web de SINAC. Depende de cada persona: a quienes les gusta caminar por los senderos y ver árboles y plantas quizá les agradará más, pero esa es solo mi opinión.",3.0,parque,google_maps,Hace 7 meses,"Parque Nacional Carara, San Antonio Garabito, La Hacienda",neutral
"Sendero principal en cemento y plano además de senderos en lastre. Cuenta con parqueo gratuito y baños. La atención del personal del parque fue excelente, explican sobre el sendero y condiciones. Las entradas se compran por medio de la página web del SINAC y no es necesario ingresar a una hora específico, recomiendo comprarlas con antelación pues me parece que no hay buena señal en esa zona de la carretera. Para adultos nacionales el costo es de 1000 colones y adulto mayor no paga. Pudimos ver 2 ranas venenosas, una guatusa, mariposas, hormigas, la vegetación es muy bonita.",5.0,parque,google_maps,Hace un año,"Parque Nacional Carara, San Antonio Garabito, La Hacienda",positiva
Parque nacional. Comprar tiquete en linea previo al ingreso es la única forma de acceder y enseñar en la oficina del guarda parques. Los senderos son nivel principiante para toda la familia. Ponerse repelente antes de ingresar buena hidratación.,5.0,parque,google_maps,Hace un año,"Parque Nacional Carara, San Antonio Garabito, La Hacienda",positiva
Es increíble... Se ven muchísimos animales..,5.0,parque,google_maps,Hace 4 años,"Parque Nacional Carara, San Antonio Garabito, La Hacienda",positiva
"Un lugar mágico, espiritual y natural",4.0,parque,google_maps,Hace 5 años,"Parque Nacional Carara, San Antonio Garabito, La Hacienda",positiva
Exelente atencion,5.0,parque,google_maps,Hace 4 años,"Parque Nacional Carara, San Antonio Garabito, La Hacienda",positiva
"Muy poca visitación por lo que los senderos son difíciles y con bastante vegetación Tener en cuenta que la temperatura es elevada y hay muchas cuestas en los senderos por lo que se necesita mucha hidratación (2L de agua). Se puede ingresar al río para recuperarse de tanto calor! Es un parque nacional para los que les gusta caminar sin llegar a un estilo mirador ni nada de eso, es simplemente caminar y esperar toparse animales silvestres (vimos aves, chanchos de monte y ranas)!",4.0,parque,google_maps,Hace 3 meses,Parque Nacional La Cangreja,positiva
"Poco accesible, es de los parque nacionales qué menos le invierten, por eso es de los menos visitados. El sendero es técnico y complicado, hay que caminar 1km hasta el río y es una bajada resbaladiza, se debe ir con cuidado... Para ir a la Catarata son 6km de un trayecto bastante técnico y complicado.",3.0,parque,google_maps,Hace 6 meses,Parque Nacional La Cangreja,neutral
"Un parque nacional poco visitado, posiblemente por su carretera que no está en muy buenas condiciones, está misma carretera comunica con Parrita. El parque tiene un bonito mirador en la entrada del parque. El sendero si es algo técnico, es recomendable llevar buen calzado, agua y snacks para el recorrido. En época seca hay poco caudal del Rio Negro para ver las cascadas, pero suficiente para poder refrescarse en sus aguas cristalinas.",4.0,parque,google_maps,Hace un año,Parque Nacional La Cangreja,positiva
"Uno de los parques nacionales menos visitados, por lo que podrás disfrutar con tu grupo de toda la naturaleza para ustedes solos casi todo el tiempo, en la entrada indica que el tramo a las oficinas es 4x4, es cierto, pero nada complicado para el carro adecuado. El sendero es de ida y vuelta total casi 12km, 500m de desnivel total, dificultad intermedia y muy útil llevar bastón ya que es de suelo natural que puede estar resbaloso. Se atraviesan numerosos ríos pequeños, algunos con puente, pero con una geología espectacular de cascadas grandes y pequeñas en gradas casi perfectas. Flora y fauna sumamente abundante. Ideal llegar apenas abren a las 8 para disfrutar todo el día. Pago solamente con tarjeta disponible.",5.0,parque,google_maps,Hace 3 años,Parque Nacional La Cangreja,positiva
"Parque Nacional Durante la época seca, el acceso se puede realizar en vehículo alto 4x2 hasta las oficinas de cobro, donde el pago se realiza únicamente con tarjeta de crédito. Si se viaja en carro liviano, es recomendable dejarlo a mitad de camino. Los senderos del parque son de nivel alto, por lo que se recomienda contar con buena condición física, llevar suficiente hidratación y alimentos ligeros.Para familias o personas que desean una caminata más relajada, se sugiere llegar hasta el primer puente. En este punto se puede disfrutar de un baño refrescante y evaluar la condición física antes de continuar hacia la zona conocida como “La Pared”, donde hay tinas naturales. Este tramo adicional toma aproximadamente 10 minutos. A partir de ahí, quienes tengan una condición física adecuada pueden continuar con el recorrido completo, que incluye cuestas exigentes de hasta 40 minutos. En total, la caminata puede durar unas cinco horas.",5.0,parque,google_maps,Hace un año,Parque Nacional La Cangreja,positiva
"Linda experiencia. Una caminata por senderos bien marcados y bien mantenidos. Dificultad entre media y alta. 11 kilómetros entre naturaleza, bosques primarios y secundarios, riachuelos y una catarata. Se pueden observar tucanes, lapas, pavas y otras aves. Hay que ir preparando con buena hidratación y algo de comer para el camino. Ampliamente recomendada.",5.0,parque,google_maps,Hace 6 años,Parque Nacional La Cangreja,positiva
"Lugar perfecto para tener un contacto estrecho con la naturaleza y hasta para ejercitarse. Es muy poco visitado, por lo que aún guarda mucha autenticidad. Para ingresar al parque se requiere 4x4. Ir preparados porque prácticamente no hay dónde pasar a comer en el camino.",5.0,parque,google_maps,Hace 4 años,Parque Nacional La Cangreja,positiva
"Hermosisimo lugar. El acceso es por carretera de asfalto una parte y por lastre en el último trayecto. Aunque es de lastre, esta bien asentado y no hay problema para recorrerla. En el parque hay parqueo junto a la caseta del guardaparques. El río queda cerca de la entrada. El recorrido en general es de unos 8 km. Hay puentes y varios riachuelos de camino. La subida es muy empina en algunos sectores.",5.0,parque,google_maps,Hace 6 años,Parque Nacional La Cangreja,positiva
"Excelente lugar para disfrutar de la naturaleza, buenos senderos para caminatas. La vista desde el mirador es muy bonita. Tiene varias quebradas y pozas. :) El sendero Río Negro es de 2km ida y vuelta para principiantes. El sendero a la Catarata El Encanto es de 12 km para intermedios. Es un lugar hermoso",5.0,parque,google_maps,Hace 2 años,Parque Nacional La Cangreja,positiva
"La carretera para llegar esta echa un amor, a pesar de ser de lastre. Pero del ingreso a la caseta de los guardaparques literalmente es para 4x4 o entrar caminando. Me dijeron q solo hay un sendero a disposición y que los cierran a las 2pm, después de esta hora no permiten más que acceso al mirador.",3.0,parque,google_maps,Hace 3 años,Parque Nacional La Cangreja,neutral
"Parque Nacional muy poco visitado. Siempre hay muy poca gente. Para llegar al parque hay 2KM de calle de lastre, llegan automóviles pero se van a golpear, recomiendo carro alto. Dentro del parque hay varias pozas perfectas para bañarse. El parque está muy bien cuidado.",5.0,parque,google_maps,Hace 7 años,Parque Nacional La Cangreja,positiva
"Es un parque nacional que está cerca de San José, un Jacuzzi naturales y vistas muy lindas, de la Gloria de Puriscal. Hay que ir preparado para caminar bastante, pero tiene la opción de hacer recorridos pequeños.",5.0,parque,google_maps,Hace 8 años,Parque Nacional La Cangreja,positiva
Es nuestro Parque Nacional invito a todas las Personas a cuidar de nuestros recursos naturales. También como Funcionario Público y colegas de todas las personas que laboran en dicho lugar nos vemos en la obligación de CUIDARLO.,5.0,parque,google_maps,Hace un año,Parque Nacional La Cangreja,positiva
"Sendero 6,5 kms hasta la catarata. Los senderos no están en las mejores condiciones ademas tiene bastante desnivel por lo que es una caminata de dificultad media",5.0,parque,google_maps,Hace 4 años,Parque Nacional La Cangreja,positiva
"Dos horas saliendo de San José, la calle en buen estado hasta unos 15 kilómetros antes de llegar al parque, un sedan puede tener problemas para llegar, ya estando ahí hay un mirador y varios senderos, el principal se llama Río Negro, son 5 kilómetros, es un sendero con mucha pendiente fuerte, dificulta medio-alta, se pasan varios ríos pero solo el primero tiene puente, mucho barro (época lluviosa) las vistas son lindas, mucha fauna y flora, llevar comida y agua, ya por estar dentro del parque no podrán comprar suministros, el parque está abierto de 8am a 4pm, nacionales pagan 1000 colones, extranjeros 10 dólares",4.0,parque,google_maps,Hace 6 años,Parque Nacional La Cangreja,positiva
"Muy bonito el parque, la caminata es intensa y si se requiere de unas 5 horas para hacerlo completo. Solo 4x4 en invierno y carro alto en verano",5.0,parque,google_maps,Hace 11 meses,Parque Nacional La Cangreja,positiva
"Lugar super bello, con senderos bien demarcados, posibilidad de disfrutar de varias pozas dentro del Parque, además, posee cataratas y diferentes tipos de formaciones rocosas. Epoca seca se puede ir en automóvil, en época lluviosa llevar 4x4 para poder ingresar al parque.",5.0,parque,google_maps,Hace 4 años,Parque Nacional La Cangreja,positiva
"Un parque maravilloso lleno de biodiversidad,animales puedes ingresar al río o pozas pequeñas que contiene, se debe ingresar en 4x4, se puede llevar merienda y los guarda parques son muy amables",5.0,parque,google_maps,Hace 3 años,Parque Nacional La Cangreja,positiva
"Excelente lugar. Especial para personas con buena condición física. Caminatas. Tiene un lugar para descansar, baños MyH. Excelente vista del mirador.",5.0,parque,google_maps,Hace 7 años,Parque Nacional La Cangreja,positiva
"Un hermoso lugar para disfrutar de la naturaleza, el camino si es fuerte, recomendable llevar mucha hidratación, fruta, cosas de picar y sandwich. Buenos zapatos para caminar, repelente y protector solar, para disfrutar.",5.0,parque,google_maps,Hace 6 años,Parque Nacional La Cangreja,positiva
"Este parque ofrece un inumerable cantidad de flora y fauna, ríos con aguas cristalinas. Muchas de las aves migratorias y recidentes se pueden ver aqui dependiendo de la época. Se recomienda usar zapatos para montana y estar atento con las serpientes.",5.0,parque,google_maps,Hace 4 años,Parque Nacional La Cangreja,positiva
Un buen lugar en medio de la naturaleza para hacer ejercicio y compartir. Pero no olviden usar repelente de mosquitos y llevar buenos zapatos porque el sendero es arcilloso y en algunos sectorez resbaladizo.,4.0,parque,google_maps,Hace 6 años,Parque Nacional La Cangreja,positiva
Fantástico lugar. El guarda parques muy amable. Senderos bien definidos.,5.0,parque,google_maps,Hace 6 años,Parque Nacional La Cangreja,positiva
"Perfecto para la observación de aves, camita de 12 km en terreno bastante complicado, preciosa catarata al final",5.0,parque,google_maps,Hace 4 meses,Parque Nacional La Cangreja,positiva
Un lindo lugar para disfrutar de la naturaleza y respira el aire más limpio,5.0,parque,google_maps,Hace 2 años,Parque Nacional La Cangreja,positiva
"Hermoso me encantó, excelente condiciones de usos públicos y bien recibidos. Una ruta muy bonita para hacer senderismo",5.0,parque,google_maps,Hace 8 meses,Parque Nacional La Cangreja,positiva
Lindo lugar para caminar y compartir con la naturaleza. Se puede entrar con carro alto en época seca,4.0,parque,google_maps,Hace un año,Parque Nacional La Cangreja,positiva
Hermoso lugar!!! Parajes asombrosos de piedra y ríos espectaculares.,5.0,parque,google_maps,Hace 4 años,Parque Nacional La Cangreja,positiva
"Un lugar muy bello excelente atención, hay baños públicos zona para parqueo un mirador bello una vista espectacular",5.0,parque,google_maps,Hace 7 años,Parque Nacional La Cangreja,positiva
"Precioso, es importante llevar zapatos acordes, hidratación y alimentación acorde para la caminata.",5.0,parque,google_maps,Hace un año,Parque Nacional La Cangreja,positiva
"El camino de Puriscal hasta el parque es de lastre, de la entrada del parque a la recepción es recomendable usar un carro alto porque la calle esta en mal estado El recorrido que nos recomendó el guarda parques es de 6 km, cuenta con diferentes pozas entre ellas la catarata el encanto",5.0,parque,google_maps,Hace 7 años,Parque Nacional La Cangreja,positiva
Un lugar lleno de naturaleza se pueden ver arboles y disfrutar del agua fresca de un rio,5.0,parque,google_maps,Hace 9 años,Parque Nacional La Cangreja,positiva
"Un parque idóneo para pasar en familia, la poza de río negro muy refrescante",5.0,parque,google_maps,Hace 6 años,Parque Nacional La Cangreja,positiva
Un paque muy bonito y poco conocido.donde encuentra varios ríos y cataratas,5.0,parque,google_maps,Hace 8 años,Parque Nacional La Cangreja,positiva
Hay muchas terciopelo......pero es un lugar excelente..,5.0,parque,google_maps,Hace 9 años,Parque Nacional La Cangreja,positiva
"Es bonito y salvaje, vimos varias ranitas en los senderos, y escuchamos varios pájaros entre ellos el campana... Sin embargo el parque colinda con una propiedad privada y no hay letreros que indiquen que se está saliendo del parque nacional por lo que es fácil perderse.... Además los senderos estaban llenos de muchas hojas caídas incluso árboles y ramas, más bien parecía un trillo...",4.0,parque,google_maps,Hace un año,Parque Nacional La Cangreja,positiva
"Excursión para despejarse y desconectarse totalmente, aprende de casas de barro, ecología y equilibrio con la naturaleza, aprende a vivir con lo que necesitas y provee la naturaleza. Quedarás encantado con este paisaje inigualable.",5.0,parque,google_maps,Hace un año,Parque Nacional La Cangreja,positiva
Excelente lugar. Un poco mal la entrada ahora terminando el invierno 2022. Pero hermoso el verdor,5.0,parque,google_maps,Hace 3 años,Parque Nacional La Cangreja,positiva
Parque poco conocido de Costa Rica pero guarda hermosos paisajes así como. Ríos y vistas increíbles. Gran cantidad de avifauna,4.0,parque,google_maps,Hace un año,Parque Nacional La Cangreja,positiva
"Paseas solo practicamente, el rio negro y la quebrada cangreja son hermosas",5.0,parque,google_maps,Hace un año,Parque Nacional La Cangreja,positiva
"Para el que le gusta caminar, el lugar es demasiado lindo, diría que la caminata es para intermedio-avanzados",5.0,parque,google_maps,Hace 7 años,Parque Nacional La Cangreja,positiva
Bello lugar! Increíbles paisajes. Lleno de mucha vegetación,5.0,parque,google_maps,Hace 6 años,Parque Nacional La Cangreja,positiva
"Es mejor llegar en 4x4. El lugar es ideal para la gente que gusta ver aves y los senderos son aptos para gente que gusta hacer senderismo. Es muy húmedo así que es importante llegar una ropa para cambiarse luego de caminar. El sendero de río negro puede ser monótono pasado el río, por eso es importante que lo haga solo su gusta caminar. El nivel de esfuerzo es medio.",4.0,parque,google_maps,Hace 7 años,Parque Nacional La Cangreja,positiva
"Un lugar con hermosa naturaleza (muchos árboles, animales, serpientes, ríos). Caminata para bajo e intermedio. Riquísimo bañarse en el río negro. Solo con carro 4x4 por que los 600 metros de ingreso no están en buen estado.",5.0,parque,google_maps,Hace 3 años,Parque Nacional La Cangreja,positiva
"Excelente lugar, con una caminata intermedia/avanzados",5.0,parque,google_maps,Hace 6 años,Parque Nacional La Cangreja,positiva
Bonito lugar para relajar la mente y disfrutar de la naturaleza,3.0,parque,google_maps,Hace 7 años,Parque Nacional La Cangreja,neutral
"Excelente servicio al cliente, buen trato, lugar aseado y bien cuidado, recomendado visitar",5.0,parque,google_maps,Hace 6 años,Parque Nacional La Cangreja,positiva
"Demasiado hermoso este parque pero no tiene atracciones específicas. No es muy visitado por muchos turistas al año porque no muchas personas saben que existe este parque, con diferentes bosques de altitud, y un gran cerro que vale la pena subir y explorar, su rio llamado negro que es especialmente para compartir en familia o compañeros. Tenéis que visitarlo.",5.0,parque,google_maps,Hace 7 años,Parque Nacional La Cangreja,positiva
"Hermoso lugar para observar vida silvestre. Hay muchos guacamayos, monos capuchinos y aulladores. Los senderos no están bien señalizados y el staff tenía poca predisposición a ayudar. Tuve que hacer caminata por los senderos yo solo porque la caminata guiada solo se podía hacer si eran dos o más personas :/",4.0,parque,google_maps,Hace 5 meses,Refugio Nacional Curú,positiva
"Un área silvestre protegida muy ordenada, muchos servicios disponibles, buena señalizacion, buen servicio informativo, buena infraestructura. La Playa Curú que es donde se llega al inicio es muy bella y limpia, realizamos el recorrido caminando hacia Playa Quesera la persona de la recepción fue bastante explicativa nos brindó todas las recomendaciones necesarias y opciones disponibles, el recorrido es de 10 km ida y vuelta es muy bonito para observar los cambios de paisaje, el sendero en sí no es extremadamente demandante físicamente pero talvez no es adecuado para personas poco activas físicamente, existe la opción de pagar un bote que lo lleve a esa playa por 6mil colones por persona por viaje... pero sea como sea vale la pena Quesera es una playa pequeña de arena tan blanca que encandila. Hay varios senderos que no conocimos por falta de tiempo pero hay hermosos paisajes desde que se va entrando sin duda es un paraíso.",5.0,parque,google_maps,Hace 8 meses,Refugio Nacional Curú,positiva
"Descubrimos este parque al final de nuestras vacaciones, un poco tarde para nosotros, pero valió la pena. Fuimos dos días seguidos porque nos encantó. Queríamos alquilar una cabaña, pero todas estaban ocupadas. Nuestro consejo: quienes quieran pasar la noche allí, alquilen la cabaña con antelación. Desde allí se puede llegar a Playa Quesera a pie, atravesando el parque por un sendero de 5 km, o en lancha. Desde allí también se pueden hacer excursiones a Isla Tortuga y hacer snorkel; los precios son bastante asequibles. La entrada al parque es de pago, 18 dólares por persona, pero vale la pena.",5.0,parque,google_maps,Hace 4 meses,Refugio Nacional Curú,positiva
"El lugar es hermoso, se pueden ver varios animales y playa quesera es algo que deberían tratar de visitar si pueden, el restaurante es bastante bueno al igual que las instalaciones.",5.0,parque,google_maps,Hace 2 meses,Refugio Nacional Curú,positiva
"Muy bello lugar, las cabinas, los tours muy lindos donde se logran ver gran variedad de animales y cerca de ahi la Playa Quesera super bellas.",5.0,parque,google_maps,Hace 3 meses,Refugio Nacional Curú,positiva
Experiencia muy recomendada. Hicimos el tour de 3h en caballo hasta playa quesera. La excursión preciosa con mucha biodiversidad y la playa para nosotros solos. Se nota que es un refugio natural y todo está muy bien cuidado,5.0,parque,google_maps,Hace 8 meses,Refugio Nacional Curú,positiva
"Acceso con cualquier vehiculo,a 5 min del ferry de paquera ,se pueden ver venados,pizotes,mapaches,monos cariblancos,congos,cangrejos,lapas el oleaje es suave ,ahi restaurante y buen parqueo dentro del refugio hay que hacer reserva previa .",5.0,parque,google_maps,Hace 10 meses,Refugio Nacional Curú,positiva
"Precioso lugar para pasar el día, tienen muchas actividades extra y varios senderos, se pueden ver muchísimos animales si se camina con cuidado y respeto por la naturaleza. La playa es hermosa y en general todo el lugar es increíble, muy recomendado",5.0,parque,google_maps,Hace 10 meses,Refugio Nacional Curú,positiva
"Es un area de conservación de bosques secos y del hábitat de muchos animales como monos cariblanco, venados cola blanca, entre otros. La entrada cuesta ₡3500 y se tiene acceso a diferentes senderos uno con un mirador, el ingreso a la playa Curu y playa Quesera, también el lugar ofrece estadía en cabinas y tambien tours a la Isla Tortuga.",5.0,parque,google_maps,Hace un año,Refugio Nacional Curú,positiva
"Una de los Refugios q han dejado en mi ese sentimiento de volver a visitar. Senderos bien marcados, todo bien rotulado, mucha fauna, playa limpia y un trato excepcional. El costo de ingreso es de 3mil colones adultos y 1500 niños. Hay 4 cabinas donde te puedes hospedar. Creo q tendremos q volver xq realmente lo vale.",5.0,parque,google_maps,Hace 3 años,Refugio Nacional Curú,positiva
"Me gustó mucho. Un lugar con mucho por ver en sus senderos y adecuado para disfrutar sanamente. Vale la pena pagar la entrada para disfrutar de la playa y el avistamiento de fauna. Tiene baños y duchas, así como mesas para comer por si uno lleva su comida o restaurante por si se quiere comprar. También tienda de souvenirs. También tiene opción de contratar de forma adicional tours a caballo o en botes a playa quesera o isla tortuga y en precios razonables. Yo disfruté mucho el tour a Isla Tortuga. Súper recomendado ir a la Reserva Curú.",5.0,parque,google_maps,Hace 2 años,Refugio Nacional Curú,positiva
"Valor de la entrada 3mil colones Tiene varios senderos por los cuales caminar trayectos cortos o largos. Demasiada vida silvestres, les juro que van a ver a más de un venado Le doy una estrella menos ya que tiene acceso a playa Quesera pero no estaba disponible. La playa del refugio estaba con marea roja así que se veía muy fea para bañarse. Hay baños y servicios sanitarios. Excelente también para personas mayores, ya que tiene acceso en vehículo hasta la playa sin necesidad de caminar por los senderos si no lo desea.",4.0,parque,google_maps,Hace 4 años,Refugio Nacional Curú,positiva
"El refujio Nacional de Vida Silvestre Mixto Curu está localizado muy cerca de Paquera. Se puede llegar utilizando el Ferry de Paquera qué se toma en Puntarenas y desde Paquera si no se anda en vehículo propio se puede tomar un taxi. El lugar cuenta con amplio parqueo y es accesible para todo tipo de automovil, cuenta con playas de oleaje tranquilo y varios senderos desde los cuales se puede apreciar la naturaleza. Adicional en el lugar se pueden realizar actividades varias como kayak y buceo con una empresa local, para el ingreso no es necesario reservar pero para algunas actividades como para el hospedaje si. Por último se puede comprar alimentación en el lugar",5.0,parque,google_maps,Hace un año,Refugio Nacional Curú,positiva
"muy muy linda la playa, nosotros queríamos ir a playa quesera pero tenes q reservar con 8 días de anticipación, a tener en cuenta…",5.0,parque,google_maps,Hace 4 meses,Refugio Nacional Curú,positiva
"Bonito lugar. Recomiendo caminar los primeros 2km desde la entrada, ya desde allí podrás observar venados, mono, lapas, y más. Las instalaciones están bonitas, con servicios básicos, una playa bien bonita... Pero si quieren la cereza del pastel, deben caminar hasta playa Quesera. Son 6 kilómetros no tan duros, pero si hay 2 subidas algo complicadas si le sumas el sol que hace, pero definitivamente vale la pena ir hasta Quesera. Yo diría que la complejidad de la caminata es para Intermedios con buena condicion fisica. También está la opción de ir en lancha, que tiene un costo de 6 mil colones por trayecto.",5.0,parque,google_maps,Hace 3 años,Refugio Nacional Curú,positiva
"Muy bonita experiencia, ver venados, monos, pizotes y lapas fue fácil, contacto directo con la Naturaleza. Recomendado, Por favor la única recomendación es que en la entrada del parque hagan la cuenta del pago ustedes mismos, consulten primero página Senac porque por ERROR te pueden cobrar ""algo más"", más si llevan extranjeros y te piden el pago en efectivo.",4.0,parque,google_maps,Hace 2 meses,Refugio Nacional Curú,positiva
"Se pueden ser muchos animales en su hábitat, en tan solo una hora de recorrido ya habíamos visto venados, pizotes, monos, iguanas. Para ir a Playa Quesera es necesario reservar con anticipación. Se puede ir en bote o caminando, si van caminando tienen que tener una condición intermedia ya que hay pendientes fuertes y hace mucho calor. En Playa Quesera tienen que llevar agua potable ya que en la playa no hay.",5.0,parque,google_maps,Hace 3 años,Refugio Nacional Curú,positiva
"Sin duda, un MUST del viaje a CR. Es el refugio donde mas fauna vi con diferencia y muy bien de precio 15$/pax. Sin coste extra de parking. Además tiene una ruta (sin coste extra solo que hay que reservar previamente) hacia una de las playas más bonitas del país. La ruta es fácil, esta bien marcada pero si que hay subiditas. Hace MUCHO calor asi que hay que hidratarse. Siempre se puede ir en bote que cuesta unls 6.000 colones o 10$ por persona. De allí si se quiere se puede hacer submarinismo, snorkel, y salidas de bioluminiscencia (con otra compañía). El refugio es maravailloso. Suele haber muy poca gente y los animales estan acostumbrados a los trabajadores con lo cual te los puedes encontrar a un palmo. Vinos venados, monos aulladores, capuccino, iguanas, lagartos, una especie de cobaya, pájaro carpintero… en fin una maravilla. Además el guía súper simpático te lo explica todo muy bien. Mi sendero favorito fue el de Toledo.",5.0,parque,google_maps,Hace 3 años,Refugio Nacional Curú,positiva
"No recorri el parque propiamente tal, por eso las 3 estrellas. La caminata a playa quesera NO la recomiendo, son 5 km (1.5 a 2 hrs) caminando por un sendero que no ofrece mucho, por lo que sugiero pagar el bote que demora 10 min. Playa quesera espectacular y lo mejor de todo que no hay nadie.",3.0,parque,google_maps,Hace 2 años,Refugio Nacional Curú,neutral
"El lugar es magníficamente lindo, la entrada es de tierra, pero bastante transitable hasta para vehículo liviano. Entrada nacionales 3000 colones, se puede comprar por la página. Hay bastante variedad de animales, como venados iguanas, monos, aves, y demás. La playa de Curú es muy agradable, sin oleaje, cerca hay palmeras o árboles para sombra. La playa casi no tiene piedras. Este lugar posee la opción de quedarse en cabinas que se pueden pedir por la página de Internet, si va de pasa día, actualmente abren a las 8am y cierran a las 4pm. Hay muchos senderos para caminar y un mirador. Desde aquí se puede alquilar una lancha para ir a Isla tortuga o playa quesera, que es Increíblemente hermosa. Costo para nacionales 9000 colones ida y vuelta a playa quesera, esta a tan solo 10 minutos de playa Curú.",5.0,parque,google_maps,Hace 5 años,Refugio Nacional Curú,positiva
"La playa es muy bonita casi sin nada de oleaje,en el lugar hay baños,duchas,senderos,zona de picnic y restaurantes. Recomendable hacer la reservación online.",5.0,parque,google_maps,Hace 6 meses,Refugio Nacional Curú,positiva
"Reserva Nacional Curú. Super recomendada. Un paraíso por el que puedes caminar tranquilamente observando aves, monos , venados y más venados. Para llegar a playa Quesera, debes ingresar por la Reserva Curú y hacerlo de 2 formas. La primera pagar un bote y en 4 minutos estás en la playa. La segunda forma es caminar por un sendero impresionante , pero se requiere de condición física, llevar zapatos adecuados y agua . Nosotros caminamos, porque es nuestro hoobie. Para ir a playa Quesera se debe reservar en línea o llegar a las 7:00 a.m. para buscar espacio debido a que sólo dejan ingresar 68 personas. Es una playa hermosa con aguas azules y muy claras. El lugar está muy limpio.",5.0,parque,google_maps,Hace 3 años,Refugio Nacional Curú,positiva
"La playa se encuentra sucia y con mucho desorden por las lanchas, vehículos para uso en el mar , llantas , ranchos para guardar los accesorios de los tours. Poca sombra en la playa y el área de picnic está muy deteriorada, llena de maleza y mesas muy largo de la playa. Además que el acceso desde este punto para Playa Quesera está cerrado sin fecha de apertura . Para mí hay playas mucho mas lindas alrededor y sin poder ir a playa Quesera esta no tiene atractivo . Área de senderos igual , deteriorados y sin mantenimiento, se indica que se ve fauna pero solo vimos cangrejos rojos. El estero , fue el único lugar agradable. Entrada $5 por persona .",2.0,parque,google_maps,Hace 5 años,Refugio Nacional Curú,negativa
Un Parque Nacional muy recomendable. Tiene poco turismo pero posee una fauna y unas playas que no tienen nada que envidiarle a otros parques. Las instalaciones son bastante precarias y el precio para ir a playa Quesera en barca es de 15€ por persona ida y vuelta. El camino a playa quesera es 1h 30 andando.,5.0,parque,google_maps,Hace 8 años,Refugio Nacional Curú,positiva
"Hermoso lugar! Ves los animales muy cerquita: ciervos, monos, caballos, pájaros. Tenes que tener cuidado con tus pertenencias si las dejas solas y vas a la playa xq los monos son súper rápidos y te abren y sacan todo en busca de comida...",5.0,parque,google_maps,Hace un año,Refugio Nacional Curú,positiva
Hola saludos ustedes si van por el ferry desde el embarcadero de Paquera agarran bus te cobra como 900 colones y te deja en la entrada de la reserva curu y de ahí vale como 3500 la entrada siendo costarricense y de ahí asta el parqueo son dos kilómetros luego piden el permiso para ir a playa quesera caminando y si quieren regresar en bote pagan 6 mil colones y si quieren ir a quesera en bote y regresar igual son 9 mil por persona también en curu ahí mesitas y duchas y pueden hospedar si gustan y senderos pura vida,5.0,parque,google_maps,Hace 9 meses,Refugio Nacional Curú,positiva
"Es lindo, pero nos desepcionó la suciedad en la playa: muchas ramas, hojas, y otro tipo de basura que se junta por las lluvias. Los senderos si están muy bien y las vistas desde el mirador son muy lindas. En este caso la entrada a la reserva se nos hizo muy cara para lo que es.",3.0,parque,google_maps,Hace 7 años,Refugio Nacional Curú,neutral
"Un lugar muy bonito y tranquilo, con áreas para picnic. La entrada a nacionales 3500colones p/p Bastantes senderos. Muchos monitos y venados. No se puede acampar ni fogatas por ser un refugio de vida silvestre. Hora de salida Máximo 4pm. Pero un lugar maravilloso para los amantes de la naturaleza",5.0,parque,google_maps,Hace un año,Refugio Nacional Curú,positiva
"Bonito refugio natural, sencillo y fácil de recorrer, sí se desea visitar playa Quesera se debe reservar con anticipación pues solamente admiten 68 personas diariamente, importante llevar su propia agua potable pues en esta playa NO HAY, el resto del refugio no tiene restricciones.",5.0,parque,google_maps,Hace 2 años,Refugio Nacional Curú,positiva
"Gran lugar. Se puede recorrer sendero y ver manglares y animales. Hay buen servicio de duchas y baños además de que se puede optar por tours a las playas cercanas, a isla tortuga o alquilar kayaks.",5.0,parque,google_maps,Hace 2 años,Refugio Nacional Curú,positiva
"El lugar es muy lindo, hospedarse es una experiencia increíble. Está rodeado de bosques, se pueden ver muchos animales, los venados es muy común verlos alrededor de las cabañas. Cuando fuí no había restaurante por lo que hay que ir a Tambor o a Paquera a comer. Tiene muchos senderos, por lo que hay que ir con tiempo",5.0,parque,google_maps,Hace 5 años,Refugio Nacional Curú,positiva
"El mejor parque que visite en Costa Rica, la playa Quesera es muy linda (hay que ir bien temprano ya que solo dan 70 cupos por día). Mucha fauna y bien cuidado. Sale lo mismo que cualquier otro parque, obvio es caro para el extranjero, como todo Costa Rica pero si estás dudando de algun parque sin dudas es este!",5.0,parque,google_maps,Hace 2 años,Refugio Nacional Curú,positiva
"Muy bonito, tiene varios senderos para los que gustan de caminatas y se puede disfrutar de la playa del mismo refugio. Para ir a Playa Quesera se requiere reservación y un pago adicional, para llegar a Quesera se puede ir caminando o en lancha (pago adicional). El refugio cuenta con baños, duchas, restaurante y lugar para comprar bebidas y snacks.",5.0,parque,google_maps,Hace 3 años,Refugio Nacional Curú,positiva
"Un lugar donde se pueden realizar muchas actividades. En el ingreso se pasa por pastizales donde se pueden ver venados, monos y pizotes. El parqueo está muy cerca de la playa. También hay posibilidad de realizar muchos senderismo con recorridos de hasta una hora. En la playa se puede hacer kayak o viajar en lancha a sitios cercanos como isla tortuga.",5.0,parque,google_maps,Hace 4 años,Refugio Nacional Curú,positiva
"Es un lugar hermoso, la playa queda a 25 metros del mar y te duermes escuchándolo, me quedé en el lugar 4 días y no alcancé a caminar todos los senderos, pero los que caminé fueron una experiencia inolvidable, recomiendo el lugar a los que les gusta la naturaleza y su conservación, hay una gran variedad de fauna, desde el mirador alcancé a ver diversas variedades de cardúmenes y mientras me bañaba en el mar, tuve el privilegio de ver rayas, quedé con ganas de volver.",5.0,parque,google_maps,Hace 2 años,Refugio Nacional Curú,positiva
Playa Curú y Quesera son parte de este hermoso lugar. Además de la variedad en flora y fauna. Tiene la ventaja de que se pueden alquilar cabinas y comer en el comedor del lugar a un buen precio.,5.0,parque,google_maps,Hace 8 años,Refugio Nacional Curú,positiva
"Excelente para pasar en familia, hacer caminatas en los diferentes senderos y apreciar la flora y l@s diferentes especies de fauna que se puede encontrar en el lugar o simplemente descansar un poco de las diferentes actividades en las que estés acostumbrado realizar diariamente",5.0,parque,google_maps,Hace un año,Refugio Nacional Curú,positiva
"Refugio privado. La entrada cuesta US$16. Tiene varios senderos donde podrán ver algunos animales en su medioambiente y también naturaleza. Hay un restaurant, baños y playa privada con arriendo de kayaks.",4.0,parque,google_maps,Hace 2 años,Refugio Nacional Curú,positiva
"Las cabañas son oscuras y lúgubres. No tienen cocina, a pesar de que sí lo indica en la reserva, sólo una pila de lavar platos. No hay refrigerador, ni estufa. El sendero a playa quesera y playa colorado está cerrado y nadie supo decirnos por qué. Parece que durante la pandemia se volvió muy popular y la administración decidió cerrar el acceso a los locales.",2.0,parque,google_maps,Hace 4 años,Refugio Nacional Curú,negativa
"Reserva Curú es un lugar que cuenta con senderos fáciles para caminar y donde puedes ver muchas especies en su habitat natural, la playa es hermosa, las vistas, el mirador es mágico, puedes disfrutar de esa increíble vista, gran brisa y mucha calma, además es perfecto para realizar el tour de bioluminiscencia, salida desde la reserva y se visita isla tortuga y vista panorámica de playa quesera entre otros, disfrutarás de un gran atardecer y una experiencia casi inimaginable (tipo avatar ajajaj) de ver la bioluminiscencia, eso sí, tener en cuenta que hay que meterse al mar en la profundidad de la noche, no apto para claustrofóbicos, pero si superas ese miedo... es demasiado chiva el tour...",5.0,parque,google_maps,Hace 3 años,Refugio Nacional Curú,positiva
"Lugar 100% recomendado. La reserva biológica Curu contempla varios lugares, entre ellos playa Quesera. Senderos en bellísimas condiciones, múltiples opciones de turismo y una facilidad total para ver animales en su hábitat natural. Aquí se pueden ver -venados -monos -Aves -iguanas -peces -y sus famosos tours de bioluminisencia. La entrada al parque cuesta 2000colones, hay múltiples senderos. Para los tours a la playa hay alquiler de Kayak y/o servicio de transporte en lancha. Hay alquiler de snorkeling y buseo. Se ofrece comedor, servicios sanitarios, tienda de souvenirs, paseos a caballo, duchas, parqueo y es de fácil acceso en cualquier vehículo.",5.0,parque,google_maps,Hace 7 años,Refugio Nacional Curú,positiva
"Un lugar hermoso para ir a la playa para pasar el día y disfrutar o para salir a caminar por sus varios senderos donde se pueden apreciar bastante animales si recorres los senderos con calma y silencio La entrada al parque son 3000 colones para nacionales, también ofrece cabinas desde los 60 dólares para 2 personas en adelante hasta para una familia o burbuja de 6 personas Se dura unas 3 horas recorrer todos los senderos con calma por los senderos de dificultad fácil, también hay senderos con dificultad difícil para caminadores más experimentados",5.0,parque,google_maps,Hace 5 años,Refugio Nacional Curú,positiva
"Playa tranquila, cuenta con muchos senderos para explorar y cuenta con un sendero que lleva a Playa Quesera que queda dos horas caminando, la playa es de arena blanca y mar cristalino y súper tranquilo. En Curú ofrecen diferentes tours y actividades como paddle board y kayaking. Se pueden ver muchos amimales como venados, monos, mapaches, hasta armadillos. Tiene un hambriento muy agradable para estar en familia.",5.0,parque,google_maps,Hace 8 años,Refugio Nacional Curú,positiva
"Este lugar es simple y sencillamente hermoso, no lo conocía, nos gustó tanto que que regresamos Tienen servicios sanitarios y duchas amplios y limpios Con lo único que hay que tener cuidado es con unos habitantes cariblancos que están esperando un descuido para llevarse la comida, así que mientras no se esté comiendo es mejor que este en maletines o bolso bien cerrados",5.0,parque,google_maps,Hace 2 años,Refugio Nacional Curú,positiva
"Lindo lugar! Se camina rico, aunque más árboles nativos darían un sendero más fresco. La playa Curú no es tan linda pero Quesera lo compensa todo. Tal vez en Quesera una ducha sería útil. En todo caso se entiende que se quiera mantener su estado primario pero se volvió muy turístico, así que con poco podría acondicionarse mejor. Excelente los basureros para reciclaje!!! La segunda vez que lo visito y podría volver muchas veces más! 100% recomendado!",5.0,parque,google_maps,Hace 7 años,Refugio Nacional Curú,positiva
"Curu un refugio de fácil acceso ,desde que uno entra puede observar la vida silvestre mucho venado , tiene un tipo de estero con manglar muy limpio ,la playa me la encontre llena de ramas pero más bien la adornaban estaban afuera del agua ,playa muy tranquila en caso de llevar niños y lo mejor es que de ahi mismo puede salir en lancha para las islas Tortuga y Alcatras o para playa Quesera con sus aguas turquesa, poca gente muy limpio e especial para compartir ta to en familia com.o solo.",5.0,parque,google_maps,Hace 8 años,Refugio Nacional Curú,positiva
1000 de 1000 un lugar espectacular,5.0,parque,google_maps,Hace 5 meses,Refugio Nacional Curú,positiva
Un lindo lugar pero cerrado el acceso L público en general desde la pandemia por lo tanto solo los usuarios de cruceros pueden caminaron.,4.0,parque,google_maps,Hace 8 meses,Muelle Nacional,positiva
Muy linpio puntarenas y gran cantida de personas disfrutando del lugar...,5.0,parque,google_maps,Hace 5 meses,Muelle Nacional,positiva
Lástima que no permiten ingresar al muelle para poder ver la pasada de la Virgen del Mar . No importa que cobren una cuota módica pero me dicen ue se debe adquirir un permiso que tiene una duración de 1 año y un valor de 6 mil colones pero deberían tomar en cuenta que no todos pueden . Ciertamente se toman medidas absurdas .,5.0,parque,google_maps,Hace 4 años,Muelle Nacional,positiva
"La mejor combinación. Puertooo. playa, atardecer único. No hay atardecer como el que se vive desde el muelle (o su playa). Churchill y vigoron todavía hay señoras que los venden buenísimos x 2.500.",5.0,parque,google_maps,Hace 6 años,Muelle Nacional,positiva
"Un lugar muy hermoso, desde donde se pude visualizar la playa desde el mar, me encantó demasiado el cuidado que se tiene y los guardas fueron muy corteses. El mar desde ahí se ve fenomenal y exquisito, me imagino que con los cruceros la experiencia debe ser fenomenal.",5.0,parque,google_maps,Hace 7 años,Muelle Nacional,positiva
"Es demasiado bonito , alrededor hay ventas de comida , souvenir es un lugar ideal para tomarse fotos",5.0,parque,google_maps,Hace un año,Muelle Nacional,positiva
"Excelente, hay que mirar el atardecer sin duda de las mejores vistas del Pacífico",5.0,parque,google_maps,Hace 6 años,Muelle Nacional,positiva
Siempre es grato visitar la perla del pacifico aunque sea por unas horas comerte tu vigoron y un goloso Churchill,5.0,parque,google_maps,Hace 2 años,Muelle Nacional,positiva
Bonito lugar para sentarse a pensar un rato en la tarde que está más fresco.,5.0,parque,google_maps,Hace 4 años,Muelle Nacional,positiva
"Tiene una linda vista, estar tan cerca del mar es una experiencia única. Sin embargo, para poder ingresar solicitan la cédula para llevar un control lo cual puede ser molesto o un problema para quien no la lleve en ese momento.",4.0,parque,google_maps,Hace 9 años,Muelle Nacional,positiva
Precioso lugar!!!! Valorando lo que Dios nos ha regalado,5.0,parque,google_maps,Hace 5 años,Muelle Nacional,positiva
Muy hermoso..! Especial para ver el atardecer,5.0,parque,google_maps,Hace 4 años,Muelle Nacional,positiva
Muy agradable para pasar en familia y muy limpio y mucha seguridad por parte de la fuerza pública.,5.0,parque,google_maps,Hace 5 años,Muelle Nacional,positiva
"Excelente lugar para visitar, cuenta con una vista panorámica al mar para disfrutar de los atardeceres, además es un lugar amplio con zonas verdes, está bien cuidado y limpio.",5.0,parque,google_maps,Hace 5 años,Muelle Nacional,positiva
"Linda vista, perfecta para fotos. Recuerde llevar su cédula porque la solicitan para entrar",4.0,parque,google_maps,Hace 7 años,Muelle Nacional,positiva
"Muy bonito el muelle, lastima K no dejan entrar. Pura vida saludos porteños",4.0,parque,google_maps,Hace 2 años,Muelle Nacional,positiva
Es de lo más hermoso ir a ver los grandes barcos q llegan. Llegó el barco la librería flotante en Octubre del 2.0182,5.0,parque,google_maps,Hace 7 años,Muelle Nacional,positiva
Los mejores atardeceres de Costa rica,5.0,parque,google_maps,Hace un año,Muelle Nacional,positiva
Es un lugar hermoso donde pasar un buen rato con la familia,4.0,parque,google_maps,Hace 6 años,Muelle Nacional,positiva
La parte de la punta y el faro es muy familiar. Es mejor comprar comida en los carrito que estan ahí es bastante económico y hay mucha variedad.,4.0,parque,google_maps,Hace 7 meses,Muelle Nacional,positiva
Muy hermoso el puerto,5.0,parque,google_maps,Hace 2 años,Muelle Nacional,positiva
Belleza de lugar para pasar con la familia... variedad de puestos y el faro muy bonito,5.0,parque,google_maps,Hace 8 años,Muelle Nacional,positiva
"Un poco descuidada, pero la vista es muy bella",4.0,parque,google_maps,Hace 7 años,Muelle Nacional,positiva
"Un lugar ideal para caminar, trotar o solamente comer un helado.",5.0,parque,google_maps,Hace 5 años,Muelle Nacional,positiva
Lindo lugar para pasar en familia...,4.0,parque,google_maps,Hace 4 años,Muelle Nacional,positiva
Es muy bonito este muelle donde atracan los cruceros mas famosos del mundo,5.0,parque,google_maps,Hace 8 años,Muelle Nacional,positiva
"Siempre es bonito darse una vuelta por el Puerto, aunque el progreso está congelado. Lástima que la municipalidad no se esmere en mejorar el boulevard de entrada, pues mantienen puñados de lastre, tierra y piedras que le dan mal aspecto. Hay una buena oferta de restaurantes y siempre los quioscos de la playa sin una buena opción. Lástima que la infraestructura no fue diseñada por un arquitecto para hacerla algo más bonito. Indudable es práctica pero no bonita.",4.0,parque,google_maps,Hace 3 años,Muelle Nacional,positiva
Agradable lugar y cómodo sitio de espera para usuarios del Ferry.,4.0,parque,google_maps,Hace 7 años,Muelle Nacional,positiva
Bello y ambientadísimo el Puerto (Puntarenas Costa Rica).,5.0,parque,google_maps,Hace 7 años,Muelle Nacional,positiva
"Un sitio para una linda caminata, lo vi un poco sucio pero puede ser por la época",4.0,parque,google_maps,Hace un año,Muelle Nacional,positiva
"Debes de portar tu cédula de identidad o algo que te identifique si eres extranjero, solo así podrás entrar. Pero en realidad es muy bonito y no te cobran por entrar; se puede a cesar con niños, pero estos deben de ir con un acompañante mayor de edad que se hagan responsables.",5.0,parque,google_maps,Hace 7 años,Muelle Nacional,positiva
"Los vigilantes nos recibieron con mucha cortesía, en medio de excelentes bromas y de gran familiaridad. Lo hacen sentir muy bien al revisar durante el ingreso. Es una excelente experiencia mirar cómo se pesca, admirar parte del Paseo de los turistas desde mar adentro al estar ubicados sobre el puente del muelle. Se hacen bellas fotos. El solo hecho de estar ahí causa gusto. Obvio, se debe usar bloqueador para evitar daños en la piel.",5.0,parque,google_maps,Hace 8 años,Muelle Nacional,positiva
"Es hermoso una bonita experiencia en mi viaje, lo único que no me agradó fue la poca cortesía de uno de los oficiales del muelle,ya que no dejaron pasar a un señor extranjero porque no traía su pasaporte,ya que era hondureño. Pero bueno el oficial debia hacer su trabajo.Al igual fue muy linda mi estancia en el muelle.",4.0,parque,google_maps,Hace 7 años,Muelle Nacional,positiva
No hay parqueo mas que en la calle. Si va en horas de sol o lluvia recuerde que no hay techo. Las barandas son poco seguras para niños menores. No hay donde sentarse. Es un buen lugar para pescar de noche o de dia. No se permiten bebidas alcoholicas ni escenas amorosas (por aquello),3.0,parque,google_maps,Hace 7 años,Muelle Nacional,neutral
Bonita vista cerca de terminales de buses y bancos,4.0,parque,google_maps,Hace 6 años,Muelle Nacional,positiva
Para tardear es un lugar super chiva,5.0,parque,google_maps,Hace 4 años,Muelle Nacional,positiva
Lugar bello para apreciar lo hermoso que es la mar.,4.0,parque,google_maps,Hace un año,Muelle Nacional,positiva
"Pues...apesar de ser un lugar visitado por turistas en variedad, desde chinos hasta gringos, este lugar está demasiado descuidado, algunas personas son muy odiosas apesar de mostrar interés por su comercio, los lugares cerca del mar para comer son muy caros, y en el restaurante El Kiosco Costa Azul la comida es muy cara y las bebidas que las acompañan son pequeñas apesar de tener un precio un poco elevado, sin mencionar que en dicho restaurante el camarero derramó la bebida sobre mi, la mesa y mi asiento, a la hora de comer ordené unas papas con salchichas y me costó 3mil colones y una vez más el precio no es la exencion porque una vez que me trajeron el platillo resultó ser demasiado pequeño para tener dicho precio, los cubiertos como cucharas ect son de plástico y momento de comer es incómodo, apesar de ser un lugar relacionado con la vida Marina las bebidas las acompañan con pajillas, mi recomendación de la escala del 1 al 10 es de 4",2.0,parque,google_maps,Hace 6 años,Muelle Nacional,negativa
Lo más bonito que tiene el puerto actualmente. Bueno lo digo por la ubicación aunque hay varios. Sólo q resalto este x la cercanía al centro obvio.,5.0,parque,google_maps,Hace 2 años,Muelle Nacional,positiva
"Puntarenas en general es un lugar que a mi parecer a mejorado mucho en cuanto al aseo de la cuidad, me parece que faltan opciones de ocio para el turista, especialmente entre semana, me parece un lugar relativamente seguro, pero repito con poco que hacer en la cuidad y por cierto el parque marino que desperdicio, deberían tener algo mucho mejor, así como el balneario que hasta donde entiendo sigue en abandono.",3.0,parque,google_maps,Hace 7 años,Muelle Nacional,neutral
"Es un lugar tranquilo, para compartir con amigos y familiares.",4.0,parque,google_maps,Hace 8 años,Muelle Nacional,positiva
"Es al aire libre con ese delicioso aire que caracteriza a mi bello Puerto de Puntarenas , se puede pasar con permiso y contemplar una puesta de sol y admirar a los pescadores con sus cuerdas y baldes y algunos peces , en época de cruceros hay mucha algarabia en los comercios de botanas , comidas , batidos , churchil , ensaladas de frutas , vigorones y los cientos de vendedores con sus puestitos alrededor del paseo de los turistas , que por cierto esta muy bonito , remodelado y esas pintorescas letras con su nombre de Puntarenas me gusto mucho , lo.único que no me gusto fue el precio de ese trabajo , bueno disfruten mi Puerto",5.0,parque,google_maps,Hace 8 años,Muelle Nacional,positiva
"Más parece una bodega que una instalación para recibir turistas. Da vergüenza con el turismo extranjero, el lugar donde es recibido.. Se hace una fila para atender a los mayores, pero no se respeta. No hay quién vigile constantemente.",1.0,parque,google_maps,Hace 8 años,Muelle Nacional,negativa
"Ay que maravilla!, este día pude disfrutar de la vista al mar además de una deliciosa comida en los kioskos del paseo de los estudiantes, vale la pena pagar por ir a este lugar además de poder comprar comida con un delicioso sabor porteño.",5.0,parque,google_maps,Hace 8 años,Muelle Nacional,positiva
"Bonito lugar, se llega bien en cualquier tipo de vehículo, buenas caminatas se puede dar.",5.0,parque,google_maps,3 semanas atrás,Parque Nacional Tapantí,positiva
"Es hermoso, lleno de biodiversidad, perfecto para ver aves y desconectar.",5.0,parque,google_maps,Hace 2 meses,Parque Nacional Tapantí,positiva
"+1 accesos aptos para todo vehículo +1 Un sendero si es de alta dificultad. (Nombre:Arboles Caidos) +1 el sendero al rio está perfecto y apto para todo público (no en silla de ruedas ni muletas) +1 10 ranchos disponibles (no fogatas) +1 se reserva en línea!!! No hay cobertura de telefonía dentro del parque. En las cercanías, solo Claro.",5.0,parque,google_maps,Hace 8 meses,Parque Nacional Tapantí,positiva
"Visité este parque a finales de abril y fue una visita muy agradable. Me gustó que estaba bastante vacío y no había demasiada gente. El paisaje era precioso y la naturaleza que lo rodeaba increíble. No vimos mucha fauna, pero aun así fue una experiencia increíble. Vimos un pájaro increíble que hacía que todo sonara como un sueño (un solitario de cara negra). Una de los senderos era bastante empinada y resbaladiza, así que ten cuidado y ven preparado con buen calzado. Le doy sólo cuatro estrellas porque me hubiera gustado ver un poco más de vida silvestre, pero aún así disfruté mucho del paseo y la caminata.",4.0,parque,google_maps,Hace un año,Parque Nacional Tapantí,positiva
Hay que comprar los tiquetes en línea No hay señal de internet Hay muchos ranchos y baños Hay parqueo NO se permiten mascotas,5.0,parque,google_maps,Hace 6 meses,Parque Nacional Tapantí,positiva
"Muy lindo lugar, paisajes muy bonitos e ideal para un día de senderismo o ir a sentarse en un rancho a repartir. Se llega facil el acceso es para todo vehículo. Si lo ví muy limitado para senderismo, hay una zona cerrada que no se pudo visitar (era el objetivo), la información del SINAC no aparece que está cerrada, entonces se vuelve un espacio muy pequeño para disfrutar. No pregunte cuando abren No hay un número de teléfono donde pedir información y es hasta que uno llega a la caseta que se da cuenta de lo que puede estar cerrado. Las personas que atienden muy atentas Las instalaciones aceptables de reojo ví los ranchos cerca del río y se ven funcionales.",3.0,parque,google_maps,Hace 10 meses,Parque Nacional Tapantí,neutral
La carretera se encuentra en buen estado para llegar con cual quier tipo de vehículo. Hay 2 parqueos en el propio parque. Recomiendaria llevar capa ya que las lluvias son una constante en el lugar sin embargo llegamos temprano y no nos llovió. El lugar es increíble para despejar la mente y conectar con la naturaleza.,5.0,parque,google_maps,Hace un año,Parque Nacional Tapantí,positiva
"Un lugar preciosos para conectar con la naturaleza, hay varios senderos, el carro puede entrar hasta la entrada de todos los senderos y hay baños en cada una. Un mirador hermoso, un río de los más limpios que he visto en el cual uno se puede bañar, es bastante frío eso sí. La entrada demasiado económica, menos de 1000crc por persona",5.0,parque,google_maps,Hace 5 años,Parque Nacional Tapantí,positiva
"Un lugar bonito para relajarse, ingresa cualquier tipo de vehículo, el camino está bonito. Los senderos para nosotros fue de baja dificultad, corto, 3k total subir y bajar. Si lleva adolescentes sedentarios o niños mejor elegir el sendero corto que lleva al río. No está permitido las mascotas Tiene ranchitos, aconsejable ir temprano. Cerca servicios sanitarios",5.0,parque,google_maps,Hace 2 años,Parque Nacional Tapantí,positiva
"Es una reserva natural hermosa, muy grande y bien conservada. El clima es riquísimo, el río Orosí es hermoso, muy frío pero hay lindos lugares para bañarse y disfrutarlo. Hay kioskos familiares para reunirse dentro del parque y dejan cocinar con gas. Las entradas deben comprarse en línea.",5.0,parque,google_maps,Hace 2 años,Parque Nacional Tapantí,positiva
"Una experiencia bonita de montaña. Entrada al parque : por favor para que no pasen rabietas y no los dejen entrar al parque, compren sus entradas desde un lugar que tenga señal con tiempo. Página del Sinac..... Dato importante no hay señal como desde 4 km o más de la Reserva. Hay un pueblito que tiene señal por una iglesia que es la única parte que medio llega y logramos comprar desde allí. El camino algunos tramos tienen baches entonces con cuidado. Te recibe un chico muy amable con un mapa del lugar para visitar ambos senderos uno con 1.2 km y otro de 3 km, nosotros hicimos el de 1.2 qué da al río. Aunque sólo el fue amable con nosotros no puedo decir lo mismo de la atención de los otros compañeros. Estacionamiento en la entrada al parque gratis, pero en la entrada al sendero también hay estacionamiento amplio, nosotros decidimos dejarlo en la entrada y caminar aprox 1. 5 km. A pesar que había WiFi no comparten la clave ni siquiera para comprar las entradas, increíble!!! Cero amables fueron. Vimos especies de plantas hermosas, se escuchan animales y se respira aire puro, no llovió por suerte pero si era húmedo.",4.0,parque,google_maps,Hace 2 años,Parque Nacional Tapantí,positiva
"Los senderos están en excelente estado y para todo tipo de personas ahí unos para los que buscan lo extremo que es un sendero medio duro y otros 2 senderos para caminar únicamente y despejarse , aveces se logran ver animales y mucha naturaleza , me gusta mucho que se conserve la flora y la fauna nacional",5.0,parque,google_maps,Hace 8 años,Parque Nacional Tapantí,positiva
"Maravilloso. Aire puros frío de montaña, el parque tiene tres senderos, pero el sendero de árboles caídos es muy inseguro para niños menores de 10 años y personas mayores. Este sendero es de dificultad alta, recomendable buen calzado de montaña. Los otros senderos son de dificultad moderada.",5.0,parque,google_maps,Hace 7 años,Parque Nacional Tapantí,positiva
"Excelente para dispersar la mente con un poco de actividad física dentro de la naturaleza, tiene 3 senderos de distintas dificultados. No hay mucho que hacer con niños pequeños. Hay servicios de baños públicos. No vi mucha fauna, quizás depende del clima y hora.",4.0,parque,google_maps,Hace 8 años,Parque Nacional Tapantí,positiva
"Con muy buenas caminatas, el Sendero Natural de Arboles Caidos es muy bueno, es más aventurero y un nivel medio-alto. En ocasiones la zona del río se llena mucho de gente, pero se puede buscar espacio tranquilo explorando al lado del río.",5.0,parque,google_maps,Hace 7 años,Parque Nacional Tapantí,positiva
"Es muy barata la entrada, y solo se pueden comprar en línea la calle esta en estado regular pero cualquier vehículo puede llegar, lo único malo es que no está abierto el acceso a dos senderos y el mirador y no creo q reparen la calle para llegar es una lastima. El río es espectacular",4.0,parque,google_maps,Hace un año,Parque Nacional Tapantí,positiva
"Hermoso lugar para apreciar la belleza natural de Costa Rica en la montaña, posee múltiples senderos con diferentes temáticas ( unos son para ver ríos, otros cataratas...) la calle de acceso se encuentra muy bien y hay un pequeño museo para conocer la fauna presente en el lugar",5.0,parque,google_maps,Hace 6 años,Parque Nacional Tapantí,positiva
"Es mi parque nacional favorito. Por los recortes de presupuesto del gobierno de Chávez a SINAC, está un poco descuidado en infraestructura y limpieza. No voten por Laura Fernández para que esto deje de pasar.",5.0,parque,google_maps,Hace 6 meses,Parque Nacional Tapantí,positiva
"Lugar hermoso, lleno de naturaleza, con tres senderos, el de los árboles caídos bastante difícil y peligroso, solo se debe hacer si se tiene buen condición física y sabe lo que hace, son 2.7 Km y se hace en 1.5 horas aproximadamente. Los otros senderos son mucho más fáciles",5.0,parque,google_maps,Hace 2 años,Parque Nacional Tapantí,positiva
"Excelentes caminatas, con vistas preciosas",5.0,parque,google_maps,Hace 3 meses,Parque Nacional Tapantí,positiva
"Este es uno de los parques que visito como minimo 3 veces al ańo,",5.0,parque,google_maps,Hace 4 meses,Parque Nacional Tapantí,positiva
"Parque nacional muy bonito. Apto para salir de la rutina o para un paseo en familia. Además, cerca del GAM. Cuenta con tres senderos (1.2Km/3Km/1.5Km) y a la entrada de cada uno hay un parqueo para los vehículos (de la entrada del parque a los senderos hay un par de kilómetros al menos). Tienen bastantes sanitarios y puntos para beber agua.",5.0,parque,google_maps,Hace 5 años,Parque Nacional Tapantí,positiva
Es una joyita escondida en las montañas del Valle de Orosí. El sector Orosi es fácil de recorrer...una vía principal de 4 km de lastre te lleva al mirador de la catarata el salto. De ahí uno puede devolverse a los parqueos 2 y 3 hacer los otros senderos que llevan al río...los paisajes son impresionantes. Recomendado.,5.0,parque,google_maps,Hace 3 años,Parque Nacional Tapantí,positiva
Hermoso Parque Nacional para hacer 3 senderos con distinto grado de dificultad y un mirador con vistas a la montaña y catarata. Excelente atención de los guardaparques. Hay también una exposición de animales embalsamados y explicación de la Flora y fauna del lugar. El acceso es muy bueno y sin problemas ya que recientemente se inauguró un nuevo puente. Sugiero quedarse a dormir en el pueblo de Orosí.,5.0,parque,google_maps,Hace 6 años,Parque Nacional Tapantí,positiva
"El parque es muy lindo, e inmenso. Tiene varios senderos y se deja el vehículo cerca de la entrada de cada sendero. La entrada por persona está en 800 colones a día de hoy 23 de Abril 2019. Hay catarata, rio, mirador y senderos varios. Muy recomendable para ir a hacer ejercicio sendereando y a la vez conocer un lugar genial.",5.0,parque,google_maps,Hace 7 años,Parque Nacional Tapantí,positiva
"Una belleza natural en Orosi de Paraíso de Cartago, a menos de 90min de San José. Cuenta con varios senderos a los que se puede llegar en carro o bien caminar desde la entrada (3km al último). Se pueden observar aves y algunos mamíferos además de estar cerca del río. El camino para llegar esta en buen estado pero si es importante que se haga la reservación desde el sitio web del SINAC, de lo comtrario no podrán ingresar y ahí no hay cobertura celular para hacerla en sitio.",5.0,parque,google_maps,Hace 5 años,Parque Nacional Tapantí,positiva
"Excelente opción para caminar, desde caseta entrada hasta mirador, ida y vuelta alrededor de 8km con una inclinación moderada. Sitio seguro, fácil acceso, con senderos complementarios.",5.0,parque,google_maps,Hace 5 años,Parque Nacional Tapantí,positiva
"De esos lugares mágicos donde se recarga energía, tantos tonos de verdes como nunca se puede imaginar durante el recorrido de los senderos. Huellas de danta, flora colorida y ríos de agua fresca y limpia. Un lugar para recuperarse del día a día",5.0,parque,google_maps,Hace 7 años,Parque Nacional Tapantí,positiva
"Trayecto accesible y hermoso,buen precio y trabajan de los dependientes más simpáticos que allá visto en comparación a otras reservas....tiene 3 senderos de dificultad alta media y baja y las últimas 2 tienen acceso a rio con aguas cristalinas",4.0,parque,google_maps,Hace 5 años,Parque Nacional Tapantí,positiva
"El Parque Nacional Tapanti cuenta con 3 senderos debidamente rotulados. El primero de estos el Sendero Oropendola, con varias áreas de picnic alrededor de los márgenes del río. Frente a este sendero cruzando la calle, se encuentra la entrada del Sendero Árboles caídos, el más difícil y con menos mantenimiento de los 3, cuenta con bastantes subidas y barro. Por último el Sendero catarata, este se divide en dos por un lado nos lleva a un mirador de la catarata y el otro a la orilla del río. Al final de la calle también hay un mirador y áreas de picnic (aunque actualmente se encuentran cerrados por el COVID-19) En los senderos se pueden observar gran cantidad de aves, como animales y con suerte hasta una Santa",5.0,parque,google_maps,Hace 6 años,Parque Nacional Tapantí,positiva
"Este Parque Nacional es Perfecto para caminatas cortas; tiene hermosa vegetación y tranquilidad. Tiene kioscos donde puedes comer lo que lleves y estar a la par del Río. Mi última visita fue en el mes de mayo 2023, y me he llevado la sorpresa que el sendero más llamativo que llevaba al famoso mirador, está CERRADO porque por las inclemencias del clima no se puede utilizar. Esto no me lo dijeron al ingresar, sino más bien al salir cuando yo le pregunté al guarda parques porqué está cerrado y me dijo eso y que no se sabe cuando lo habiliten de nuevo ya que es un camino del ICE y que probablemente vaya para largo. Por lo que el único sendero (aparte del de los kioscos: Oropéndula) en este momento es el de los árboles caídos, el cual es corto y de bastante subida. Si llueve, y estás en ese sendero hay alta probabilidad de caída porque tiene barro. Toma todo esto en cuenta si planeas visitarlo, ya que depende de si vas a pasar el día tranqui (para lo cual en este momento está Perfecto) o si el plan era caminar mucho (lo cual no se puede ahora mismo). Esperemos que el sendero principal se arregle en algún momento y podamos seguir disfrutando de este hermoso parque.",4.0,parque,google_maps,Hace 3 años,Parque Nacional Tapantí,positiva
"Naturaleza pura y viva, relativamente cerca y de fácil acceso. Con senderos de diferentes dificultades y muy bien cuidados. Ideal para ir enseñando a los niños el amor por la naturaleza. Gran trabajo de los guarda parques. Hay que ir preparado con repelente, agua, zapatos para montaña y ropa para cambiarse.",5.0,parque,google_maps,Hace 7 años,Parque Nacional Tapantí,positiva
"Me gustó estar en la la reserva, se puede transitar fácilmente en ella en cualquier vehículo hasta llegar a la entrada de los senderos, ya que cuenta con varios, solamente se deja el carro afuera y se adentra a la aventura, algunos de ellos cuentan con un grado de dificultad media pero son cortos y se recupera pronto para los que no tenemos buena condición física. La claridad del agua del río es hermosa.",5.0,parque,google_maps,Hace 5 años,Parque Nacional Tapantí,positiva
"Un excelente lugar para ir a despejarse del ruido de la ciudad, mucha vegetacion, se pasa un río exquisito llamado río Orosi, donde puedes pasar a echarse un chapuzón, hacer una Carnita asada, o bien pasarla bien en familia",5.0,parque,google_maps,Hace 6 años,Parque Nacional Tapantí,positiva
"Hay que reservar antes de visitarlo por medio de la página del sinarc, es un lugar maravilloso , de aguas cristalinas y exuberante naturaleza , cuenta con parqueos, senderos, zona de pic nic. Puedes ir hasta en automóvil. Buena atención y un lugar fascinante",5.0,parque,google_maps,Hace 5 años,Parque Nacional Tapantí,positiva
"Increíblemente mágico, la calidad de aire, las vistas, la fauna y la flora son hechizantes, el verdor es espectacular, la fauna y la flora simplemente relajantes , te recargan de energía, con sus senderos de variada intensidad, desde baja moderada hasta alta son relajantes , cuentan con mesas de picnic en varios puntos, las aguas cristalinas del río para los valientes / resistentes al frió, son revitalizantes, vistas increíbles para la fotografía, baños públicos, agua senderos bien demarcados, accesible para todo vehículo, y sobretodo... sorprendentemente poco concurrido.",5.0,parque,google_maps,Hace 5 años,Parque Nacional Tapantí,positiva
"Es un hermoso lugar hermoso para ir junto con amigos o familia, se ven muchos animales y la paz de la montaña es increíble. El carro lo pueden meter adentro si quieren, no es necesario dejarlo en el parqueo de la entrada (para que no caminen tanto si no quieren), vallan temprano para que disfruten (si no, se van a arrepentir), lleven comida y bebidas ya preparadas para compartir, no los dejan ver la cascada y si van por esto se van a decepcionar porque sólo se vé desde el mirador y se ve súper pequeña. Los baños son horribles.",4.0,parque,google_maps,Hace 6 años,Parque Nacional Tapantí,positiva
"Buen lugar para distraerse, eliminar el estrés de la ciudad, sin embargo creo que debería tener más senderos disponible, ya que a mi parecer cuenta con muy pocos senderos, sin embargo dichos senderos son muy atractivos y con buen recorrido.",4.0,parque,google_maps,Hace 6 años,Parque Nacional Tapantí,positiva
"Un lugar hermoso, fresco y exuberante. Nota importante: Recuerden hacer la reservación en la página de sinac antes de la visita, ya que cerca del parque no hay señal y en el parque no tienen wifi, ni se pueden comprar entradas en la entrada.",5.0,parque,google_maps,Hace 4 años,Parque Nacional Tapantí,positiva
Vale la pena visitarlo. El camino está en buen estado. Las instalaciones están bien. El lugar es maravilloso,5.0,parque,google_maps,Hace 5 años,Parque Nacional Tapantí,positiva
"Maravilloso lugar, las vistas, los ambientes, todo es super natural y fuera de este mundo",5.0,parque,google_maps,Hace 7 años,Parque Nacional Tapantí,positiva
"muy hermoso lugar para caminar y escuchar a la naturaleza, un rio bello y todo muy bonito",5.0,parque,google_maps,Hace 2 años,Parque Nacional Tapantí,positiva
"Necesitarás tener un trasporte seguro, la señal no llega estando ahí, junto a que algunos UBERS querrán aprovechar eso para cobrarte más de la cuenta, por lo que deberán acordarlo de antemano . Es razonable tomando en cuenta que es un hermoso parque nacional , recuerda que está prohibido nadar, pero ví a algunas personas en lugares menos profundas del río (bellísimo por cierto ) Un lugar 100% recomendado, toma en cuenta lo de el transporte.",5.0,parque,google_maps,Hace 5 años,Parque Nacional Tapantí,positiva
Bonito lugar se puede llegar pedaleando y subir en bici si pagas mil colones por persona tienen agua baños y parqueo,5.0,parque,google_maps,Hace 5 años,Parque Nacional Tapantí,positiva
"Un pulmón para el mundo, Tapantí es hermoso, con un hermoso río donde puedes tomar el sol o si prefieres puedes ir a caminar por los senderos, muy accesible en distancia y costo. Asegúrense de llegar tempranito para aprovechar el sol ya que por las tardes llueve.",5.0,parque,google_maps,Hace 5 años,Parque Nacional Tapantí,positiva
"Es muy tranquilo lejos de la ciudad, no hay señal para celulares, esta uno en la naturaleza con el clima típico de la región, relajación total, bueno para caminar o hacer mountain bike y esta en Cartago, Costa Rica",5.0,parque,google_maps,Hace 6 años,Parque Nacional Tapantí,positiva
"De lo mejor que he visto, diversidad de aves y plantas. Lugar con una gran vista excelente para practicar deporte al aire libre",5.0,parque,google_maps,Hace 8 años,Parque Nacional Tapantí,positiva
"Hermoso lugar, gran variedad de Flora y Fauna excelente lugar para respirar aire puro y salir de estrés",5.0,parque,google_maps,Hace 7 años,Parque Nacional Tapantí,positiva
"Que lugar tan lleno de magia, después de visitarlo me tomé el tiempo para investigar sobre Don Nicolás y su esposa y la obra ambiental que dejaron en nuestro amado pais Costa Rica, dejamos varios totem de piedras como un homenaje a Don Nicolas y su huella y su amor a esta bella tierra rica en vida. Para llegar ahi solo caminamos desde Montezuma hacia la izquierda como por un poco más de una hora.",5.0,parque,google_maps,Hace 4 años,Reserva Natural Absoluta Nicolas Wessberg,positiva
"Espectacular, mágico, natural, pristino.",5.0,parque,google_maps,Hace 3 años,Reserva Natural Absoluta Nicolas Wessberg,positiva
Creada en 1994,3.0,parque,google_maps,Hace 10 meses,Reserva Natural Absoluta Nicolas Wessberg,neutral
Naturaleza y paz.,5.0,parque,google_maps,Hace 5 años,Reserva Natural Absoluta Nicolas Wessberg,positiva
"visitamos para transitarte, estuvo muy muy bello y lleno de personas con sus emprendimientos y de música!! en días normales es muy tranquilo, siempre teniendo cuidado ya que es san josé centro",5.0,parque,google_maps,Hace 3 meses,Parque Nacional,positiva
Un parque muy bonito y tranquilo. Si Costa Rica fuera un color sería el verde por su linda vegetacion la cual esta presente en todas partes incluso en sus parques como en este caso.,5.0,parque,google_maps,Hace 8 meses,Parque Nacional,positiva
Lindo parque Con mesitas y bancas para sentarse Pega una buena brisa Tiene cafeterías y parqueos alrededor La estación se tren queda acá mismo A veces la municipalidad organiza actividades acá y lo llenen de luces bien lindo Siempre hay turistas cerca y policías,5.0,parque,google_maps,Hace 6 meses,Parque Nacional,positiva
"Parque nacional, de vez en cuando hacen actividades bonitas cómo el transitarte, donde puedes comprar a los pequeños emprendedores y disfrutar de conciertos, actividades diversas",4.0,parque,google_maps,Hace 3 meses,Parque Nacional,positiva
"Gran parque para descansar y estar tranquilo. Para los amigos mexicanos, hay una estaría de Miguel Hidalgo que fue donada por el gobierno de México.",5.0,parque,google_maps,Hace 7 meses,Parque Nacional,positiva
"Es la primera vez que asisto al Parque Nacional con tanta cantidad de gente que llegó. Aunque tuve que pasarme mucho tiempo cuidando detalles de la fotografía, disfruté cada momento. Hubo gran cantidad de productos alimenticios, artesanías, pintacaritas, disfraces, y espectáculos para gente de todas las edades.",5.0,parque,google_maps,Hace 2 años,Parque Nacional,positiva
"Fresco, limpio, mucha flora y muchos asientos. Es todo un pulmón para el distrito y siempre estado vigilado por la fuerza Pública, por lo que muy seguro disfrutar el ambiente. Lástima los vendedores ambulantes y habitantes de la calle, no permiten la paz completa. Se acercan a pedir, vender y esperar un descuido de las pertenencias para llevárselas. Sería una lástima perder tan precioso lugar",5.0,parque,google_maps,Hace 3 años,Parque Nacional,positiva
"El Monumento Nacional de Costa Rica es una de las obras escultóricas más importantes del país y una recomendación imprescindible si te encuentras en San José. Se ubica en el Parque Nacional, un espacio vibrante y lleno de historia en el corazón de la capital. ​Sobre el Monumento Nacional ​Inaugurado en 1895, esta impresionante escultura de bronce representa la gesta heroica de la Campaña Nacional de 1856-1857. Simboliza a las cinco repúblicas centroamericanas (Costa Rica, Nicaragua, El Salvador, Honduras y Guatemala) expulsando a los filibusteros encabezados por William Walker. ​Ubicación: WWMH+VM8, San José, El Carmen ​Horario: Abierto las 24 horas (se recomienda visitar durante el día para apreciar los detalles de la escultura y disfrutar del parque). ​Calificación: 4.7 estrellas (basado en opiniones de visitantes). ​Dónde hospedarse cerca ​Si planeas visitar el monumento y quieres quedarte por la zona, aquí tienes algunas opciones de alojamiento cercanas: ​Hotel Colonial CR (Hotel de 3 estrellas) ​Precio aproximado: CRC 31,969 por noche (actualmente con un 26% de descuento). ​Descripción: Un hotel refinado en un edificio clásico con piscina al aire libre y restaurante. Muy cerca de los principales sitios históricos. ​Costa Rica Guesthouse (Hotel de 3 estrellas) ​Precio aproximado: CRC 11,061 por noche. ​Descripción: Ubicado en un edificio de la época colonial, ofrece habitaciones cálidas y un ambiente acogedor. ​Costa Rica Backpackers (Hostal de 2 estrellas) ​Precio aproximado: CRC 11,264 por noche. ​Descripción: Una opción más económica y social, cuenta con restaurante junto a la piscina y sala de juegos. ​Recomendación adicional ​Al estar en el Parque Nacional, estarás a pocos pasos de otros sitios culturales clave como el Tribunal Supremo de Elecciones, la Biblioteca Nacional y el Centro Nacional de la Cultura (CENAC). Es una zona excelente para una caminata histórica y cultural",5.0,parque,google_maps,Hace 5 meses,Parque Nacional,positiva
El parque está lindo y bien cuidado. No hay mucha gente durante la mañana así que puedes recorrerlo con tranquilidad,5.0,parque,google_maps,Hace 7 meses,Parque Nacional,positiva
"El Parque Nacional es un referente de los parques de San José, Costa Rica. Siempre verde, con monumentos y árboles históricos. En esta ocasión albergaba al festival Transitarte y estuvo excelente. Las fotos son del concierto de Giant Sleeper, Rock Progresivo Costarricense de calidad internacional.",4.0,parque,google_maps,Hace 2 años,Parque Nacional,positiva
"Este es uno de mis parques (plazas) favoritas de San José, es muy tranquila de día y tiene muchas esculturas interesantes . Después de las 6:00 p.m. , no se debe estar solx por ahí, ya que a veces es peligrosa en esa hora.",4.0,parque,google_maps,Hace 6 años,Parque Nacional,positiva
"En las tardes es muy trancitado entre 12medio día a las 5:30 p.m es muy seguro por el tránsito de gente, la policía casi no pasa por ahí pero hay uno o dos guardas de seguridad en el tribunal supremo de elecciones puedes ir donde el en caso de que veas alguna acción extraña, el monumento que en el centro es en honor a la batalla de Rivas, se se siente un aire muy sano a pesar de estar rodeado de carreteras y contaminación de humo de autos parece no afectar en el parque. Muy bonito para sentarse a meditar unos 15 o 30 minutos.",5.0,parque,google_maps,Hace 6 años,Parque Nacional,positiva
Este parque es uno de los más importantes a visitar en San José. Ideal para visitarlo en familia. Regularmente se presentan exposiciones de arte o festivales de diversos tipos. No puede dejar de visitarlo si va a San José,5.0,parque,google_maps,Hace 7 años,Parque Nacional,positiva
"Parque limpio y cuidado, lindo visitarlo por la mañana. Podrías caminar o trotar. Está en una zona con mucha afluencia de personas, se siente seguro. Tiene vegetación linda y esculturas emblemáticas.",4.0,parque,google_maps,Hace 2 años,Parque Nacional,positiva
"Si buscas la referencia del Monumento Nacional de Costa Rica, te refieres a la obra escultórica más importante del país, ubicada en el corazón de San José. Es un símbolo de libertad y soberanía que conmemora la victoria contra los filibusteros. Aquí tienes los detalles clave que necesitas para conocerlo o visitarlo: El Monumento Nacional (Parque Nacional) Inaugurado el 15 de septiembre de 1895, este conjunto de bronce fue creado por el escultor francés Louis-Robert Carrier-Belleuse. Representa la gesta heroica de la Campaña Nacional de 1856-1857. ¿Qué significan las figuras? La escultura es una alegoría política y social con siete figuras principales: * Las 5 mujeres: Representan a las cinco repúblicas centroamericanas de la época (Costa Rica, Nicaragua, Guatemala, Honduras y El Salvador) unidas para defender su territorio. * Costa Rica: Es la figura central que sostiene la bandera nacional y guía a sus hermanas. * William Walker: El invasor filibustero, representado huyendo con su tambor y rifle. * El soldado caído: Simboliza el sacrificio y la pérdida humana durante la guerra. Detalles Técnicos y Relieves En el pedestal de piedra verás cuatro bajorrelieves de bronce que narran escenas clave: * Batalla de Santa Rosa (20 de marzo de 1856). * Batalla de Rivas (11 de abril de 1856), donde destaca el acto de Juan Santamaría. * Toma de los vapores en el Río San Juan. * Los Jefes de la Campaña Nacional, con el presidente Juan Rafael Mora Porras a la cabeza. Ubicación y Entorno Se encuentra en el Parque Nacional, en el centro de San José (entre avenidas 1 y 3, calles 15 y 19). Es un punto estratégico cargado de historia, rodeado por: * La Asamblea Legislativa. * El Tribunal Supremo de Elecciones. * La Biblioteca Nacional. * El Centro Nacional de la Cultura (CENAC). > Dato curioso: Aunque es el ""Monumento Nacional"" por excelencia, a veces la gente se confunde con el Monumento Nacional Guayabo (que es un sitio arqueológico en Turrialba) o el Teatro Nacional. Si buscas historia patria y esculturas impresionantes, el del Parque Nacional es el indicado. > ¿Te gustaría que te diera información sobre cómo llegar o quizás detalles sobre el otro ""Monumento Nacional"" (el arqueológico de Guayabo)? Se cerchi il riferimento al Monumento Nazionale della Costa Rica, ti riferisci all'opera scultorea più importante del paese, situata nel cuore di San José. È un simbolo di libertà e sovranità che commemora la vittoria contro i filibustieri. Ecco i dettagli chiave che devi conoscere o visitarlo: Il Monumento Nazionale (Parco Nazionale) Inaugurato il 15 settembre 1895, questo ensemble in bronzo fu creato dallo scultore francese Louis-Robert Carrier-Belleuse. Rappresentare",5.0,parque,google_maps,Hace 5 meses,Parque Nacional,positiva
"Es uno de los parques de Costa Rica y especialmente de la capital, en el que podemos sentir la belleza natural , la frescura , el cuidado y la gran tranquilidad de nuestros bosques, pq sencillamente, al sentarse un rato ahí se transporta a tan variadas zonas de nuestro país, gracias por no talar sin reforestar, gracias por exponer esculturas, en éste pequeño espacio! pero gran pulmón de nuestra capital, observando, también en el centro del parque , El Monumento Nacional, que es un conjunto escultórico, obra del francés Louis Carrier-Belleuse. Fue terminado de esculpir en París en 1891, y develado el 15 de septiembre de 1895 por el mandatario Rafael Yglesias, con gran significado y belleza. Hace pocos días regresé, es tan hermoso mirar personas tranquilas con su libro, grupos de personas conversando, en dónde tan grande y bella naturaleza les rodea. Uno de los más hermosos espacios de San José, Costa Rica. A tan sólo 300 mts de el centro de San José. No dejen de visitarlo.",5.0,parque,google_maps,Hace 3 años,Parque Nacional,positiva
"Ligar con mucha historia para Costa Rica, además de su belleza y tranquilidad la cual la brindan sus árboles, la sombra y frescura, listo para pasar un buen tiempo de descanso o diversión en alguna de las actividades que en este parque se realizan. El Parque es buen escenario para conciertos, exposiciones, actividades educativa y muchas cosas más.",5.0,parque,google_maps,Hace 8 meses,Parque Nacional,positiva
"El Parque Nacional es un lugar concurrido, personas que lo usan para relajarse, descansar e incluso dormir después de almuerzo, aprovechando la tranquilidad del parque con amplias zonas verdes y ambiente relajado a pesar de su cercanía con el centro de la capital. En el parque hay esculturas y obras en honor a Gustavo Díaz Ordaz, José Martí, Andrés Bello, así como el Monumento Nacional, celebrando el triunfo centroamericano sobre los filibusteros en la segunda mitad de los 1850s. En general el Parque Nacional está en buenas condiciones, aunque tiene una especie de pequeña laguna sin agua desde hace algún tiempo que le falta un mejor mantenimiento.",4.0,parque,google_maps,Hace 7 años,Parque Nacional,positiva
"Visitamos el Food Fest Verano 2020 y estuvo increíble... la pasamos muy bien entre las actividades familiares, la comida deliciosa y los conciertos. Esta actividad se celebra una vez al año y es un evento para toda la familia!",4.0,parque,google_maps,Hace 6 años,Parque Nacional,positiva
"Parque ubicado en la entrada Este de la capital. Tiene espacios naturales muy disfutables, fuentes de agua, mesas, bancas y muchas referencias a la historia nacional, incluido bustos y el Monumento Nacional. Es muy transcurrido y armonioso en forma equilibrada. Es una buena opción para caminar y disfrutar de la ciudad, pero existen mejores opciones para pic-nic o hacer deporte. Está cerca de la Biblioteca Nacional, el Tribunal Supremo de Elecciones y la Asamblea Legislativa. Así como de comercios muy variados. Sin duda es buen lugar para pasar el rato y respirar entre",5.0,parque,google_maps,Hace 3 años,Parque Nacional,positiva
Hermoso lugar impresionante las cataratas de la paz,5.0,parque,google_maps,Hace 9 meses,Parque Nacional,positiva
"Excelente sitio para observar aves, conté 5 yigüirros, dos pecho amarillo, 2 Iguanas y varias especies más, suficientes seguridad, parqueo de pago",4.0,parque,google_maps,Hace 2 años,Parque Nacional,positiva
"Es un gran parque, tiene muchos monumentos y bastantes árboles para pasar un rato agradable y tranquilo.",5.0,parque,google_maps,Hace 2 años,Parque Nacional,positiva
"Muy bello parque, yo lo visité en época lluviosa y el césped y toda la vegetación estaba de un verde inspirador. Ideal para ir con niños o para disfrutar una tranquila lectura. Hay un monumento que retrata la campaña nacional centroamericana.",4.0,parque,google_maps,Hace 8 años,Parque Nacional,positiva
"Un lugar muy tranquilo y lleno de muchos árboles, lo cuál lo hace muy fresco. Se ubica en un lugar céntrico de San José. Hay una fuente que le da buena vibra al lugar y es muy visitada por muchos turistas. Queda cerca de la Asamblea Nacional, corte suprema de justicia, hay cerca un museo y muchas otras instituciones públicas a su alrededor.",5.0,parque,google_maps,Hace 4 años,Parque Nacional,positiva
"Es un lugar hermoso para compartir, caminar, desestresarse y poder respirar aire en el centro de San José..ahh y no sé cómo pero tenía Wi fi.. fue extraordinaria ,.no quieres irte rápido",5.0,parque,google_maps,Hace 6 años,Parque Nacional,positiva
"Hermoso lugar para pasear en sus jardines, el aire fresco por su vegetación. Si hay un poco de contaminación vehicular por ser un sector de entrada a San José. Además cuenta con red WiFi. Y lugar de actos cívicos.",5.0,parque,google_maps,Hace 4 años,Parque Nacional,positiva
Este parque no es el más pero en historia y patrimonio histórico de laa batalla por la libertad de Costa Rica es grande y me llena de orgullo. Ahora también con excelentes esculturas #LetsGuide,4.0,parque,google_maps,Hace 8 años,Parque Nacional,positiva
Parque Nacional ubicado cerca de la Biblioteca Nacional y de la Asamblea Legislativa con grandes áreas verdes y pollos para sentarse y contemplar la exuberante vegetación. Visitelo.,5.0,parque,google_maps,Hace 2 años,Parque Nacional,positiva
"Este año lo decoraron, quedo muy lindo, hay seguridad privada, seguro y familiar",5.0,parque,google_maps,Hace 7 meses,Parque Nacional,positiva
Un parque hermoso muy bien cuidado y con gran historia la cual se ve reflejada en sus bellas estatuas y bustos aparte cuenta con bancas para poder disfrutar tranquilamente de una conversación o bien simplemente relajarse contemplando los alrededores,5.0,parque,google_maps,Hace 2 años,Parque Nacional,positiva
Bonito parque y suele haber actividades culturales los fines de semana. Recomiendo cierta precaución de noche,5.0,parque,google_maps,Hace 4 meses,Parque Nacional,positiva
"Muy cerca del hospital dr. Rafael Calderón Guardia. Rodeado por la biblioteca pública nacional, el tribunal supremo electoral y la asamblea legislativa. Y a solo unos pasos de la estación de trenes.",3.0,parque,google_maps,Hace 8 años,Parque Nacional,neutral
Un lugar muy lindo para caminar . Está cerca de la estación del tren y se algunos bares y restaurantes. Tienen muchas esculturas y es un parque muy bien cuidado,5.0,parque,google_maps,Hace 7 años,Parque Nacional,positiva
"Este lugar ha ido mejorando através de los años, ahora recibe el cuidado que se merece Ey además alberga decenas de eventos alrededor del año que son excelente y necesarios para muestra cultura y desarrollo.",5.0,parque,google_maps,Hace 4 meses,Parque Nacional,positiva
"Uno de los parques favoritos en San José, y ahora con la maravillosa exposición HUMANISMO EN EL SIGLO XXI del extraordinario escultor nacional Edgar Zúñiga",5.0,parque,google_maps,Hace 8 años,Parque Nacional,positiva
"Este es un parque emblemático fundado en 1895, donde se encuentra el Monumento Nacional de bronce de Costa Rica en representación de las las principales batallas de la Campaña: La batalla de Santa Rosa (20 de marzo de 1856). La batalla de Rivas(11 de abril de 1856), con el episodio del incendio del mesón por Juan Santamaría. La toma del río San Juan. Los líderes de la Campaña Nacional, encabezados por Juan Rafael Mora. Se le considera el monumento más importante de Costa Rica, puesto que representa el triunfo de las naciones centroamericanas contra los invasores extranjeros conocidos como filibusteros, los cuales, bajo el mando del William Walker, intentaron conquistar centroamérica entre 1855-1857. Por otro lado alberca gran cantidad de flora y fauna hay árboles muy antiguos que dan mucha frescura y tranquilidad. Realmente recomendado para pasar una bonita y tranquila tarde. Cerca puedes encontrar la estación del atlántico, asamblea legislativa, museos, etc, así como restaurantes y cafeterías.",5.0,parque,google_maps,Hace 4 años,Parque Nacional,positiva
Los visitantes del parque pueden reflexionar sobre un período crucial de la historia mientras aprecian la artesanía artística de los monumentos. Este parque es un destino importante para quienes estén interesados ​​en el patrimonio cultural de Costa Rica.,5.0,parque,google_maps,Hace un año,Parque Nacional,positiva
"Hermoso parque con árboles realmente mágicos, además una escultura con gran significado para la democracia costarricense. Posee gran cantidad de flores que embellecen el lugar, sin duda, un lugar para visitar en la la capital de Costa Rica.",5.0,parque,google_maps,Hace 6 años,Parque Nacional,positiva
"Muy lindo parque. Para empezar está muy bien cuidadas las zonas verdes con hermosas flores que le dan color al lugar. Luego, se prestan para festivales como lo es Transitarte y otros. Un buen lugar para sentarse y relajarse un rato o pasar el tiempo, además de que la Biblioteca Nacional se encuentra a un costado.",5.0,parque,google_maps,Hace 7 años,Parque Nacional,positiva
Ojalá hagan más eventos como transitarte durante el año,4.0,parque,google_maps,Hace 2 meses,Parque Nacional,positiva
"Lugar muy tranquilo, cerca de la terminal de trenes, y donde se encuentra el monumento nacional , dedicado a las victorias optenidas en la campaña nacional de 1850",5.0,parque,google_maps,Hace 6 años,Parque Nacional,positiva
Hermoso!!! Vayan con guía para conocer toda la historia de este lugar!,5.0,parque,google_maps,Hace 2 años,Parque Nacional,positiva
"Muy lindo y tranquilo lugar, recuerda a las plazas de antaño con niños y personas pasando un rato al aire libre.",4.0,parque,google_maps,Hace 7 años,Parque Nacional,positiva
"Excelente la actividad programada hoy para compartir en familia ,con amigos compañeros,vecinos , igualmente la actividad en fercori",5.0,parque,google_maps,Hace 2 años,Parque Nacional,positiva
Concentración de seguidores del partido AQUÍ COSTA RICA MANDA en repudio por la incomprensible orden del TSE de no permitir el voto para elecciones municipales de candidatos a alcaldes y vicealcaldes de este partido y del partido PUEBLO SOBERANO ambos afines al presidente Rodrigo Chaves.,5.0,parque,google_maps,Hace 2 años,Parque Nacional,positiva
Este parque es muy lindo y cada año trae arte de diferentes formas este año no ha sido la excepción,5.0,parque,google_maps,Hace 8 años,Parque Nacional,positiva
"Bello parque, muy bien cuidado. Agradable para puntos de encuentro.",4.0,parque,google_maps,Hace 8 años,Parque Nacional,positiva
"Un parque bastante bonito donde puedes pasar un rato tranquilo y en paz. Yo lo conocí en domingo por lo que estaba prácticamente vacío. Falta un poco de limpieza porque había algo de basura en el piso, pero nada grave. La vegetación es abundante y éso genera una sombra muy cómoda si lo que quieres es disfrutar en tranquilidad o simplemente descansar. Hay parquímetros alrededor del parque y son libres en domingos. Buen lugar.",4.0,parque,google_maps,Hace 2 años,Parque España,positiva
"Un bello parque muy verde como la mayoria de parques en la ciudad. Muchos monumentos a españoles, como el de la reina Isabel y el del conquistador Juan Vasquez, los cuales estaban manchados con pintura cuando los visité. El parque en sí es tranquilo, unos policías sacaron a unos jóvenes por estar tomando bebidas alcohólicas en este parque, no estaban haciendo ningun escandalo, me pareció exagerado.",4.0,parque,google_maps,Hace 8 años,Parque España,positiva
"Cuando te das un respiro del ajetreo, y te detienes a observar esos bellos lugares y casas, con tanta historia por contar.",5.0,parque,google_maps,Hace un año,Parque España,positiva
Me encanta de vez en cuando visitar este parque ya q me trae recuerdos de mi niñez,5.0,parque,google_maps,Hace 2 años,Parque España,positiva
Es uno de los que más me agrada. Un parque siempre limpió ordenado y con una linda sombra... Lo que algunos en el centro ya no tienen.,5.0,parque,google_maps,Hace 4 meses,Parque España,positiva
"Los parques de esta zona de San José, son bonitos, insto a la municipalidad de San José, empresa privada y al gobierno darles más atención, ya que se podría perder lo bonitos que son por la cantidad de indigentes en esa zona, que hace que se vuelvan sucios y mal olientes",5.0,parque,google_maps,Hace 3 años,Parque España,positiva
Bosque tipo selva lluviosa en plena capital. Buen lugar para hacer 420,5.0,parque,google_maps,Hace un mes,Parque España,positiva
"ERROR DE IMAGEN. La fotografía que encabeza esta reseña corresponde a lo que conocemos como La Casa Amarilla (Cancillería, ahora Ministerio de Relaciones Exteriores). El parque España está situado al Sur y Suroeste de ese edificio. Al Norte del parque está el Edificio de Instituto Nacional de Seguros (INS) segunda institución nacional en establecerse para la aseguranza (la primera en crearse y aún funcionando es la Sociedad de Seguros de Vida del Magisterio Nacional SSVMN). Al Oeste de parque está el Edificio Metálico correspondiente a la Escuela; al Este está el Centro Nacional de la Cultura y Ministerio de Cultura y Juventud (CENAC) edificio que originalmente fue la FABRICA NACIONAL DE LICORES, al Sur del parque está el conocido como ""el puente de la fábrica"". El parque al igual que todas las edificaciones circundantes cuentan con accesos para personas con minusvalías, con excepción a la calzada de la avenida 3 (Paseo de Los Damas: se refiere a tipo de árbol no a mujeres) para sillas de ruedas o cochecitos deben acceder por las aceras al Oeste del parque,, pues junto al CENAC solo hay gradas. Se puede pasar a la Avenida 1 por el túnel que forma el puente calle 11. Se muestra fotografía del túnel cuyas paredes están adornadas con azulejos. Fotos del jueves 8 de marzo 2018 Jueves 15/3/2018 con motivo del dia de San José (Patrono de San José) actividades culturales",4.0,parque,google_maps,Hace 8 años,Parque España,positiva
"De uno de los parques más lindos de San José, siempre limpio y con un sentimiento de familia increíble.",5.0,parque,google_maps,Hace 3 meses,Parque España,positiva
"Lo que más me gusta de este parque son sus árboles, y esta al costado del teatro 1887.",5.0,parque,google_maps,Hace 3 años,Parque España,positiva
"Esta muy bien cuidado, sus jardines están muy variados, el zacate cortito, nada DE indigentes, hay parqueo en frente",5.0,parque,google_maps,Hace 2 meses,Parque España,positiva
Lindo sitio para despejar la mente cuando se está en el sector este de la ciudad,5.0,parque,google_maps,Hace 4 años,Parque España,positiva
"Lindo parque verde en medio de la ciudad, con la histórica escuela metálica al lado, cuyos materiales se trajeron desde Bélgica.",5.0,parque,google_maps,Hace 4 años,Parque España,positiva
Uno de los parques más lindos de la ciudad de San José,5.0,parque,google_maps,Hace 11 meses,Parque España,positiva
"Es un lugar muy bonito, tiene mucha naturaleza y se pueden tomar muy lindas fotos en el lugar. Muchos indigentes llegan a pedir dinero o comida, por lo que casi nunca se puede estar tranquilo aquí. En la noche no vayan porque es muy peligroso (en la noche en la zona van las prostitutas). Casi siempre está muy sólo, parece sólo una zona de tránsito rápido.",3.0,parque,google_maps,Hace 6 años,Parque España,neutral
Es agradable esta cerca del INS en el centro de San José Costa Rica,5.0,parque,google_maps,Hace un mes,Parque España,positiva
"Posiblemente el más tradicional parque de San José junto con El Parque Morazán, ya que ambos comparten una misma área.",5.0,parque,google_maps,Hace 2 años,Parque España,positiva
"Es un pequeño espacio para relajarse un rato en el parque sólo que está descuidado, no cuenta con iluminación suficiente ni seguridad.",3.0,parque,google_maps,Hace 9 años,Parque España,neutral
Lo han decorado lindisimo. Esta muy lleno de colorines q hasta q alegran el alma. Ya no hay tanta gentecilla pidiendo entonces se queda una más cómoda p leer y así,5.0,parque,google_maps,Hace 3 años,Parque España,positiva
"Un parque tranquilo y relajado en el corazón de San José, con varias estatuas conmemorando la relación con España y la época de la conquista de Centroamérica.",5.0,parque,google_maps,Hace 6 años,Parque España,positiva
Un parque muy bonito con una arquitectura hermosa,5.0,parque,google_maps,Hace 2 años,Parque España,positiva
Es un lugar muy lindo lleno d naturaleza,5.0,parque,google_maps,Hace 6 años,Parque España,positiva
Hermosa plaza. El verde siempre está presente en la ciudad. La magia de los jardines junto a la vegetación hacen que parte de la selva este presente en la ciudad.,5.0,parque,google_maps,Hace 6 años,Parque España,positiva
Muy bonito lugar. Los jueves de reúnen ciclistas para andar en bicicleta por San José a partir de las 7pm.,5.0,parque,google_maps,Hace 9 años,Parque España,positiva
Muy bien los jardines y el mantenimiento.,5.0,parque,google_maps,Hace 7 meses,Parque España,positiva
"Pequeño pero de hermoso paisaje, le falta mantenimiento y seguridad",4.0,parque,google_maps,Hace 4 años,Parque España,positiva
La seguridad para estar en el parque ha aumentado. Pude traer a un amigo turista a conocer y la experiencia fue muy positiva.,5.0,parque,google_maps,Hace 4 años,Parque España,positiva
En el campo se de todo lo que en la ciudad no sé ve pero hay partes que están escondidas i yo las quiero entrar para ustedes y que lo disfruten cómo yo,5.0,parque,google_maps,Hace 4 años,Parque España,positiva
"Natural, bastante seguridad por parte de la fuerza pública, un lugar excelente para conversar, leer, descansar, pasar tiempo con amig@s o con tu pareja .",4.0,parque,google_maps,Hace 3 años,Parque España,positiva
"En estas fecha se ve muy bonito , un lugar tranquilo para ir en pareja o amigos",4.0,parque,google_maps,Hace 7 meses,Parque España,positiva
"Uno de los parques más bonitos de San José, muy tranquilo y céntrico. En las tardes noches no se recomienda pasar por seguridad o al menos estar muy atento por ser un parque no muy concurrido a esas horas.",4.0,parque,google_maps,Hace un año,Parque España,positiva
"Uno de los tres parques que se encuentran en el centro de San José y adyacentes al bello barrio Amon, zona de visita obligatoria cuando se conoce San José.",4.0,parque,google_maps,Hace 8 años,Parque España,positiva
"El día que fuí había un mal olor en uno de los pasajes. También es un lugar bello pero no hay presencia policiaca y hay muchos habitantes de la calle que pasan a pedir y a mi como mujer, siento un poco de temor. El parque está limpio y buenos árboles. Me gustaría que rediseñaran unas banquetas atractivas. Le doy de 1 a 100, un 80% en paisaje y frescura.",3.0,parque,google_maps,Hace 2 años,Parque España,neutral
"Un parque publico, con buen espacio para parquear tu carro pero pagando boleta... pues si lo cuidaran que, muy bonito el parque, bien cuidado.",3.0,parque,google_maps,Hace 5 años,Parque España,neutral
Muy tranquilo y mucha seguridad,5.0,parque,google_maps,Hace 2 meses,Parque España,positiva
"Un icónico parque en el puro centro de San José, rodeado de cultura y con tanta historia a su alrededor.",5.0,parque,google_maps,Hace 8 años,Parque España,positiva
Un parque pequeño pero con mucha naturaleza,5.0,parque,google_maps,Hace 2 meses,Parque España,positiva
Parque muy bonito gran punto,5.0,parque,google_maps,Hace un año,Parque España,positiva
"Muy tranquilo en donde puedes sentarte a descansar y platicar, rodeado de árboles y un clima agradable.",5.0,parque,google_maps,Hace 7 años,Parque España,positiva
"El Parque España en Costa Rica es un oasis urbano que combina la belleza natural con espacios recreativos. Rodeado de exuberante vegetación, ofrece un escape tranquilo del bullicio de la ciudad. Sus senderos bien cuidados invitan a pasear mientras se disfruta de la diversidad de plantas y aves. Las áreas de juegos y picnic son ideales para pasar el tiempo, y el ambiente general es relajado pues se siente seguro al estar al lado de una de las entradas del Ministerio de Cultura. Aunque podría beneficiarse prestándole atención al cuido de más instalaciones, el Parque España brinda a los visitantes una experiencia agradable y cercana a la naturaleza en medio de la vida urbana.",4.0,parque,google_maps,Hace 2 años,Parque España,positiva
Parque muy bonito en el centro de San José. En ocasiones tiene olor a orina. La municipalidad usa las instalaciones para actividades programadas,4.0,parque,google_maps,Hace un año,Parque España,positiva
"En Parque suele ser tranquilo. Me gusta, es muy fresco y corre buena brisa por sus grandes árboles. Pero de noche no es muy recomendable andar por el ya que hay mucha delincuencia por el sitio, aparte llegan muchos drogadictos y alcohólicos a pedir dinero sea de noche o de día.",3.0,parque,google_maps,Hace 10 años,Parque España,neutral
Es un parque bonito y limpio de noche si es muy peligroso andar por el lugar,5.0,parque,google_maps,Hace 9 meses,Parque España,positiva
Dominical playa guapil preciosa desenbocan 2 ríos al mar,3.0,parque,google_maps,Hace 8 años,Parque España,neutral
"Parque pequeño pero bonito. Tiene una gran cantidad de árboles muy grandes por lo que el ambiente es muy fresco. Está ubicado en el centro de San José, con muchos lugares para visitar en los alrededores. El único inconveniente es que considero que es un poco inseguro durante las noches.",3.0,parque,google_maps,Hace 7 años,Parque España,neutral
"Es un lugar hermoso, un rincón algo diferente al resto de la capital costarricense.",5.0,parque,google_maps,Hace 7 años,Parque España,positiva
Muy sucio y poca seguridad,3.0,parque,google_maps,Hace 4 meses,Parque España,neutral
"Es más que un parque tranquilo, es puro movimiento. Cuando fui estaba bastante lleno, con música en vivo, gente predicando, vendedores en la calle y mucha energía. Se siente como el mismo centro vibrando en un solo lugar. Si quieres ver el flow real de San José, este es el spot.",5.0,parque,google_maps,Hace 5 meses,Parque Braulio Carrillo Colina,positiva
Un lugar hermoso en el corazón de San José. El video muestra la imponente arquitectura gótica de la Iglesia de la Merced vista desde el Parque Braulio Carrillo (Parque Merced). Es un punto de referencia histórico que vale la pena admirar si estás caminando por la zona,5.0,parque,google_maps,una semana atrás,Parque Braulio Carrillo Colina,positiva
"Hermoso lugar pero una letrina pública enorme. Jóvenes y no tan jóvenes aprovechan el lugar para hacer donde sea del baño. Se encuentra una iglesia preciosa y el monumento a la humanidad, con iluminación de colores, las fotos no tienen olor... ojalá el gobierno de S. José recuperen el espacio tan lindo que es.",3.0,parque,google_maps,Hace un año,Parque Braulio Carrillo Colina,neutral
"Es un lugar hermoso, bonitas vistas, el paseo en teleférico es bonito, aunque no se observan muchas aves, ni animales. Lo que se ve más es la selva. Es cara la entrada. El acceso es difícil pues desde San José a través del Zurquí, que es una carretera entre montañas, con mucha neblina. Vimos un orquideario pero no tenía orquídeas. El mariposario solo tenía Morphos. No tenía variedad de mariposas. El almuerzo a buen precio y aceptable. La tienda de regalos caro todo. Cuenta con senderos de diferente tamaño, aunque sólo se observa vegetación.",4.0,parque,google_maps,Hace un año,Parque Braulio Carrillo Colina,positiva
"Un lugar hermoso por el cual se pasa normalmente conduciendo en carro. Se debe tener mucho respeto, ir con cuidado y no tirar basura. Disfruten las visitas y siempre los ojos en el camino. Tengan viajes seguros! @j3.lux",5.0,parque,google_maps,Hace 6 meses,Parque Braulio Carrillo Colina,positiva
"Hermoso lugar, muy bien ambientado. Ideal para la familia. Y sobre todo para los fanáticos de la adrenalina!! Las montañas rusas son geniales!!! Sugiero Llevar cambio de ropa porque hay juegos de agua!",5.0,parque,google_maps,Hace 2 años,Parque Braulio Carrillo Colina,positiva
"Cuando se viaja se requiere espacios para descansar, este parque es céntrico seguro y la vista es muy tranquila.",5.0,parque,google_maps,Hace 11 meses,Parque Braulio Carrillo Colina,positiva
"El Parque de la Merced está bien, siempre ahí mucha gente sentada al rededor del parque, tiene buena conexiónes se podría decir, si uno ocupa ir para La Carpio o la Parque de Diversiones puede esperar en el parque tranquilo, si ocupa ir a la Alajuela y le da hambre puede comer en el Taco Bell a frente del parque. Tiene cerca los dos Boulevares de San José, si ocupas hacer remesas tiene cerca Wester Unión o Teledolar.",4.0,parque,google_maps,Hace 5 meses,Parque Braulio Carrillo Colina,positiva
"Bonito y agradable lugar, an echo mucho para mejorarlo y eso se toma en cuenta, hay play para niños y un área para ejercitarse, la fuente la Iglesia, todo realmente está bien acomodado para que se vea bonito",5.0,parque,google_maps,Hace 7 años,Parque Braulio Carrillo Colina,positiva
"El parque es muy bonito, tiene algunos visitantes (vendedores de medicamentos y otros) que no son tan gratos, pero en general bien. Le acompaña la hermosa iglesia de Nuestra Señora de las Mercedes.",3.0,parque,google_maps,Hace un año,Parque Braulio Carrillo Colina,neutral
"Tristemente encontré muchas personas en actividades que se pueden clasificar como ilegítimas hasta acosada me sentí acosada, no se podía caminar sin escuchar ofrecimientos y comentarios, así como mucha persona solicitando ""ayuda económica"" Las mejoras realizadas en la infraestructura por la municipalidad son evidentes, pero con tanta persona en ese tipo de actividad, no dan ganas de estar ahí.",2.0,parque,google_maps,Hace 5 meses,Parque Braulio Carrillo Colina,negativa
"Subí por primera y me encantó que fuera gratis. La vista hermosa, no es de tan difícil acceso. Súper bonito el lugar, totalmente recomendado",5.0,parque,google_maps,Hace 5 años,Parque Braulio Carrillo Colina,positiva
Lugar accesible con muchas personas en tránsito ... Siempre vigilada por autoridades policiales .. diferentes empresas telefónicas ofertan sus productos ... Y servicios.,5.0,parque,google_maps,Hace 6 meses,Parque Braulio Carrillo Colina,positiva
"Si, pase sobre el costado norte porque allí están ubicadas las paradas de autobuses que circulan por la pista General Cañas que van hacia el hospital México, y otros sectores como el INA, el Centro de diversiones y la Comunidad de la Carpio, también cruzando la Av. 2da en frete al parque Braulio Carrillo está la parada de buses hacia Alajuela y el aeropuerto Juan Santamaría, hay un bus directo hacia Alajuela que no hace paradas constante en la pista y otros que van haciendo paradas cada cierta distancia, popularmente le llamamos el lechero, y dura más tiempo para llegar a su destino, por las paradas constante a través de la pista G. Cañas.",4.0,parque,google_maps,Hace 8 meses,Parque Braulio Carrillo Colina,positiva
Está un poco descuidado. Falta mejorar la estética de este lugar. El ambiente se siente muy inseguro.,3.0,parque,google_maps,Hace 3 años,Parque Braulio Carrillo Colina,neutral
"Un parque tradicional de San José, frente a la Iglesia de Ntra. Sra. De la Merced.",3.0,parque,google_maps,Hace 3 semanas,Parque Braulio Carrillo Colina,neutral
"Excelente parque para disfrutar de la vista citadina, para tomarse muy buenas fotos y osar un rato descansando",5.0,parque,google_maps,Hace 6 meses,Parque Braulio Carrillo Colina,positiva
Un lugar con gente concurrida y un parque histórico lleno de comercios donde encuentras muchas cosas de utilidad,5.0,parque,google_maps,Hace 6 meses,Parque Braulio Carrillo Colina,positiva
"Es el recibimiento a la llegada en autobús desde el aeropuerto, tomamos transporte público muy económico por cierto.",5.0,parque,google_maps,Hace 4 meses,Parque Braulio Carrillo Colina,positiva
"Un tranquilo parque frente a la iglesia de Nuestra Señora de la Merced, el lugar es apta para llevar niños a que corran o para descansar y leer un poco.",4.0,parque,google_maps,Hace 8 años,Parque Braulio Carrillo Colina,positiva
Perfecto para caminar y para ir con familia y amigos .,4.0,parque,google_maps,Hace 8 años,Parque Braulio Carrillo Colina,positiva
Muy sucio mucho indigente poca seguridad y basureros ojala nuestro gobierno actúe mejor aqui es un punto de historia,1.0,parque,google_maps,Hace 4 meses,Parque Braulio Carrillo Colina,negativa
Maravilloso en toda la palabras gracias Maravilloso lugar de paz,5.0,parque,google_maps,Hace 2 meses,Parque Braulio Carrillo Colina,positiva
Me encantó visitar este lugar playa grande ya que es un parque marino muy bonito rico en flora y fauna también cabe resaltar que el cuidado que los guarda bosques en compañía del SINAB le dan,5.0,parque,google_maps,Hace 3 años,Parque Braulio Carrillo Colina,positiva
Si . Y mesiento con tentó. Fue excelente,5.0,parque,google_maps,Hace 2 meses,Parque Braulio Carrillo Colina,positiva
"Encantada de conocer y disfrutar de este hermoso lugar, en compañía de nuevos amigos.",5.0,parque,google_maps,Hace 2 años,Parque Braulio Carrillo Colina,positiva
"Parque que podría ser bonito pero hay mucha gente no recomandable, un pecado.",1.0,parque,google_maps,Hace 4 meses,Parque Braulio Carrillo Colina,negativa
Plaza bonita. Concurrida de citadinos. Un poco descuidada por gamines a su alrededor,4.0,parque,google_maps,Hace 3 años,Parque Braulio Carrillo Colina,positiva
"Lugar de referencia en San José, frente a la Iglesia de Nuestra Señora de La Merced y de las paradas de Autobuses Alajuela - San José, el hospital San Juan de Dios y el bulevar peatonal.",5.0,parque,google_maps,Hace 6 meses,Parque Braulio Carrillo Colina,positiva
Super bello la vista espectacular,5.0,parque,google_maps,Hace 2 años,Parque Braulio Carrillo Colina,positiva
Hermoso parque en el centro neuralgico de la Ciudad de San José.,3.0,parque,google_maps,Hace 9 meses,Parque Braulio Carrillo Colina,neutral
"Muy sucio, mucha basura tirada por doquier..y huele a orines...pero a fin de cuentas era conocer la intención",2.0,parque,google_maps,Hace 2 años,Parque Braulio Carrillo Colina,negativa
"Varios buses salientes constantemente y fácil de llegar, muy céntrico. Tienden a haber muchas personas vendiendo o un poco sospechosas.",4.0,parque,google_maps,Hace 2 años,Parque Braulio Carrillo Colina,positiva
Un lugar muy pintoresco en lo que respecta a la sociedad......mucha diversidad !!! Alta convergencia en horas pico de población trabajadora llegando a sus estaciones de autobús...,5.0,parque,google_maps,Hace 4 años,Parque Braulio Carrillo Colina,positiva
"Falta infraestructura, la playa muy bonita concurrida y limpia, pero la infraestructura queda deviendo",3.0,parque,google_maps,Hace 2 años,Parque Braulio Carrillo Colina,neutral
Muy lindo parque. En noviembre ya decorado con detalles navideños hermoso. Todo muy cuidado,5.0,parque,google_maps,Hace 7 meses,Parque Braulio Carrillo Colina,positiva
Se encuentra basureros muy llenos de basura y en parque se puede encontrar basura tirada en todo el parque y indigentes durmiendo y es incómodo,2.0,parque,google_maps,Hace 7 meses,Parque Braulio Carrillo Colina,negativa
El parque esta muy sucio. Inseguro.,2.0,parque,google_maps,Hace 3 meses,Parque Braulio Carrillo Colina,negativa
Muy bonito especial mente entrar x el lado de San Juan de Dios una ermoza vista,5.0,parque,google_maps,Hace 7 años,Parque Braulio Carrillo Colina,positiva
"Retirado de las playas (como a 1.5hrs( pero el lugar vale la pena. Recibimiento como de la familia, son pocos bungalows pero muy acogedores, con cocina equipada. Están incluidos los ranchos y por supuesto la piscina. Nos encantó, fijo volveremos.",5.0,parque,google_maps,Hace un año,Parque Braulio Carrillo Colina,positiva
Sector Prusia...muy bonito para caminar...,5.0,parque,google_maps,Hace 5 años,Parque Braulio Carrillo Colina,positiva
Muy lindo de noche,5.0,parque,google_maps,Hace un mes,Parque Braulio Carrillo Colina,positiva
A pesar de la cantidad de gente alcohólica es bonito pasar por ese lugar.,5.0,parque,google_maps,Hace 9 meses,Parque Braulio Carrillo Colina,positiva
"Parque público en el centro de San José , Costa Rica , un poco descuidado , muchas personas en situación de calle , que se acuestan donde sea ,obstruyen el paso sobre la banqueta y huele a orines",2.0,parque,google_maps,Hace 10 meses,Parque Braulio Carrillo Colina,negativa
"Me encantó, les recomiendo visitar Plaza Simón Bolivar.",5.0,parque,google_maps,Hace 4 años,Parque Braulio Carrillo Colina,positiva
Bello lugar. Esencia de lo que es Costa Rica,5.0,parque,google_maps,Hace 6 años,Parque Braulio Carrillo Colina,positiva
"San José se merece mucho más, solamente por ser la capital de un país diferente, lleno de vida, de pura vida. Cuando todos los lugares son increíbles, limpios y llenos de naturaleza, llegas y te encuentras con una capital degradada por su suciedad, y llena de sin techos, pidiendo y provocando situaciones incómodas. Sin embargo los ricos son amigables y muy educados",3.0,parque,google_maps,Hace un año,Parque Central de San José,neutral
"Paso constantemente por ese parque y es desagradable el olor a orines que hay, se siente inseguro las personas sin hogar que duermen ahí, además de que hay bastantes palomas y ratas. El único momento del año donde se ve bonito es en navidad con sus decoraciones y ferias que hacen. Recomiendo ir pero con cuidado.",3.0,parque,google_maps,Hace 7 meses,Parque Central de San José,neutral
"Lindo paseo, lamentablemente muy sucio y peligroso, mucha gente mendigando y también mucha policía cuidando.",3.0,parque,google_maps,Hace 3 meses,Parque Central de San José,neutral
"El Parque Central de San José es uno de los lugares más emblemáticos de la capital, está ubicado en pleno corazón de la ciudad, frente a la Catedral Metropolitana de San José rodeado de edificios históricos, comercios y cafés. Lugar de reunión de locales y extranjeros. Cuenta con bancas, jardines, esculturas y una glorieta central donde a veces se presentan músicos o actos culturales. Mucha seguridad a su alrededor.",5.0,parque,google_maps,Hace 8 meses,Parque Central de San José,positiva
"Muy lindo parque para ir a pasar un rato muy tranquilo Me gustaría que hubiera un poquito más de presencia policial y eso sería todo lo demás, calidad",5.0,parque,google_maps,2 semanas atrás,Parque Central de San José,positiva
"El parque exelente, para la navidad estuvo hermoso como lo alumbraron, es el punto de congresasion de casi todo San José, y siempre se mantiene limpio, lo único malo que tiene y no es culpa de parque tal cual es que hayan tantos vagos ahí pidiendo plata, eso hace que se vea horrible, que uno este tranquilo sentado o escuchando música y que llegue un vago de esto a pedirte plata y contar una historia ficticia para dar lastima, en vez de ir a buscar trabajo si en verdad tanta necesidad tiene, pero bueno hasta que no exista una ley o algo que prohiba hacer esto le quitara un poco de bellaza al parque.",5.0,parque,google_maps,Hace 5 meses,Parque Central de San José,positiva
"Es un parque qué ha visto pasar muchos eventos de la historia nacional, cuenta con algunos obras artísticas de libre acceso, se pueden observar algunas especies de aves endémicas, como pericos algunas especies menores y una sobre población de palomas esta última introducida. Debo mencionar que es frecuentado por personas en estado de vulnerabilidad y con algunas adicciones, recomiendo no visitarlo de noche y no exponer equipo fotográfico, ni telefonos celulares, para no ser víctima del ampa. Esta cerca de museos, centros históricos y hoteles de larga tradición.",3.0,parque,google_maps,Hace 2 años,Parque Central de San José,neutral
"Por Diciembre se hizo diferentes figuras este año en diferentes lugares , aquí en el parque Central fué muy agradable junto a mi nieto porque disfrutamos bastante y apesar de iniciar año disfrutamos lo que no habíamos visto en diciembre , buen día",5.0,parque,google_maps,Hace un año,Parque Central de San José,positiva
"Se encuentra ubicado en el centro de la capital, junto a la Avenida Segunda. Tiene varias esculturas y árboles. El parque da un respiro en la metrópoli, siendo un sitio concurrido, por gente que va de paso y por personas que se sientan a descansar o esperar por alguien. Le falta un poco más de mantenimiento, incluyendo su fuente y algunos árboles. Se extraña la biblioteca infantil que había en sus entrañas.",4.0,parque,google_maps,Hace 7 años,Parque Central de San José,positiva
"Es un lugar tranquilo y siempre está vigilado por la policía municipal y la federal al redodor siempre veras vendedores ambulantes ofrecen accesorios muy necesarios para los viajeros, en la esquina hay una McDonalds a la par queda pague menos y en la otra esquina un famoso bar llamado la terraza, siempre hay mucha gente al medio día cuando no llueve y clima es cálido el sol cubre casi todo el parque lo cual hace un poco complicada su estadía ahí. Lo demás todo es muy bonito.",5.0,parque,google_maps,Hace 6 años,Parque Central de San José,positiva
Soy de México y vine de visita a SJO y pero la capital se me hizo peligrosa. Demasiado vagabundo y se siente cierto peligro en la noche. Sin embargo hay demasiados comercios y encuentras de todo. Pero las afueras de CR son bellísimas quedé enamorado.,2.0,parque,google_maps,Hace un año,Parque Central de San José,negativa
"Un lugar sencillo y bonito siempre hay mucha gente la seguridad se hace notar de una manera algo normal lo que hacé molesto es la cantidad de vendedores ambulantes que hay en el sitio, no te dejan disfrutar el momento con tranquilidad un punto a favor es que frente al parque esta la catedral y también hay muchos comercios De comida. El acceso es muy sencillo.",3.0,parque,google_maps,Hace 8 años,Parque Central de San José,neutral
"Es maravilloso, el ambiente muy sano, se observó mucha seguridad por parte de la Policía municipal, ambiente tranquilo para pasar con la familia y la iglesia.",5.0,parque,google_maps,Hace 4 meses,Parque Central de San José,positiva
Es bonito pero lleno de indigentes y vendedores ambulantes buena ubicacion,3.0,parque,google_maps,Hace un año,Parque Central de San José,neutral
"Para ser el parque central de la capital de un país, deja muchísimo qué desear. Sobre todo en el aspecto: sucio, basura por todos lados, pintas hasta en las letras de SJO, indigentes y vendedores ambulantes llenan el parque. Es una lástima porque el lugar tiene mucho potencial, pero en la administración mal hecha se ven las consecuencias. Incluso huele mal. Sólo vale la pena por conocer y que no les cuenten de qué se trata.",2.0,parque,google_maps,Hace 2 años,Parque Central de San José,negativa
Está bonito el lugar menos peligroso que hantes pero siempre hay que tener cuidado,4.0,parque,google_maps,Hace un mes,Parque Central de San José,positiva
"Es un lugar demasiado descuidado por la Municipalidad de San José, aunque es una de las primeras caras para los turistas y un lugar donde mucha gente se reúne. Hay mucha gente extraña, que roban o fuman sin siquiera importarles de que al frente esté la estación de policía. El Quiosko está demasiado erosionado, falto de mantenimiento, y feo. Ahí se ve el trabajo de la Municipalidad de San José, opinen ustedes, señores.",2.0,parque,google_maps,Hace 4 meses,Parque Central de San José,negativa
Es un maravilloso lugar para encontrarte con la vida Costarricense es un centro de interacción del pueblo tico y es muy bonito conocer su catedral dotada de grandes expresiones de cultura católica apostólica.,5.0,parque,google_maps,Hace 9 años,Parque Central de San José,positiva
Hermosa la decoración navideña. Muchos años sin nada especial hasta este año. Hay muchos policías cuidando. Solo espero que toda la decoración sea cuidada y las personas más aseadas .,3.0,parque,google_maps,Hace un año,Parque Central de San José,neutral
"El parque tiene elementos interesantes para observar, sin embargo, no se siente seguro, por la presencia de personas que al parecer son indigentes, en varias partes huele mal (orina), falta un mejor cuidado.",3.0,parque,google_maps,Hace 3 años,Parque Central de San José,neutral
"Mucha gente caminando. Tengan cuidado con los bolsos o carteras, cómo muchas capitales del mundo, tener precaución.",5.0,parque,google_maps,Hace 8 meses,Parque Central de San José,positiva
"Esta muy bonito. Muchísimos vendedores ambulantes alrededor, y gente pidiendo perdón plata (como en todos los parques del país ) pero todo bien si se está un ratico p esperar a alguien",4.0,parque,google_maps,Hace 3 años,Parque Central de San José,positiva
"Muy bonito el parque, limpio y céntrico.",5.0,parque,google_maps,Hace un año,Parque Central de San José,positiva
"Creo que de todos los años , este año el parque central luce lo mejor posible y sus declaraciones son muy bonitas la verdad, aunque se encuentra indigentes problemáticos y durmiendo.",4.0,parque,google_maps,Hace 7 meses,Parque Central de San José,positiva
"Un lugar aceptable, en la noche hay ratas",3.0,parque,google_maps,Hace 9 meses,Parque Central de San José,neutral
"Los encargados han tratado de mantener un buen aspecto y decoración bonita, la limpieza y la vigilancia es bastante buena para estar en la capital... Como siempre, el pero lo generan algunas de las personas que llegan a disfrutar del parque... Pero, en resumen, el lugar está bien",4.0,parque,google_maps,Hace 7 meses,Parque Central de San José,positiva
"Muy lindo, solo que las escrituras sobre los monumentos lo deslucen. Tiene una glorieta preciosa.",4.0,parque,google_maps,Hace 2 años,Parque Central de San José,positiva
"Muy aseado, sumamente simbólico, perfecto para fotografías, etc. Costa Rica es un gran país para visitar.",4.0,parque,google_maps,Hace 4 años,Parque Central de San José,positiva
"Para ser la plaza central está muy descuidada, mucha basura y le falta mantenimiento.",2.0,parque,google_maps,Hace 9 meses,Parque Central de San José,negativa
"Plaza en el centro, lugar concurrido tiene una cúpula muy fresca en la que te puedes resguardar del fuerte sol del día, pocas áreas verdes, todo un poco gastado, pero con estilo.",3.0,parque,google_maps,Hace 7 años,Parque Central de San José,neutral
"Es muy hermoso y tiene wifi Aunque a veces un poco lento pero resuelves ah!, puedes cargar tu teléfono",5.0,parque,google_maps,Hace 6 meses,Parque Central de San José,positiva
Esta es la democracia del pueblo de Costa Rica que sólo pide que se Respeten los derechos humanos,5.0,parque,google_maps,Hace 8 años,Parque Central de San José,positiva
Pme encanta la iglesia,4.0,parque,google_maps,Hace una semana,Parque Central de San José,positiva
"Mucha suciedad, policías vagos y extranjeros malvivientes. Inseguro en mi salud e integridad física, eso me dió , además de tristeza por mi pueblo. Indigencia, drogadictos pidiendo dinero amenazantemente, pocos costarricenses de mente sana y buenas costumbres Es un lugar que evito y evitaré hasta que cambien las cosas De niño me encantaba. Ahora no es un lugar para la familia Narcos, estafadores y gente siempre a la defensiva y/o a la ofensiva. La capital está perdida.",2.0,parque,google_maps,Hace 2 años,Parque Central de San José,negativa
"Cómo muchos otros parques tiene sus aspectos positivos y áreas de mejora, pero en esta ocasión me agradó mucho encontrarme con una feria de emprendedores apoyados por la municipalidad y me gustó mucho observar que se les brinde un espacio de exposición y apoyo.",4.0,parque,google_maps,Hace 3 años,Parque Central de San José,positiva
Es un lugar lindo pero actctualmente se encuentra cerrado por tiempos de PANDEMIA. Es un buen lugar para pasar a tomarte la foto aunque no es muy grande y no hay mucho que ver.,4.0,parque,google_maps,Hace 5 años,Parque Central de San José,positiva
Procesiones de semana santa,5.0,parque,google_maps,Hace 3 meses,Parque Central de San José,positiva
"Este año, para Navidad, lo decoraron super lindo. Dénse la vueltita a pie en la noche y se tomarán fotos hermosas.",5.0,parque,google_maps,Hace 7 meses,Parque Central de San José,positiva
"San José de Costa rica es un excelente lugar para el turismo y su gente es muy amables , alegres y servicial. Pura Vida los quiero mucho por siempre",5.0,parque,google_maps,Hace 2 años,Parque Central de San José,positiva
Es muy bueno caminar por San José con mis nietos y mostrar parte de nuestra historia como costarricenses,4.0,parque,google_maps,Hace 6 años,Parque Central de San José,positiva
"Pasé por casualidad, no estuve. Como era aún época navideña, estaban los adornos navideños, muy bonitos.",4.0,parque,google_maps,Hace un año,Parque Central de San José,positiva
"Una mala impresión, los pollos llenos de cuitas de paloma de echo ese parque es una plaga de pericos y palomas un orinal a cielo abierto, muy lamentable que siendo el parque central de costa rica la municipalidad le valga madre.",5.0,parque,google_maps,Hace 6 meses,Parque Central de San José,positiva
Lugares bonitos que se nos esconden de la vista por el día a día .,5.0,parque,google_maps,Hace 2 años,Parque Central de San José,positiva
"El Parque Central de San José me pareció un lugar lleno de vida e historia. Me gustó su ambiente, rodeado de edificios emblemáticos y con el quiosco de música en el centro, que le da un aire muy tradicional. Es un sitio para descansar, observar la ciudad y sentir la cultura costarricense, aunque a veces resulta un poco ruidoso por el tráfico y la cantidad de gente.",5.0,parque,google_maps,Hace 9 meses,Parque Central de San José,positiva
Falta de cuidado por parte de la municipalidad. Y pues varios problemas de calles limpias...,3.0,parque,google_maps,Hace 4 meses,Parque Central de San José,neutral
Aquí a200 metros al este del parque central. Pura vida saludos mi gente linda,5.0,parque,google_maps,Hace un año,Parque Central de San José,positiva
Era un lugar muy agradable para sentarse y sentir la naturaleza. Hoy veo como los árboles son cortados indiscriminadamente por la modernización que vivimos.,5.0,parque,google_maps,Hace 4 años,Parque Central de San José,positiva
Un lugar muy concurrido por turistas y lugareños,5.0,parque,google_maps,Hace un año,Parque Central de San José,positiva
"AREA NORTE ESCAZO MANTENIMIENTO, ESCAZA INVERSION, SOlO CORTAN EL PASTO ,Y HAY UN LAGO VERDE, QUE SE PUEDE AUN RESCATAR, O MEJORAR, SE NOTA ESCAZA SEGURIDAD,POCA O CASI NULA PRESENCIA DE SEGURIDAD, LO CUAL LO HACE INSEGURO, ,Y DESMOTIVA A VISITAR ESE SITIO, ES NECESARIO EL PUENTE PEATONAL POR LA SEGURIDAD DE LAS PERSONAS, PUES EL.PASO PEATONAL NO ES SEGURO, EL PUENTE PEATONAL DEBE SER UNA PRIORIDAD,Y PUEDE SER DISTINTO AL ANTERIOR Y SER RENOVADO, Y NO ES POR FALTA DE PRESUPUESTO, PORQUE SI HAY PRESUPUESTO PARA OTRAS OBRAS , DEBERIAN HACER ALGO PARA PONER EL PUENTE, HAY ESTRUCTURAS QUE ESTAN EN ABANDONO QUE DICEN ICODER,EN EL AREA NORTE HAY UNA QUE DEBERIA SER DEMOLIDA, PUES ESTA VISIBLEMENTE DAÑADA, Y DA MAL ASPECTO DE ABANDONO, Y SUCIEDAD, DEBERIAN ARREGLAR LAS DEMAS, Son cosas notables, pedazos de bancas de concreto que deben ser sustituidas, arboles sembrar mas especies, ir sustituyendo arboles, aun quedan arboles ,pero se necesitan mejorar areas verdes, es una pena que este parque que era tan bonito este tan abandonado y destruido, en muchos aspectos, parece como si no tuvieran las ganas, o las ideas para ver su potencial y restaurarlo, hacerlo un sitio mejor, limpio,verde,renovado y seguro,con flora y fauna cuidada. Y las asociaciones de desarrollo casi no sirven solo para reunirse, y no hacer mucho. Ojala y llegue alguien que sea capaz de ver el potencial de ese parque y le de un nuevo aire,y lo mejore en todos los aspectos,con ganas de hacerlo, con vision de renovacion. (Adjunto ideas de puentes)",2.0,parque,google_maps,Hace 5 meses,Parque Metropolitano de la Paz,negativa
Tenía muchos años de no visitarlo y me alegró ver lo limpio y ordenado que está. Hasta me sorprendí que tiene parqueo y también hay personas de seguridad velando por todos los visitantes. Un espacio para disfrutar en Familia,5.0,parque,google_maps,Hace 2 semanas,Parque Metropolitano de la Paz,positiva
"Muy bonito para disfrutar de un aire un poco más puro en días soleados o nu lados, siempre es acogedor, puede practicar caminatas plr los senderos o simplemente sentarse en la quietud a leer un libro de su gusto. Puede llevar a sus niños para disfrutar del almuerzo que lleven bay mesitas dentro del parque o si prefieren llevan un buena manta la tienden sobre el césped y pueden comer lo que llevan allí. Hay cestos para depositar la basura y también servicios bigiénicos por si necesitan ir al baña.",4.0,parque,google_maps,Hace 5 meses,Parque Metropolitano de la Paz,positiva
"Muy bonito, poca seguridad y se ven bastantes indigentes al rededor, el cual da un poco de temor. Lindo para ir a hacer deporte, caminar o platicar.",5.0,parque,google_maps,Hace 7 meses,Parque Metropolitano de la Paz,positiva
"No obstante su gran potencial, en la actualidad se encuentra en abandono casi total. Las lagunas son pantanos malolientes y llenos de insectos. El río María Aguilar es una cloaca a cielo abierto. Un desastre. El parque y su entorno se convirtieron en botaderos de basura, lo cual evidencia el descontro y descoordinación entre la Policía, ICODER, la Municipalidad y el vecindario. La Policía Montada, muy correcta y necesaria, con oficiales atentos y correcros, excepto por un detalle: No se preocupan por recoger y limpiar las boñigas de los caballos...",2.0,parque,google_maps,Hace 2 meses,Parque Metropolitano de la Paz,negativa
"Posee mucha variedad de actividades que hacer en familia, ventas de comida, postres y servicios sanitarios",5.0,parque,google_maps,Hace un mes,Parque Metropolitano de la Paz,positiva
"Esta muy descuido el parque ha crecido el pasto y caminar con esa altura de pasto en el area norte lo vuelve muy inseguro. Ahi se puede esconder alguien no grato, es desmasiado inseguro. Lo que queda de las bancas casi ni se ven de la altura del pasto.Es cierto el pasto crece en invierno mas rapido, por lo tanto deberian cortarlo con regularidad caminar asi no es muy seguro en medio de esa maleza, para las personas ,se ve un camino lleno de pasto y algo oscuro Deberian hacer un proposito de darle mejor mantenimiento ,antes este parque no estaba asi..",2.0,parque,google_maps,Hace un año,Parque Metropolitano de la Paz,negativa
"El Parque Metropolitano La Paz es uno de esos lugares que se convierten en un verdadero pulmón dentro de la ciudad. Es un espacio amplio, rodeado de árboles y vegetación, que ofrece la posibilidad de desconectarse del ruido urbano y respirar aire fresco sin necesidad de viajar lejos. Sus senderos son ideales tanto para caminatas tranquilas como para correr o andar en bicicleta, ya que están bien distribuidos y brindan una sensación de seguridad y contacto directo con la naturaleza. Algo que destaca del parque es su ambiente familiar y versátil. Durante el día se pueden ver personas ejercitándose, grupos de amigos disfrutando de un paseo y familias que llevan a sus hijos a convivir en un espacio natural. Es común escuchar el canto de las aves y, en ocasiones, observar pequeños animales que habitan en el lugar, lo cual le da un valor especial para quienes disfrutan de la biodiversidad. La limpieza y el mantenimiento en general son buenos, aunque siempre depende también del compromiso de los visitantes en cuidar el espacio. Llevar agua, bloqueador solar, repelente y ropa cómoda es recomendable, sobre todo si se planea recorrer gran parte de sus senderos. En definitiva, el Parque Metropolitano La Paz es un lugar perfecto para ejercitarse, relajarse o simplemente disfrutar de un respiro natural. Es uno de esos sitios que invitan a volver una y otra vez, ya sea en solitario o acompañado, porque ofrece tranquilidad, frescura y la oportunidad de reconectar con la naturaleza sin salir de la ciudad.",4.0,parque,google_maps,Hace 10 meses,Parque Metropolitano de la Paz,positiva
"Es necesaria inversion en este parque.area norte en descuido y muy abandonado, no hay baños, habilitados, y huele mal porque las personas hacen sus cosas ahi detras de los arboles, y esto es insoportable el aroma cuando se pasa cerca , bancas quebradas, lago verde por descuido, se deberian sembrar arboles nuevos, y sustituir especies roble sabana, ya los,que estan son algunos peligrosos, y se caen ramas, monumento de las destruccion de las armas en total abandono sin arte ni esculturas podrian hacer nuevas, esta sucio , se nota desinteres , y no es por presupuesto,porque el que quiere mejorar algo lo hace como sea, y lo consigue, es por escazas ganas e ideas para querer renovarlo. Es muy inseguro de dia , da pena llevar extranjeros yo lo hice y me dio mucha pena, mejor no los lleven ahi.",2.0,parque,google_maps,Hace un año,Parque Metropolitano de la Paz,negativa
"El parque metropolitano de La Paz como mexicana me pareció un lugar increíble para hacer deporte, me gustó ver a las familias disfrutando de la naturaleza, volar papalotes me pareció una experiencia muy relajante, la vista que tiene es muy bonita, ideal para ir a correr o simplemente pasear",5.0,parque,google_maps,Hace 7 meses,Parque Metropolitano de la Paz,positiva
"EL PARQUE DE LA PAZ Tiene dos areas area norte y area sur, al quedarse sin puente se desconecto, y se nota que hay mas inversion en el.area sur, que en el area norte,el area norte esta muy inseguro, abandonado y sin inversion o mantenimiento, no hay seguridad,para las personas que van a caminar,o correr,ect,en esa area norte del parque,se ve gente rara escondida entre la maleza, o rondando por este sitio, no hay baños en esta area, hay estructuras abandonadas de Icoder sin uso ,se nota la,falta de inversion no han tenido la,capacidad para mantenerlo,renovarlo,o mejorarlo,en bastante tiempo, deben sustituir arboles por nuevos. y el puente pequeño sobre el lago se daño y necesita mantenimiento e inversion esta,dañado en su estructura, y por ultimo deberian hacer algo con esa agua de lluvia que se hace convierte en un charco sobre la acera norte, esta impide el paso debido por la acera ,de deportistas,corredores ,peatones y personas que caminan diariamente en tiempo de lluvia y van a hacer deporte, deben los encargados de de eso,hacer algo para que se solucione ese problema y puedan pasar las personas pues no hay por donde pasar ahi, algunos pasan arriesgandose,por el pretil, pero es riesgoso, Deben en esa area invertir, recuperar el parque y ver el potencial que tiene,mejorandolo.",2.0,parque,google_maps,Hace 9 meses,Parque Metropolitano de la Paz,negativa
"Excelente y Gratuito Lugar Tranquilo para pasar en Familia, muy limpio, Buena Seguridad Pública y Privada, Baños limpios a cargo de los Muchachos de Hogares CREA y con una contribución puedes usarlos!! Puedes volar Papalotes, deslizarte en Cartón por las colinas o simplemente dormir, descansar en una sábana con tu familia para luego almorzar",5.0,parque,google_maps,Hace 4 años,Parque Metropolitano de la Paz,positiva
"Un bonito lugar, con amplios espacios, no hay muchos bancos o así, pero si llevas algo para poner en el suelo, se disfruta el ambiente. Mucha naturaleza, con patitos y aves y venden papalotes para volar. Hay un campo para jugar fútbol. Es un lugar de tierra y poco camino de cemento, es recomendable ir con zapatos comodos para subir o bajar las colinas del parque.",4.0,parque,google_maps,Hace un año,Parque Metropolitano de la Paz,positiva
Excelente lugar para hacer alguna actividad deportiva o salir una tarde en familia de picnic. Se mantiene bastante limpio y cuenta con seguridad en el parque.,5.0,parque,google_maps,Hace 2 años,Parque Metropolitano de la Paz,positiva
"Este lugar tiene dos espacios en los que se pueden hacer diferentes actividades. Las foto que comparto es de una de las partes. Yo disfruto de ambos lados del parque, en disfruto sentarme en sus mesas mientras degusto un exquisito bocadillo o alguna comida. Del otro lado, disfruto de poner mis pies en el pasto sobre la colina mientas veo como se deslizan los niños con cartón o veo como corren bolando cometas. Es un lugar al que puedes ir con tu familia, con tus mascotas, hacer senderismo, andar en bici, celebrar alguna fecha en particular. Te desconecta por completo del corre corre diario. Una visita acá ahorra varias horas de terapia.",5.0,parque,google_maps,Hace 3 años,Parque Metropolitano de la Paz,positiva
"Excelente lugar para pasear en familia, es muy grande, hay oficiales dentro del parque. Ideal para hacer ejercicio, caminar o correr. Hay un pequeño parqueo, baños, juegos para los niños, haceras rodeadas de árboles y unas lagunas, donde llegan variedad de patos.",5.0,parque,google_maps,Hace 2 años,Parque Metropolitano de la Paz,positiva
"ESTA DESCUIDADO, Y DEBERIA PASAR A MANOS DE LA MUNICIPALIDAD DE SAN JOSE, EN AMBAS PARTES NORTE ESTA TERRIBLE Y LA PARTE SUR UN POCO MEJOR, ESTA SIN PUENTE PEATONAL Y LAS PERSONAS SE DESMOTIVAN A IR POR EL.PASO PORQUE ES POCO SEGURO Y Al VERLO EN DESCUIDO,E INSEGURIDAD, SE NECESITA REPONER ARBOLES, NO.SE TRATA DE SATURARLO CON INSTALACIONES DEPORTIVAS De uso NO FRECUENTE, QUE RESTAN AREAs VERDES, HASTA VOLVERLO SOLO ESO, y no PARA que la gente salga de un encierro de su vida cotidiana, para meterlos en una instalacion deportiva encerrados,eso no, ES UN PARQUE, NECESITA INVERSION EN AREAS VERDES,ARBOLES, ESO NECESITAN VER y ESTAR EN CONTACTO LAS PERSONAS. PARA SU BIENESTAR MENTAL y FISiCO, SEMBRAR ROBLES SABANA, SUSTiTUIR ARBOLES, MEJORAR E INVERTIR EN AREAS VERDES, pero no tienen suficientes IDEAS para crear algo superior.a lo que ya esta y ver el potencial del parque.tal vez por eso LA MUNICIPALIDAD de SAN JOSE si lo haria.",1.0,parque,google_maps,Hace 6 meses,Parque Metropolitano de la Paz,negativa
"Es un lugar recreativo para practicar deporte o pasar un rato de esparcimiento y recreacion, pero esta muy abandonado no hay inversion, el monumento de la abolicion de las armas ,esta en abandono, el puente peatonal necesita mantenimiento y revision anual,ya que muestra oxidacion y huecos en unos tubos,El parque Se ve a veces muy sucio. Y esta la inseguridad que viven peatones y deportistas diariamente. Es un lugar inseguro, para transitar ,por las aceras, y practicar deportes. Deberia redoblar la seguridad. Aparte de que esta muy abandonado en mantenimiento.",4.0,parque,google_maps,Hace 4 años,Parque Metropolitano de la Paz,positiva
"Sitio de esparcimiento para ir a desentoxicarse del estrés de la semana, ideal para compartir con la familia.",5.0,parque,google_maps,Hace 10 meses,Parque Metropolitano de la Paz,positiva
Me encanta ir a caminar ahí. Estuve sólo una tarde pero fue maravilloso! Excelente lugar para ir con niños y compartir un rato de sano entretenimiento. Dejo fotos y video!,4.0,parque,google_maps,Hace 3 años,Parque Metropolitano de la Paz,positiva
"Es un parque inmenso, es súper seguro (al menos así lo percibí). Hay puestos de comida en la calle y locales alrededor. La entrada es gratis y hay muchos lugares para fotos bellas.",5.0,parque,google_maps,Hace 4 años,Parque Metropolitano de la Paz,positiva
"Un lugar tranquilo, bastante seguro, con mucho espacio para hacer deporte ñ, baloncesto, fútbol, atletismo, ciclismo, tenis, ping pong, etc. Y además, como si fuera poco, hasta se puede disfrutar ayudando a algún adulto mayor que con su carreton te ofrece a vender una golosina como el popular copo . Cerca, muy cerca está el Burger King, y otros centros comerciales cuando el hambre anuncia la llegada. En definitiva, un lugar que puedes disfrutar... Y hay estacionamiento para el coche, con vigilancia y gratuito.",4.0,parque,google_maps,Hace 4 años,Parque Metropolitano de la Paz,positiva
"Un lugar hermoso, seguro, está la policía montada, se puede jugar bola, tenis, tirararse con cartón, volar papalotes (cometas), andar en bicicleta, hacer ejercicios, los juegos infantiles están abiertos, hay parqueo para los carros y hay paradas de autobús muy cerca. Hay tubos para el agua. Lo único es que los servicios sanitarios están cerrados... Por lo demás es un lugar muy hermoso",5.0,parque,google_maps,Hace 5 años,Parque Metropolitano de la Paz,positiva
"me ha gustado pero en comparación con mi visita en 2018, me entristece ver que el lago se está secando. Y a los visitantes les recomiendo llevar algo de plata extra para la gente que te pide, mientras estás en tu asiento o por los vendedores ambulantes, y para los famosos eskimos y raspados . ya casi se me antojaba ir a vender lazitos para el cabello a mí también . Ji ji. Que buenas vibra la gente, la verdad. Me encanta.",3.0,parque,google_maps,Hace 4 años,Parque Metropolitano de la Paz,neutral
"Me gustaría que pusieran más bancas para pasar con la familia, pero fuera de eso es un buen lugar par pasar el día.",5.0,parque,google_maps,Hace 4 semanas,Parque Metropolitano de la Paz,positiva
"Siento que el parque esta mucho mejor que hace unos años, han modificado mucho los juegos para niño y ahora cuentan con amplias canchas de tenis . En cuanto a la seguridad esta muy bien.",4.0,parque,google_maps,Hace 2 años,Parque Metropolitano de la Paz,positiva
Lo mejor de San José para ir a despejarse en las mañanas. Un lugar callado y muy bien vigilado por sus policías.,5.0,parque,google_maps,Hace un año,Parque Metropolitano de la Paz,positiva
La verdad es muy sencillo pero es muy tranquilo para salir y distraerse un rato con la familia esta muy bien,5.0,parque,google_maps,Hace 3 meses,Parque Metropolitano de la Paz,positiva
"El parque muy limpio en la mañana y con mucha seguridad,aunque siempre hay presencia de indigentes",5.0,parque,google_maps,Hace 2 años,Parque Metropolitano de la Paz,positiva
"Bonito lugar familiar para pasar el dia, los lagos estan un poco descuidados pero es un lugar bonito",4.0,parque,google_maps,Hace un mes,Parque Metropolitano de la Paz,positiva
Un buenlugar para disfrutar solo que hay unos oficiales de seguridad. Que se lucen en su trabajo Solo por quedar bien con la administración los perrosandan con sus dueños y al algunos que andan sim boczal y no les dicen nada como yo andaba con un american Starddfor tenia que andar con bozal los demas sin el y lo que es bueno para uno que esta bueno para él otro loa policías. Son excelentes la Policia Montada muy buenos y educados . la empresa de Seguridad V Mejías y Asociados no saben lo que están haciendo,4.0,parque,google_maps,Hace 3 años,Parque Metropolitano de la Paz,positiva
Lugar para disfrutar un rato al aire libre solo y con amigos y familia.,5.0,parque,google_maps,Hace 5 meses,Parque Metropolitano de la Paz,positiva
"Lindo lugar para ir con perritos, es perfriendly me gustó pero le falta limpieza",5.0,parque,google_maps,Hace 3 meses,Parque Metropolitano de la Paz,positiva
Lindo lugar pero lo han descuidado mucho los plays para niños no sirven,3.0,parque,google_maps,Hace 4 años,Parque Metropolitano de la Paz,neutral
"Un lindo lugar para respirar, recrearte o solo caminar. Un bello atardecer. Pinto de reunión para familias y pasar el día. Tiene amplio parqueo y muchas y variadas zonas verdes.",5.0,parque,google_maps,Hace 3 años,Parque Metropolitano de la Paz,positiva
"Excelente lugar para compartir en familia, muchas actividades como andar a caballo, remar en bote, volar cometas, saltar en trampolines, caminatas, andar en patines bicicleta, lagos, canchas de basket, tennis, futbol, multiples kioscos de comida etc!!!!",5.0,parque,google_maps,Hace 7 años,Parque Metropolitano de la Paz,positiva
"Precioso lugar para caminar y ejercitarse, es gratis y tiene parqueo para vehículos",5.0,parque,google_maps,Hace 2 años,Parque Metropolitano de la Paz,positiva
Un bello lugar para ejercitarse y pasar un rato agradable en familia.,4.0,parque,google_maps,Hace 5 años,Parque Metropolitano de la Paz,positiva
"En algunas secciones, el suelo está muy agrietado y podría causar lesiones en las personas. Deberían poner atención a esos detalles.",4.0,parque,google_maps,Hace un año,Parque Metropolitano de la Paz,positiva
Un parque muy bonito y en el se encuentra el velódromo de Costa Rica. Muy buen escenario para la practica del ciclismo de pista,4.0,parque,google_maps,Hace 9 años,Parque Metropolitano de la Paz,positiva
"El mejor lugar para percibir la Paz, tener un momento Contigo y también con tu familia.",5.0,parque,google_maps,Hace 2 años,Parque Metropolitano de la Paz,positiva
"Precioso lugar para ir con niños a remontar cometas o papalotes como dicen allí, tambien hay pista de mountain bike",5.0,parque,google_maps,Hace 6 años,Parque Metropolitano de la Paz,positiva
"Lugar amplió, con ventas de comidas y artículos varios, ideal para hacer actividades al aire libre. Ideal para niños jugar con cometas o tirarse de cartones desde sus montañitas. Restaurantes en los alrededores.",4.0,parque,google_maps,Hace 3 años,Parque Metropolitano de la Paz,positiva
Bellísimo lugar para salir y disfrutar en familia,5.0,parque,google_maps,Hace 5 años,Parque Metropolitano de la Paz,positiva
Es muy buena los platos gran variedad y muy cómodo económicamente excelente servicio,5.0,parque,google_maps,Hace 4 años,Parque Metropolitano de la Paz,positiva
"Podría tener mejor mantenimiento, pero es un espacio al aire libre muy importante de la zona Este de la capital. Ideal para llevar niños y pasar un buen rato, también para la gente que hace deporte es un pulmón",4.0,parque,google_maps,Hace 5 años,Parque Metropolitano de la Paz,positiva
Excelente carretera con iluminación asistencia de grúas de remolque por cualquier percanse,5.0,parque,google_maps,Hace un mes,Parque Nacional Braulio Carrillo,positiva
Muy frio porque es un volcan muerto. Muy larga la caminata para llegar al crater. Necesitas tener buena condicion y disfrutar el sendero,5.0,parque,google_maps,Hace un año,Parque Nacional Braulio Carrillo,positiva
"Me encantó muchísimo! Es bastante fácil el recorrido es de 2 senderos son 5km, no se permiten mascotas, es un recorrido bastante facil, lleven agua, una frutica y mucho cuidado donde pisan porque viven muchas serpientes, solo vimos 1, según la advertencia del parque cuentan con un seguro si sucede algo dentro de los senderos, la entrada es de 1000 colones nacionales solo aceptan tarjeta.",5.0,parque,google_maps,Hace 5 años,Parque Nacional Braulio Carrillo,positiva
"Este lugar es sumamente majestuoso, quizás el mejor para observar uno que otro árbol de gran tamaño, y algunos animales que por su naturaleza se esconden pero siempre existe la posibilidad de observarlos es simplemente maravilloso, sin embargo el que visita este lugar debe ser muy cuidadoso y precavido porque las condiciones son muy variantes.",5.0,parque,google_maps,Hace 7 años,Parque Nacional Braulio Carrillo,positiva
"La naturaleza se luce. El parque está bien cuidado con campaña para el NO uso de plástico, baños dentro de él parque, excelente oferta de tours para avistamiento de ballenas y delfines. Transporte en servicio regular de buses, alojamiento para todo tipo de bolsillos. Es un lugar encantador. Pido las disculpas del caso, las fotos y el comentario pertenecen al Parque Nacional Marino Ballena, no logré hacer la corrección del nombre al colocar la ubicación.",5.0,parque,google_maps,Hace 7 años,Parque Nacional Braulio Carrillo,positiva
"Visita súper completa, la recepción muy cálida y amable. Por suerte ese día tuvimos dos monitores exclusivamente para nosotros 2 en las tirolinas. Paseo por teleférico muy relajante, rodeados de naturaleza. Paseos amenos por senderos muy fáciles sin guía. Un poco caro pero merece la pena !!",5.0,parque,google_maps,Hace 4 años,Parque Nacional Braulio Carrillo,positiva
Todo costa rica es mágico. Es todo un paraíso,5.0,parque,google_maps,Hace 3 meses,Parque Nacional Braulio Carrillo,positiva
"Parque Nacional Braulio Carrillo, sector Quebrada González. Un Parque Nacional muy poco visitado y más por ticos, los que más lo visitan son extranjeros, amantes a las aves, fotografías y naturaleza… un punto en contra es que en esta zona no hay señal telefónica y no aceptan efectivo, solo tarjeta de crédito o débito, valor de la entrada ¢1,600 colones niños ¢600 y adultos mayores no pagan. Hay 2 senderos autoguiados, los 2 son relativamente cortos de 1 a 2 km uno tiene un mirador al Río Sucio… De animales solo vimos una linda ranita Pumilio. Recomendado para todas las personas! Visitemos más estos parques nacionales pocos visitados y al alcance. Punto importante tienen uso de servicios sanitarios por si pasan la Ruta 32, también el horario es de 8am a 3:30pm",4.0,parque,google_maps,Hace 4 años,Parque Nacional Braulio Carrillo,positiva
"Este sector del Volcán Barva es impresionante, grandes vistas en cada uno de los miradores disponibles, los senderos tienen bastante vegetación a todo su alrededor, sin embargo es importante denotar que no es particularmente fácil el recorrido y personas con problemas para caminar o con baja condición física pueden tener problemas, también la altura es un limitante para todos por la escasez de oxígeno en comparación con el valle central",5.0,parque,google_maps,Hace 3 años,Parque Nacional Braulio Carrillo,positiva
El Parque tiene 47.588 hectáreas protegidas es el parque nacional más grande de la región visitamos el Volcán Barva y luego para cruzar al Caribe pasamos por el nuevamente es una experiencia única poder ver tanta naturaleza.,5.0,parque,google_maps,Hace 7 años,Parque Nacional Braulio Carrillo,positiva
Demasiado bonito el parque y sus senderos sin embargo es una lástima el estado de la calle faltando 2km para llegar es imposible en carro sedan ni 4*2 solo 4*4 sube ahí prácticamente así que si va visitar el parque alistese para caminar bastante,4.0,parque,google_maps,Hace 7 años,Parque Nacional Braulio Carrillo,positiva
"La vegetación densa y verde; las montañas imponentes; los derrumbes; los profundos cañones de paredes verdes. No hay lugar igual al Parque Nacional Braulio Carrillo. He visitado los senderos del sector Quebrada González y me he sorprendido por la naturaleza agreste y viva. Pero las fotos son de una gira más reciente recorriendo las proximidades de los cerros Hondura y Zurquí. ¡Be-llí-si-mo! Si quieres conocer este y otros lugares de este país contáctame a mi Facebook. The lush and lively jungle; the imposing mountains; the enormous landslides; the deep green walled gorges. There is no place like Braulio Carrillo National Park. I visited the Quebrada González sector and was stunned by its lively wilderness. The photos though, are from a more recent expedition close to Cerro Honduras and Cerro Zurquí. Bea-u-tiful! If you would like to experience a different Costa Rica, please contact me on my Facebook if you would like to visit. See you around!",5.0,parque,google_maps,Hace 8 años,Parque Nacional Braulio Carrillo,positiva
"Es una experiencia genial recorrer sus senderos entre la selva. Con suerte verás fauna como lagartos y roedores, al igual que muchas mariposas. La entrada cuesta 12 USD para extranjeros. OJO no es tan sencillo llegar en transporte público, toma tus precauciones.",4.0,parque,google_maps,Hace 9 años,Parque Nacional Braulio Carrillo,positiva
"Hermoso lugar. Tener en cuenta que hay dos puntos para hacer senderismo por el Parque Nacional.. nosotros hicimos los senderos ""La Palma"" y ""Ceibo"".",5.0,parque,google_maps,Hace 3 años,Parque Nacional Braulio Carrillo,positiva
"Parque Nacional Braulio Carrillo, sector Volcán Barva. Cuenta con una elevación máxima de 2906 m s.n.m. en la cima del Volcán Barva y registra una temperatura mínima de 3 ºC y máxima de 24 ºC. Debido al gran gradiente altitudinal que abarca el Parque, la precipitación es muy variada y va desde los 2500 mm en las pendientes que dan al Valle Central hasta los 5734 mm en la vertiente Caribe. (Fuente: sinac.go.cr)",5.0,parque,google_maps,Hace 6 años,Parque Nacional Braulio Carrillo,positiva
"Es interesante la paz y tranquilidad que da sus paisajes y cascadas por el camino y un ambiente inigualable, es uno de mis caminos favoritos del país.",5.0,parque,google_maps,Hace 7 años,Parque Nacional Braulio Carrillo,positiva
"Braulio Carrillo es uno de los parques imperdibles de Costa Rica, sus senderos, vistas, miradores, todo está perfectamente protegido y bien cuidado. Nos encontramos con osos perezosos, monitos, pisotes y de todos tipo de aves, para culminar el día hicimos Canopi... una experiencia inolvidable. Para la certificación de los guías y lo metódico de cada paso, realmente te sientes muy seguro. Algo por mejorar el restaurante: la oferta de platos podría ser un poco más variada, sin embargo la atención fue muy buena.",5.0,parque,google_maps,Hace 2 años,Parque Nacional Braulio Carrillo,positiva
"Toda una aventura conocer los senderos específicamente el sector el Ceibo, donde en nuestra gira educativa , conocimos diversas especies de animales y vegetación,",5.0,parque,google_maps,Hace un año,Parque Nacional Braulio Carrillo,positiva
"No se puede más que admirar la belleza natural de este parque al viajar por la Ruta 32, y de vez en cuando detenerse a ver la impresionante belleza que muestra un bosque sin presencia humana.",5.0,parque,google_maps,Hace 7 años,Parque Nacional Braulio Carrillo,positiva
Siempre hay lugares hermosos ahí.,5.0,parque,google_maps,Hace 10 meses,Parque Nacional Braulio Carrillo,positiva
"Es una excelente opción para hacer Hiking y caminata. Relativamente cerca de la GAM. Recomendado ir en 4x4 (especialmente en época lluviosa) porque la calle tiene tramos de piedra y lastre en los últimos 1.5 o 2km. Es posible ir en automóvil, pero dejando el carro en alguno de los parqueos informales que están antes de este tramo. La dificultad y longitud de los senderos varía y se pueden hacer desde media hora con un par de kilómetros hasta 2horas llegando a unos 8 km (o mezclar varios). La dificultad es media porque el trecho es ancho y no es muy empinado, aunque la altura y las gradas para los miradores podrían hacer medio alto algunos de los senderos. En total tiene 3 miradores y 2 lagunas: la vista es hermosa si está despejado. El costo de la entrada para nacionales es de ¢1000 y cierran a las 3 pm. Recomendado llevar zapatos cómodos y capa.",5.0,parque,google_maps,Hace 7 años,Parque Nacional Braulio Carrillo,positiva
"Me encantó este lugar, un sitio maravilloso para apreciar la naturaleza y su entorno protegido, guías con experiencia y conocimiento. Definivitamente regresó",5.0,parque,google_maps,Hace 6 años,Parque Nacional Braulio Carrillo,positiva
"Very bad access, 4x4 . Beautiful place up there for those who love nature walk. Pésimo acceso, 4x4. Arriba es un hermoso lugar para quienes aman cqminatas en la naturaleza.",4.0,parque,google_maps,Hace 7 años,Parque Nacional Braulio Carrillo,positiva
"Excelente para disfrutar de la naturaleza cerca de la ciudad. Vimos cariblancos, muchas aves y un perezoso.",5.0,parque,google_maps,Hace 5 años,Parque Nacional Braulio Carrillo,positiva
"Me impresiona este lugar: helechos gigantes, árboles enormes, vegetacion de altura, clima templado, arroyos, caídas de agua, neblina cuando llueve. Parece como si uno estuviera en Jurasic Park. Una reserva natural preciosa. Cuando pase por allí en agosto 2019, La carretera la estaban reparando y ampliando. Quedará mejor. Pero una advertencia: si vas a conducir, toma en cuenta la neblina, es peligroso circular de noche, hay que encender las luces antineblina para no ocasionar accidente. Lo recomiendo sin dudas.",5.0,parque,google_maps,Hace 6 años,Parque Nacional Braulio Carrillo,positiva
"Un parque muy lindo, pero muy descuidado el acceso, hasta los autos 4x4 se les dificulta llegar a la entrada. Recomendable llegar temprano.",3.0,parque,google_maps,Hace 7 años,Parque Nacional Braulio Carrillo,neutral
"Clima genial llevar repelente ,agua ,y alguna suéter para la lluvia el clima es impredecible y disfrutar mucho de la naturaleza y de sus sorpresas.",5.0,parque,google_maps,Hace 5 años,Parque Nacional Braulio Carrillo,positiva
Mi hija pequeña y yo pasamos un hermoso día en el parque. Un agradecimiento especial al muy servicial guardia de seguridad Minos que nos contó mucho sobre los animales del parque e incluso nos ayudó a llegar a casa cuando Uber falló. Debería haber más gente así en el mundo.,5.0,parque,google_maps,Hace 3 años,Parque Nacional Braulio Carrillo,positiva
"No todos los senderos están habilitados, es un poco corto, visita hecha en 1h30. Linda la naturaleza",4.0,parque,google_maps,Hace 4 años,Parque Nacional Braulio Carrillo,positiva
"Hermoso paisaje, senderos bien logrados, aptos para toda persona",5.0,parque,google_maps,Hace 7 años,Parque Nacional Braulio Carrillo,positiva
"Excelentes vistas, senderos bien rotulados y un clima frío pero muy agradable",5.0,parque,google_maps,Hace 6 meses,Parque Nacional Braulio Carrillo,positiva
"Bonito parque para una escapada de la rutina, de la ciudad o una actividad recreativa en familia y amigos. Excelente clima, con instalaciones necesarias y bien rotulado. Sector Barva son aproximadamente 12 km de caminata, unas 4 horas aprox. Muy importante tener en cuenta el camino para llegar: vehículo 4x4 para llegar a la entrada. En automóvil, de tiene q dejar el vehículo unos 3 km antes.",4.0,parque,google_maps,Hace 7 años,Parque Nacional Braulio Carrillo,positiva
Estaba super despejado y se podía ver hasta el Volcán Turrialba nunca lo había podido ver como ayer.,5.0,parque,google_maps,Hace 6 años,Parque Nacional Braulio Carrillo,positiva
Hermoso parque nacional con gran diversidad de flora y fauna. Recomendada la caminata de ambos senderos.,5.0,parque,google_maps,Hace 3 años,Parque Nacional Braulio Carrillo,positiva
"Tiene bonitos senderos y se pueden observar muchos animales. Hay bastantes serpientes, se debe tener precaución.",4.0,parque,google_maps,Hace un año,Parque Nacional Braulio Carrillo,positiva
"Excelente lugar, pero es un poco frio. Muy importante llevar abrigo. Mucha vegetacion, fauna, miradores. Hay muy pocos lugares para estacionarse o parquearse, y a esto hay que sumarle el hecho de que pasan muchos furgones y buses.",5.0,parque,google_maps,Hace 8 años,Parque Nacional Braulio Carrillo,positiva
Un lugar genial para caminar y ver la jungla tropical de verdad.,5.0,parque,google_maps,Hace 9 años,Parque Nacional Braulio Carrillo,positiva
Muy lindo y con mucho aire puro.,5.0,parque,google_maps,Hace 3 años,Parque Nacional Braulio Carrillo,positiva
"Verde intenso y exuberante, dudo que haya muchos lugares en nuestro planeta como este.",5.0,parque,google_maps,Hace 2 años,Parque Nacional Braulio Carrillo,positiva
"El Parque Nacional Braulio Carrillo es uno de los lugares más impresionantes y menos conocidos de Costa Rica. La selva aquí es densa, húmeda y viva —una auténtica sinfonía de niebla, agua y vida silvestre. Los senderos te hacen sentir en medio de un bosque ancestral, donde cada paso huele a tierra y a lluvia.",5.0,parque,google_maps,Hace 8 meses,Parque Nacional Braulio Carrillo,positiva
"La carretera no está demarcada la pintura no se ve bien,las señales de tránsito son erróneas o inecsistrntes, no hay seguridad ,no hay luz , no tienen áreas de descanso, no hay baños públicos,no tienen señal de celular ,no tienen señal de internet. No hay peecensia policial en el parque y en la ruta 32",1.0,parque,google_maps,Hace 7 años,Parque Nacional Braulio Carrillo,negativa
"Muy buen lugar para ir a turistiar. Bellos paisajes, flora y fauna.",5.0,parque,google_maps,Hace 7 años,Parque Nacional Braulio Carrillo,positiva
"Este Parque Nacional tiene únicamente dos senderos muy cortos que bien se pueden recorrer en una hora, 30 minutos: Las Palmas, con un poquito de desnivel y bajo grado de dificultad, y El Ceibo (cruzando la calle), que prácticamente es accesible para cualquiera y tiene un mirador del Río Sucio. Ambos muestran un buen mantenimiento, y permiten admirar el bosque, algunas especies de hongos y aves. Lo que si hay que tener mucho cuidado es con el tema del acceso, viajando en el sentido San José-Limón no existe ningún inconveniente porque va con vía (la entrada está a mano derecha). El problema es si se viaja en el otro sentido, Limón-San José, porque existe doble línea amarilla y no hay ninguna especie de ""isla"" o espacio que permita realizar el giro de manera segura. Así que, si viaja en ese sentido, tenga mucho cuidado, es un poco peligroso.",5.0,parque,google_maps,Hace un año,Parque Nacional Braulio Carrillo,positiva
"Una de las zonas protegidas mas grande que se puede transitar por autopista, de los lugares más lindos e impresionantes del país.",5.0,parque,google_maps,Hace 2 años,Parque Nacional Braulio Carrillo,positiva
Bellísimo este lugar para disfrutar de la naturaleza!!!,5.0,parque,google_maps,Hace 5 años,Parque Nacional Braulio Carrillo,positiva
"Lindo paisaje, para poder apreciar la naturaleza",5.0,parque,google_maps,Hace 7 años,Parque Nacional Braulio Carrillo,positiva
"De los más bonitos que he visitado, dificultad de los senderos es como para principiantes intermedios, pero super bonitos. Muy cuidado y lo conservan super bien, se ven muchas especies de flora y fauna, los senderos son con sombra de los árboles. Precioso",5.0,parque,google_maps,Hace un año,Parque Nacional Braulio Carrillo,positiva
Un lugar muy bonito para visitar mucho frío hay que llevar suelta,4.0,parque,google_maps,Hace 7 años,Parque Nacional Braulio Carrillo,positiva
"Es bonito , un poquito sucio pero tiene muchos espacios verdes , árboles bonitos y mucho sitio para caminar !! Solo me gustaría que recogieran más la basura para que se viera muy limpio :) tiene seguridad , en una parte al lado está un museo gratuito y tiene servicio de baños con costo",4.0,parque,google_maps,Hace un mes,Parque Metropolitano La Sabana,positiva
"Me encantó ir a caminar a este parque, muy tranquilo, limpio y con hermosas vistas.",5.0,parque,google_maps,Hace un mes,Parque Metropolitano La Sabana,positiva
"Un lugar para hacer deportes y disfrutar con amigos o familia. Lo encontré muy limpio, con remuneraciones recientes y cancha y pista en excelente estado. Hay puestos que venden alimentos y bebidas. Hay una zona de parqueo.",5.0,parque,google_maps,Hace un mes,Parque Metropolitano La Sabana,positiva
"Un buen lugar para pasar un momento tranquilo (o en família), disfrutar de la naturaleza y actividades recreativas en sus diferentes lugares enfocados a deportes. Me parece un lugar que vale la pena visitar tanto para los habitantes de la zona como turistas. Solía haber un lago grande, aunque está seco por falta de mantenimiento. El lado bueno es que la zona del lago ahora está llena de flores y algunas especies de aves",4.0,parque,google_maps,Hace 9 meses,Parque Metropolitano La Sabana,positiva
"Bonito, limpio ,agradable siempre una excelente opción para hacer deporte o salir a respirar aire puro. Muy bien cuidado y limpio",5.0,parque,google_maps,Hace 3 meses,Parque Metropolitano La Sabana,positiva
"Es el ""pulmón metropolitano"" de San José, Costa Rica. Ideal para eventos públicos y gratuitos.",5.0,parque,google_maps,Hace 3 meses,Parque Metropolitano La Sabana,positiva
"El Parque Metropolitano La Sabana es, sin duda, uno de los lugares más emblemáticos y agradables de Costa Rica para disfrutar al aire libre. Desde el momento en que uno llega, se siente un ambiente muy relajado y lleno de vida, donde personas de todas las edades llegan a ejercitarse, compartir en familia, pasear mascotas o simplemente desconectarse un rato del ritmo acelerado de la ciudad. Lo que más llama la atención es lo amplio y versátil que es el parque. Cuenta con grandes zonas verdes, senderos para caminar o correr, canchas deportivas y espacios donde constantemente se ven personas entrenando o realizando actividades recreativas. A pesar de estar ubicado en medio de una zona urbana bastante transitada, el parque logra transmitir una sensación de tranquilidad y contacto con la naturaleza que realmente se agradece. Además, el lugar suele mantenerse bastante limpio y ordenado, y se nota el esfuerzo por conservarlo en buenas condiciones para el disfrute de todos los visitantes. También es un excelente sitio para despejar la mente, hacer ejercicio o pasar una tarde agradable viendo el atardecer. Otro aspecto muy positivo es la variedad de personas y actividades que se encuentran, lo que le da mucha vida y energía al lugar. Definitivamente, La Sabana es un espacio muy valioso para San José y uno de esos lugares a los que siempre dan ganas de regresar, ya sea para relajarse, hacer deporte o simplemente disfrutar del ambiente.",5.0,parque,google_maps,Hace 2 meses,Parque Metropolitano La Sabana,positiva
"Está bien padrísimo para pasar la tarde a un fin de semana, hay canchas de varios deportes y áreas verdes… se supone que hay un lago pero estaba seco. Pero en general muy bien cuidado el parque y buen ambiente familiar",4.0,parque,google_maps,Hace 10 meses,Parque Metropolitano La Sabana,positiva
Un lugar muy hermoso para pasar con la familia. Solo toco dar mantenimiento a los juegos para niños.,5.0,parque,google_maps,Hace 6 meses,Parque Metropolitano La Sabana,positiva
"Muy bello e icónico parque de San José, Costa Rica. Lugar recomendado para caminatas, bicicleta, correr , etc. Multi deportes. Bello pulmón de la capital costarricense.",5.0,parque,google_maps,Hace 9 meses,Parque Metropolitano La Sabana,positiva
"Demasiado lindo limpio, seguro y familiar",5.0,parque,google_maps,Hace un mes,Parque Metropolitano La Sabana,positiva
"Seas de Tiquicia o de afuera, visitalo con confianza, lugar seguro y ameno pasarás un buen rato.",5.0,parque,google_maps,Hace 6 meses,Parque Metropolitano La Sabana,positiva
La actividad del FIA 2026 estuvo maravilloso. Áreas limpias y se sintió bastantes seguro durante la mañana y tarde,5.0,parque,google_maps,Hace 4 meses,Parque Metropolitano La Sabana,positiva
"Muy lindo parque, amplio, canchas de football, cerca del estadio, ciclo vía, caminata, verde, muy verde. Nice prk, huge, sociedad fieles, bien rotes, runing, near stadium, green views, real y green.",5.0,parque,google_maps,Hace 9 meses,Parque Metropolitano La Sabana,positiva
"La Sabana Metropolitan Park es, en mi opinión, el mejor parque de San José. Un verdadero oasis dentro de la ciudad. Muy amplio, agradable y lleno de vida, ideal para caminar, correr, hacer deporte o simplemente desconectar un rato del ritmo urbano. Se agradece muchísimo contar con un espacio verde así en medio de una ciudad tan intensa.",5.0,parque,google_maps,Hace 2 meses,Parque Metropolitano La Sabana,positiva
Es un lugar muy lindo y con una vista espectacular Sitio recomendado y la comida muy buena,5.0,parque,google_maps,Hace 6 meses,Parque Metropolitano La Sabana,positiva
"Precioso! Super instagrameable!!! Tranquilidad, paz, podés pasear a tus mascotas (siempre con cuidados con los desechos), super lindo!!! Precioso! Super instagrameable!!! Tranquilidad, paz, podés pasear a tus mascotas (siempre con cuidados con los desechos), super lindo!!! Precioso! Super instagrameable!!! Tranquilidad, paz, podés pasear a tus mascotas (siempre con cuidados con los desechos), super lindo!!! Precioso! Super instagrameable!!! Tranquilidad, paz, podés pasear a tus mascotas (siempre con cuidados con los desechos), super lindo!!! Precioso! Super instagrameable!!! Tranquilidad, paz, podés pasear a tus mascotas (siempre con cuidados con los desechos), super lindo!!!",5.0,parque,google_maps,Hace 6 meses,Parque Metropolitano La Sabana,positiva
"Un gran lugar para ir a caminar, correr e incluso patinar, ya que cuenta con áreas especiales para hacerlo de manera segura y sin estorbar a las demás personas. Además cuenta con canchas para practicar diferentes deportes y espacios para sentarse a disfrutar. Al lado está el estadio de La Roja, el Museo de Arte Costarricense y otros espacios dignos de admirar. Tristemente está un poco descuidado, le falta iluminación y los lagos no cuentan ya con agua.",4.0,parque,google_maps,Hace 3 años,Parque Metropolitano La Sabana,positiva
"Enorme y hermosa vista tiene este gran parque. Agradable para ir a caminar, hacer algo de ejercicio o convivir con familiares y amigos.",5.0,parque,google_maps,Hace un año,Parque Metropolitano La Sabana,positiva
"Siempre que voy disfruto mi estadía, hay temas de limpieza y cuido del mobiliario urbano o inclusive algunas obras de arte que se entiende no pueden tenerlo todo en perfecto estado. Pero sería bueno tenerlas lo mejor cuidadas posibles para mejorar la apariencia del parque y que se aprecie tanto el arte natural como el artificial. En general se disfruta de la sabana y de lo que hay en él.",4.0,parque,google_maps,Hace 2 años,Parque Metropolitano La Sabana,positiva
"La sabana es súper linda, realmente la gente quiere estar ahí súper bien! Pasándola bonito sin molestar a nadie! Patinando, bailando, haciendo picnic. Deberíamos utilizarlo más y pedir a la municipalidad o al sector público-privado meterle onda; crear espacios adaptados a los usuarios!",4.0,parque,google_maps,Hace 3 meses,Parque Metropolitano La Sabana,positiva
"Lugar para hacer ejercicio. El automóvil puede dejarlo en la calle. Hay muchos ""cuidacarros"". Utilice protector solar. Ví vigilancia policial. Es un sitio donde hacer ejercicio tranquilo",4.0,parque,google_maps,Hace 2 meses,Parque Metropolitano La Sabana,positiva
"Este parque tiene como 72 hectáreas. El parque es lindo por tantos árboles q te cuidan del sol y el calor y eso es lo q deben preservar en todos lados, el área verde. Ahí encuentras en Museo de arte que dicen q antes fui el aeropuerto de Sabana. Y en el otro lado está el estadio nacional de Costa Rica.",4.0,parque,google_maps,Hace 2 años,Parque Metropolitano La Sabana,positiva
"Es un bonito parque en medio de la ciudad. en una esquina un museo, en la otra un estadio. Tiene servicios de baño, pista apra correr, canchas deportivas. El lago esta seco.",4.0,parque,google_maps,Hace un año,Parque Metropolitano La Sabana,positiva
Parque ideal para entrenar y compartir.,5.0,parque,google_maps,Hace 2 semanas,Parque Metropolitano La Sabana,positiva
"Es un parque bastante grande, cuenta con canchas de fútbol, varios campos para diversos deportes, pista de patinaje 2 áreas de sanitarios bastante espacio para descansar en el suelo ya que no hay pasto (llevar una manta para descansar en piso). Bancas de madera que se utilizan para comer, platicar, descargar; simplemente pasar un rato agradable. Sin embargo, falta más cuidado en el parque, iluminación para aprovechar la inmensidad del parque.",4.0,parque,google_maps,Hace 9 años,Parque Metropolitano La Sabana,positiva
"Muy bonito Parque bastante grande, para pasar en Familia o hacer un pic-nic con tu pareja. La seguridad es regular, la limpieza casi impecable esta muy cerca del centro de san José a unos 35 minutos caminando el acceso es fácil también hay muchos buses que pasan por el lugar. Lo recomiendo para ir por las tardes.",4.0,parque,google_maps,Hace 7 años,Parque Metropolitano La Sabana,positiva
"El parque está bonito, grande, espacio para múltiples deportes, apto para ir con niños, adultos, con toda la familia. La comida callejera de costumbre para el que le guste, caballos, inflables, etc. Rico para hacer deporte, caminar, trotar, tomar el sol. Para un país en vías de desarrollo y con el nivel de educación, la verdad está limpio.",5.0,parque,google_maps,Hace 7 años,Parque Metropolitano La Sabana,positiva
"Un lugar agradable tanto para ejercicios, paseos y practicar deportes",5.0,parque,google_maps,Hace un año,Parque Metropolitano La Sabana,positiva
"Muy bonito parque para pasar un día en familia o amigos, perfecto para practicar multitud de deportes",5.0,parque,google_maps,Hace un año,Parque Metropolitano La Sabana,positiva
"Parque para disfrutar al aire libre, hay seguridad policial, pero es mejor tener cuidado. Es importante cuidar estos micro ecosistemas por que resultan muy bueno para las poblaciones urbanas de aves, y también para aves migratorias.",5.0,parque,google_maps,Hace 2 años,Parque Metropolitano La Sabana,positiva
"Un lugar para pasar el rato. Si lo tuyo es correr es bueno el lugar. Le falta un poco de cuidado pero está tranquilo y bonito. Cuenta con un estadio, pista para correr , ademas hay unos huesos de ballena para tomarse foto y areas verdes bonitas.",4.0,parque,google_maps,Hace 3 años,Parque Metropolitano La Sabana,positiva
"Un lugar donde se respira paz y un ambiente familiar (La mayoría de veces). Excelente para acampar al aire libre, un día de picnic, hacer deportes, o simplemente perderse una tarde solo o en familia. Uno de mis lugares favoritos en toda Costa Rica. Entrada gratis, es muy seguro, y si no andas mucho presupuesto no es un inconveniente, ya que con 5$ por persona alcanza para un pincho y para un copo. Puntos negativos. Si llueve te mojaras, muy pocos lugares donde acampar. No se recomienda visitarlo después de las 6 p.m. se empieza a tornar peligroso.",5.0,parque,google_maps,Hace 2 años,Parque Metropolitano La Sabana,positiva
"Lugar muy bonito para ir a compartir y comer algo , yo llevé a mi mascota y la pasamos muy bien (pura vida )",5.0,parque,google_maps,Hace un año,Parque Metropolitano La Sabana,positiva
"Me decepcionó no encontrar el lago, según me informaron se secó. En general el parque está bonito y el estadio también. Me pareció mal que solamente hubiera una caseta de baños abierta, porque todas las demás que hay en el parque están cerradas. Que tristeza",3.0,parque,google_maps,Hace un año,Parque Metropolitano La Sabana,neutral
"Parque ideal para dar un paseo o practicar deporte al aire libre en plena capital, para correr tiene recorridos marcados de 2 km, la vuelta al lago es de 1 km), tambien posee pista de soccer y de rugby. El único inconveniente es que cuando oscurece no tiene ninguna luz y se hace bastante de noche",4.0,parque,google_maps,Hace un año,Parque Metropolitano La Sabana,positiva
"Un parque grande, encantador. A pasado por varias fases. Amé el parque de los 90's y 2000. Con aquella gran cantidad de árboles de ciprés. Hoy en día la sabana vuelve con sus retoños de árboles. Hay canchas de tenis, pista de patinaje y de velocidad. Cosas que antes no habían. Una por otra. Espero que la sabana resurja en toda su belleza de los 90's nuevamente. Va bien.",5.0,parque,google_maps,Hace un año,Parque Metropolitano La Sabana,positiva
"Es un lugar muy bonito, diseñado para atletas, pero también para el esparcimiento del público en general. Cuenta con indicadores de distancia recorrida en kilómetros, para aquellos que optan por distancias específicas. Hay abundan vegetación, y la pequeña laguna es también muy bonita.",5.0,parque,google_maps,Hace 6 años,Parque Metropolitano La Sabana,positiva
Bonito parque. Completa en cuanto a canchas o espacios de distracción. Lástima esta abandonado.. No sirven o funcionan baños.. Solo uno y cobran y no esta muy óptimo..... Si le hicieran cariñito.. Los encargados seria uno de los mejores..,3.0,parque,google_maps,Hace 11 meses,Parque Metropolitano La Sabana,neutral
"Hay seguridad gracias a las diferentes rondas de la policía. Mal que hayan quitado algunas fuentes de agua que estaban a disposición de la gente. Algunos vamos sin previsión y no hay opciones. Igual de mal que a partir de ciertas horas no hay manera de utilizar un servicio sanitario, porque a pesar de que cobran por ello, no dan el servicio siempre.",3.0,parque,google_maps,Hace 7 años,Parque Metropolitano La Sabana,neutral
"La Sabana es un lugar ideal para hacer ejercicio y disfrutar de la naturaleza. Los fines de semana puedes ver a muchas familias disfrutando de un día con juegos y comida. Es un lugar seguro y hermoso, un pedacito de naturaleza en la cuidad.",5.0,parque,google_maps,Hace 4 años,Parque Metropolitano La Sabana,positiva
Un excelente y bello lugar para pasar el rato entre naturaleza y brisa suave.,5.0,parque,google_maps,Hace un año,Parque Metropolitano La Sabana,positiva
"Buen espacio para hzcer deporte, recrearse, compartir o simplemente meditar.",5.0,parque,google_maps,Hace un año,Parque Metropolitano La Sabana,positiva
Muy limpio. La mayoría de las personas colaboran con depositar la basura en su lugar. El área de parqueo (no muy grande) pero seguro y cerca de las áreas . Muy cómodo para efectuar eventos deportivos,5.0,parque,google_maps,Hace 3 años,Parque Metropolitano La Sabana,positiva
"Las fotos son de Junio 2022. Un parque bastante grande y limio con muchas canchas y con el estadio nacional dentro del parque. Yo fui el año pasado unas tres veces y habia y un lago (dicen que ahora esta seco), lo pueden ver en una de las fotos. Muy lindo.",5.0,parque,google_maps,Hace 3 años,Parque Metropolitano La Sabana,positiva
"Excelente lugar es el parque urbano más visitado, muy completo con sus actividades deportivas y culturales; abierto todos los días, las 24 horas . Es muy completo ahí puedes hacer ejercicios, llevar a los niños a la diversión, y hasta hacer un delicioso picnic con la familia y amigos . También cuenta con un interesante museo en sus adyacencias, un clima espectacular y está al lado del stadium de fútbol... se los recomiendo ampliamente.",5.0,parque,google_maps,Hace 6 años,Parque Metropolitano La Sabana,positiva
"Solo hay luz natural y se hace muy peligroso a partir de las 6:00pm de la tarde. Entonces no se puede disfrutar de este maravilloso lugar en la noche. Cuando llueve, no hay muchos lugares para refugiarse de la lluvia. Es un lugar hermoso.",4.0,parque,google_maps,Hace 7 años,Parque Metropolitano La Sabana,positiva
En el FIA lo ví muy bonito. Los baños si están bastante sucios y no recomiendo estar muy tarde ahí porque hay poca iluminación,4.0,parque,google_maps,Hace 4 meses,Parque Metropolitano La Sabana,positiva
Tiene dos senderos uno de 500m que sería un 1km Ida y vuelta y un camino de 4km de distancia 2 de ida y 2de venida. El lugar es perfecto para cominar en un bosque de altura. Ya que está a 3000m se recomienda ir en silencio y con mucha calma y así se pueden ver algunos animales. Te recomiendo el vídeo de reseña que hice de este lugar en mi canal Daventura en Youtube,3.0,parque,google_maps,Hace 3 meses,Parque Nacional Los Quetzales,neutral
"El parque ofrece dos senderos. Tomamos el de 4 km, ida y vuelta por el mismo camino. Partimos cerca de las 8:30 h y pudimos ver muchas aves y algunas huellas de Danta. Recomiendo ir con bototos o zapatos que no importe meter en el barro. También es bueno llevar una chaqueta impermeable por el frio y la lluvia, además de binoculares si es que los tienen. Adicionalmente, dos aspectos llamaron nuestra atención. En primer lugar, la escasa información introductoria entregada por la persona que recibe a los visitantes, más allá de solicitar el boleto e indicar la existencia de dos senderos. En segundo lugar, al regreso, nos sorprendió la insistencia de una guardaparque por ponernos en contacto con un guía local para observar quetzales en este u otros sitios. Hubiera sido deseable que ese mismo entusiasmo se manifestara al inicio del recorrido y como parte de su labor como guardaparque.",3.0,parque,google_maps,Hace 4 meses,Parque Nacional Los Quetzales,neutral
"Parque enfocado en el ecoturismo como el avistamiento de aves y senderismo. El Parque tiene dos senderos, uno es cementado muy corto de unos 480mts y el sendero Ojo de Agua qué es de tierra de unos 2km y se recorre en 50min o 1hr dependiendo de la condición física. El lugar tiene amplio parqueo y servicios sanitarios, también cerca del parque hay una calle de lastre qué comunica con el pueblo de Providencia.",4.0,parque,google_maps,Hace 4 meses,Parque Nacional Los Quetzales,positiva
"La parte que se puede explorar del parque es bastante pequeña, solo hay dos senderos. El más nuevo, y corto, está completamente pavimentados y es una caminata sencilla, con algunas secciones de escalones. Es una buena opción para estar rodeado de la naturaleza típica de esta área por un rato y relajarse. Lo recomiendo como una atracción de paso si va a visitar algún restaurante u otra atracción de esta zona.",4.0,parque,google_maps,Hace 6 meses,Parque Nacional Los Quetzales,positiva
"Tiene un buen sendero para caminar, llevar zapatos para ensuciar, depende de la hora se puede apreciar fauna. Los senderos no son accesibles",5.0,parque,google_maps,Hace 5 meses,Parque Nacional Los Quetzales,positiva
"Un lugar hermoso para los amantes de la naturaleza y el frío. Es un solo sendero, se recorre fácilmente en 30 minutos o menos",5.0,parque,google_maps,Hace 6 meses,Parque Nacional Los Quetzales,positiva
"Un lugar hermoso, hay gran variedad de hongos",5.0,parque,google_maps,Hace 2 meses,Parque Nacional Los Quetzales,positiva
"En realidad si hay mucha naturaleza, un silencio impresionante, pero las personas que pueden observar los quetzales son aquellas que tienen instrumentos apropiados para eso, el día de ayer fuimos mi novio y yo y sinceramente el segundo sendero es un charral completo y lo único que tiene de atractivo son dos árboles majestuosos que al parecer son centenarios que están metidos como a los lados de ese camino. Los que deseen ir deben de ir con botas, solamente con botas porque a ese segundo sendero no le han dado el mantenimiento respectivo y está con barro por todo lado. No hay mesas para comer, solamente unas bancas que están en el primer sendero y listo. Muy lamentable que un gobierno no pueda invertir en lugares como estos, y que lugares privados tengan más atractivo y cuido que un parque nacional, debería ser al revés, porque son zonas protegidas.",3.0,parque,google_maps,Hace 9 meses,Parque Nacional Los Quetzales,neutral
"Tiene dos senderos el de 500mts es asfaltado y mientras caminas se disfruta del sonido de la naturaleza, al final hay unas bancas en donde se puede estar todo el tiempo que quiera me encantó",5.0,parque,google_maps,Hace un año,Parque Nacional Los Quetzales,positiva
"El precio de la entrada es súper barato, y el recorrido es corto, pero el sendero de lastre es más largo y un poco retador, pero es un sector lindo y una buena recomendación para ir y conocer hay varios lugares más cercanos donde explorar.",5.0,parque,google_maps,Hace 3 años,Parque Nacional Los Quetzales,positiva
"Ideal para hacer senderismo, excelentes vistas y aire muy fresco. Han hecho una gran inversión en el sendero de arriba (800mts) incluyendo rampas metálicas y aceras en las partes más irregulares del camino. El sendero Ojo de Agua (2km) es más natural ya que todo es por tierra y hierbas.",5.0,parque,google_maps,Hace 6 años,Parque Nacional Los Quetzales,positiva
"El sendero principal (cemento) es muy sencillo, se pueden ver y escuchar varias aves; el otro sendero (tierra) es un poco más exigente, tiene el atractivo del árbol hueco que es un punto llamativo para un recuerdo en foto. Sin embargo, este sendero llega a un punto muerto donde la única opción es regresar. En este sendero también se pueden observar diferentes aves.",5.0,parque,google_maps,Hace un año,Parque Nacional Los Quetzales,positiva
"Es un lugar de muy fácil acceso para cualquier vehículo e ideal para compartir en familia. Hay dos senderos, uno de 500 metros muy accesible para niños y personas adultas mayores, el otro es de 2 kilómetros aproximadamente y por el tipo de clima en la zona hay zonas con mucho barro, los quetzales se ven en los primeros meses del año.",5.0,parque,google_maps,Hace 5 años,Parque Nacional Los Quetzales,positiva
"El lugar es súper lindo, tiene dos senderos uno de 500 mts y el otro de 2 kms, tiene paisajes demasiado bellos y muy buenos spots para fotos, cuando fuimos casi no había turistas entonces nos tocó un recorrido muy agradable.",5.0,parque,google_maps,Hace 3 años,Parque Nacional Los Quetzales,positiva
"Un lugar tranquilo y muy frío, tiene 2 senderos de fácil a moderado acceso, aunque ninguno apto para personas con problemas de movilidad",4.0,parque,google_maps,Hace un año,Parque Nacional Los Quetzales,positiva
"Es bastante lindo, aunque lo habilitado al público son solamente 2 senderos uno de dos kilómetros y otro de 500metros, en el lugar de momento no aceptan tarjetas ni efectivo se puede depositar a una cuenta pero no especifican un monto. Clima frío, ideal subir con buen abrigo y capa",4.0,parque,google_maps,Hace 6 años,Parque Nacional Los Quetzales,positiva
"Los senderos se encuentran en buen estado, son caminatas sencillas, sin embargo la rotulacion es nula, no se ofrece ningún tipo de guía para el avistamiento de quetzal. Los baños se encontraban limpios.",3.0,parque,google_maps,Hace 2 años,Parque Nacional Los Quetzales,neutral
"Si desea rodearse de naturaleza, este es el lugar ideal. Se puede ver muchas especies de aves y existen muchos sitios donde los aficionados y profesionales los pueden fotografiar. También, es una zona muy fría y lluviosa. Muchos hoteles y posadas donde se pueden hospedar. Definitivamente, es uno de mis sitios favoritos.",5.0,parque,google_maps,Hace 6 años,Parque Nacional Los Quetzales,positiva
"El lugar es bonito, pero la verdad no hay mucho que ver si no vas en la temporada correcta, además la persona que estaba el día que yo fui, no tenía ni idea de ningún detalle sobre el parque tampoco tenía ningún tipo de mapa.",2.0,parque,google_maps,Hace 3 meses,Parque Nacional Los Quetzales,negativa
"Es un lugar lindo, pero aún están construyendo los senderos. El sendero disponible es de 2km. Vale la pena hacerlo si se está cerca. Logramos divisar varias especies de aves incluyendo pavos negros y carpinteros. Para ver quetzales fuimos a San Gerardo de Dota.",3.0,parque,google_maps,Hace 8 años,Parque Nacional Los Quetzales,neutral
"Es uno de los parque con una altura de 3019 metros. Llegamos un poco tarde, y tuvimos que hacer el recorrido a una buena marcha, un sendero de 1,5 kilómetros, y otro de aproximado de unos 5 kilómetros. Como ruta senderista está bien de hacer, pero no tuvimos mucha suerte, a la hora de ver aves, tan solo vimos una paloma torcaz, y escuchar el canto de algun pajaro. Los guardaparques están en la entrada, y en el sendero mas grande, nos encontramos a otro guarda, que nos pedía las entradas al parque. En la entrada donde se compran las entradas, hay baños.",4.0,parque,google_maps,Hace 4 años,Parque Nacional Los Quetzales,positiva
"Caminamos por un sendero muy bonito, bastante corto, es muy amigable para adultos mayores y niños pequeños. Es una zona muy frío.",5.0,parque,google_maps,Hace un año,Parque Nacional Los Quetzales,positiva
"Hermosos lugar, dos senderos uno de 500 mts muy bello y sementado, otro de de 2,5 km muy amplio y poco profundo en el bosque. Vale la pena la altura y el frio, de ahi en adelante no hay mucho q ver.",5.0,parque,google_maps,Hace 4 años,Parque Nacional Los Quetzales,positiva
"Ir con tiempo para hacer los 5 kms de sendero, tienen dos: un sendero de 500 metros que tiene sendero y el otro de 2 kms aproximadamente de sendero natural. La distancia es solamente de ida. La entrada es accesible, precio barato, preferiblemente pago con tarjeta, no efectivo.",5.0,parque,google_maps,Hace 3 años,Parque Nacional Los Quetzales,positiva
Hermoso Lugar . Usar ropa cómoda y zapatos adecuados especialmente si hay lluvia. Para llegar al río hay que manejar aun mas siguiendo el camino lateral de la entrada principal al parque .,5.0,parque,google_maps,Hace un año,Parque Nacional Los Quetzales,positiva
"Los senderos son accesibles y con hermosas vistas, No se aprecian Quetzales en ninguna época del año.",3.0,parque,google_maps,Hace 3 meses,Parque Nacional Los Quetzales,neutral
"Lugar hermoso, tranquilo y silencioso… Lo más importante sin mucha afluencia de visitantes, ideal para recargar baterías. En cuanto a las instalaciones del parque creo que pueden ser un poco más cómodas, pero cumplen su función. Recomendación para los que no conocen el clima, que es cambiante, lluvioso y frío: 1. Abrigos y ojalá impermeables 2. Capas o ponchos por una eventualidad 3. Zapatos cómodos, cerrados y preferiblemente impermeables 4. Ropa y zapatos de cambio por eventualidad 5. Lo más importante disposición a caminar y de disfrutar; sin importar el clima que este haciendo.",4.0,parque,google_maps,Hace 7 meses,Parque Nacional Los Quetzales,positiva
"La caminata es tranquila, una de 4 kilómetros y otra de 500 mts.",4.0,parque,google_maps,Hace 11 meses,Parque Nacional Los Quetzales,positiva
"Muy limpio, tiene un espacio para niños que siempre veo muy lleno, tiene un skate park. Lo decoraron muy lindo para esta navidad. He notado muchos indigentes.",5.0,parque,google_maps,Hace 7 meses,Parque Central Abraham Lincoln,positiva
"Es un lugar agradable para pasar un rato en las mañanas o tardes, hay algunos juegos para los niños como toboganes, hay máquinas de ejercicios y es un punto muy céntrico, hay quien compra una pizza con sus amigos y se van y la comen sentados en la plaza. Hay conexión a internet pero sirve más que nada es para revisar redes sociales, pero está bien. También es buen lugar para pasear a tu mascota. No es demasiado grande pero no está mal",4.0,parque,google_maps,Hace 3 años,Parque Central Abraham Lincoln,positiva
"Parque muy amplio ubicado en el centro de Moravia, amenudo se puede observar a la policía municipal por la zona, a su lado hay una iglesia católica llamada San Vicente de Ferrer, el parque cuenta con un quiosco, una zona de máquinas de ejercicio e instalaciónes para que los niños jueguen y se diviertan (incluso hay unos pequeños trampolines), y un parque de skate, a los laterales y cerca de la zona se pueden encontrar bancos, paradas de autobuses, supermercados, tiendas, sucursales como Gollo y Monge, gasolinera, ferreterías, peluquerías, la escuela Porfirio Brenes Castro, municipalidad, en este además parque de vez en cuando se realizan ciertas actividades como ferias, también es parte de los trayectos de los desfiles del 15 de septiembre. Como extra a no más de 2 kilómetros se encuentra el centro comercial Plaza Lincoln. Very large park located in the center of Moravia, you can often see the municipal police in the area, next to it there is a Catholic church called San Vicente de Ferrer, the park has a kiosk, an area with exercise machines and facilities for children to play and have fun (there are even some small trampolines), and a skate park, on the sides and near the area you can find banks, bus stops, supermarkets, shops, branches such as Gollo and Monge, gas station , hardware stores, hairdressers, the Porfirio Brenes Castro school, municipality, in this park also from time to time certain activities such as fairs are carried out, it is also part of the routes of the parades on September 15. As an extra, no more than 2 kilometers away is the Plaza Lincoln shopping center. (Translated with Google translate)",5.0,parque,google_maps,Hace 3 años,Parque Central Abraham Lincoln,positiva
Localizado en el corazón de Moravia se encuentra este parque. Anexo está la iglesia católica de Moravia. Ha cambiado mucho en el último año ya que cuenta con un área de juegos para niños y también con una para patinetas. Los domingos se encuentra un señor que ha venido organizados por 40 años. Es un lugar bonito para reposar un rato.,5.0,parque,google_maps,Hace 7 años,Parque Central Abraham Lincoln,positiva
"Muy bonito, y con espacios para realizar diferentes tipos de actividades.",4.0,parque,google_maps,Hace 3 meses,Parque Central Abraham Lincoln,positiva
"De mi parte buen servicio, y el pollo siempre que compro está fresco",5.0,parque,google_maps,Hace un mes,Parque Central Abraham Lincoln,positiva
La Cruz Roja estuvo haciendo pintacaritas y juegos tradicionales en la tarde! Muy bonito todo,5.0,parque,google_maps,Hace 6 años,Parque Central Abraham Lincoln,positiva
"No lo se me parece falso o no verdadero por su manera de caminar , vestir hablar y muchas cosas más",2.0,parque,google_maps,Hace 6 años,Parque Central Abraham Lincoln,negativa
"El Parque es muy bonito, con muchos juegos y máquinas de ejercicios, además de los árboles. Tienes muchas razones para visitarlo, compartir en familia, hacer ejercicio, ir a descansar o a leer un libro, cualquiera sea la razón, se pasaras un buen tiempo en este lindo parque. Es muy bueno que el gobierno local se interesa en mantener limpio y con nuevas actividades este parque. Unido a esto esta que cuenta con colección a Internet gratuita.",4.0,parque,google_maps,Hace 10 meses,Parque Central Abraham Lincoln,positiva
"Un parque limpio y bien cuidado en el centro de Moravia, ideal para descansar, caminar o llevar a los niños. Tiene zonas verdes, bancas, juegos y acceso a cafeterías cercanas. Ambiente seguro y familiar.",4.0,parque,google_maps,Hace un año,Parque Central Abraham Lincoln,positiva
muy limpio y la. gente muy amable,5.0,parque,google_maps,Hace un mes,Parque Central Abraham Lincoln,positiva
Un parque público muy apto para ir en familia. Se encuentran juegos dentro de él. Es muy seguro tanto de día como de noche. Muy buen aseado.,5.0,parque,google_maps,Hace 8 años,Parque Central Abraham Lincoln,positiva
"No es tan bonito como podría esperarse, hay barras para hacer ejercicio.",5.0,parque,google_maps,Hace 6 meses,Parque Central Abraham Lincoln,positiva
"Buen ambiente, ideal oara niños, adultos y adultos mayores e incluso mascotas",5.0,parque,google_maps,Hace 2 años,Parque Central Abraham Lincoln,positiva
Excelente lugar bonito y tranquilo para pasar con niños.,5.0,parque,google_maps,Hace 2 años,Parque Central Abraham Lincoln,positiva
"Es muy amplio con varias zonas verdes, las áreas estan divididas y es bonito para venir con los hijos",4.0,parque,google_maps,Hace 7 años,Parque Central Abraham Lincoln,positiva
"Me encanta el lugar, siempre en constante mejora. Cuenta con diferentes amenidades para el disfrute de todas las edades. Además de sus canchas multiuso. Quedando en una excelente ubicación junto a la escuela.",5.0,parque,google_maps,Hace un año,Parque Central Abraham Lincoln,positiva
"Lindo lugar ,los chiquillas no se aburren deberían aver más parques asi,buen ambiente",5.0,parque,google_maps,Hace 3 años,Parque Central Abraham Lincoln,positiva
"Excelente lugar para pasar el rato, leer un libro, etc. Lo mantienen en muy buen estado.",5.0,parque,google_maps,Hace 6 años,Parque Central Abraham Lincoln,positiva
El parque es el eje de esta zona que tiempo atrás fue un pueblo alejado de San José. Es un bonito lugar que vale la pena conocer.,4.0,parque,google_maps,Hace 8 años,Parque Central Abraham Lincoln,positiva
"El parque se ve muy cuidado y lo han mantenido bastante bien. Han sido unos meses desde que fui la última vez. Me senté y pasé un rato. Aún tienen wachis en la zona, y no algo como epark. Fuera de eso esta bastante bien",4.0,parque,google_maps,Hace un año,Parque Central Abraham Lincoln,positiva
Bellisimo para disfrutar con los niños... Y con WiFi gratis por un rato,5.0,parque,google_maps,Hace 3 años,Parque Central Abraham Lincoln,positiva
"Grande, bonito, cuidado. Tiene parque de patinetas y cancha con mallas",5.0,parque,google_maps,Hace 7 meses,Parque Central Abraham Lincoln,positiva
"El mejor lugar, el alcalde actual realiza actividades constantemente para que siempre aya recreación.",5.0,parque,google_maps,Hace 7 años,Parque Central Abraham Lincoln,positiva
Lo han remodelado y está muy bonito,4.0,parque,google_maps,Hace 7 meses,Parque Central Abraham Lincoln,positiva
"Muy lindo todo, nos tocó una feria navideña muy linda con fuegos pirotécnicos",5.0,parque,google_maps,Hace 6 años,Parque Central Abraham Lincoln,positiva
"Excelente lugar, ambiente, trato, comida deliciosa, casera, precios medio, si que lo valen",5.0,parque,google_maps,Hace 3 años,Parque Central Abraham Lincoln,positiva
Un lugar agradable para disfrutar en familia. El parque cuenta con un área de juegos infantiles para que los más chicos de la casa puedan divertirse de manera sana y segura. Cuenta con un espacio con trampolines para que salten. Para los más grandes un área con máquina de ejercicios. En las noches cuenta con iluminación óptima y amplia cantidad de espacios de descanso.,5.0,parque,google_maps,Hace 6 años,Parque Central Abraham Lincoln,positiva
"Muchos espacios recreativos, exlebge para llevar a los niños y mascotas! Muy seguro!",5.0,parque,google_maps,Hace 8 años,Parque Central Abraham Lincoln,positiva
"El parque ciertamente es tranquilo, pero no hay seguridad y a partir de la tarde , más en las noches el ambiente es peligroso. No hay mucha iluminación. La decoración navideña es muy pobre y no la encienden todos los días",3.0,parque,google_maps,Hace 4 años,Parque Central Abraham Lincoln,neutral
".muy lindo ,y muchos juegos para los niños",5.0,parque,google_maps,Hace 4 años,Parque Central Abraham Lincoln,positiva
Un lugar tranquilo para recreación,4.0,parque,google_maps,Hace 8 años,Parque Central Abraham Lincoln,positiva
"El parque es muy seguro y limpio, sin embargo ya los trampolines se dañaron y no los volvieron a poner o arreglar, en cambio pusieron unas tablas para taparlos.",4.0,parque,google_maps,Hace 3 años,Parque Central Abraham Lincoln,positiva
"Se ve muy tranquilo en horas de la mañana, las zonas verdes son hermosas y en general es un sitio agradable. Cercano a muchos comercios, una iglesia y a la parada de buses hacia san José. Habría que asistir de noche para ver que tan peligroso es o que tal se comportan los usuarios nocturnos.",4.0,parque,google_maps,Hace 8 años,Parque Central Abraham Lincoln,positiva
"Es precioso, lleno de encanto y la Iglesia de fondo, produce un sentimiento hermoso, para soñar, según el ánimo que estemos. Da el sentimiento de estar en un parque de algún pueblo, de los que una visitaba de niña con nuestros padres. Además las áreas son muy amplias hay un lugar especial para juegos de los niños ; muy bellos y para adultos que deseen ejercitarse, se puede correr por su áreas sin problema alguno o simplemente sentarse en dónde lo dese a respirar ese oxígeno limpio y tan refrescante. Hay mucha paz , nadie te perturba , los muchachos que practican en sus patinetas lo hacen en otra área del parque .",5.0,parque,google_maps,Hace 5 años,Parque Central Abraham Lincoln,positiva
"Buen día... excelente el cambio de máquinas las uso a diario en las mañanas... gracias Ayer fui por la tarde y fue desagradable ya que algunas personas las utilizan para quedarse ahí sentadas y no se pueden usar para el fin que están y lo más desagradable fue ver una pareja en banca que está en donde niños saltan ...la señora sentada en piernas de señor y de vez en cuando se jiraba y se entrepierna con fulano y en un puro apriete de besos Será que policía municipal se de una vuelta de vez en cuando por esta área,más que todo fin de semana",5.0,parque,google_maps,Hace 3 años,Parque Central Abraham Lincoln,positiva
Muy limpio y seguro,5.0,parque,google_maps,Hace 9 años,Parque Central Abraham Lincoln,positiva
"En su momento cuando se renovó el área de juegos para niños y se abrió el skatepark el parque de Moravia se veía muy bonito, hoy más de 5 años después se ve bastante mal, toda el área de niños tiene defectos en algún juego, faltan hamacas, nunca se repusieron 2 toboganes, los trampolines son un riesgo debido a su pésimo estado incluso el más grande de todos había perdido varios soportes y prefirieron ponerle una tabla encima qué repararlo, hace poco le quitaron la tabla e hicieron lo que uno llama un ""McGyver"" para medio arreglar el trampolín qué se ve super mal. Muchas de las maquinas de ejercicio tienen algún defecto. Cada año que pasa el parque se ve peor y se nota la ausencia de mantenimiento de la Municipalidad de Moravia.",2.0,parque,google_maps,Hace un año,Parque Central Abraham Lincoln,negativa
"Muy lindo lugar, agradable para pasear con tu familia y pasar la tarde",4.0,parque,google_maps,Hace un año,Parque Central Abraham Lincoln,positiva
"Después de la remodelación del parque en el 2014, quedó muy lindo y divertido para los niños, se nota que la intensión del cambio, fue crear un lugar apto para toda la familia. Por las noches no lo veo tan seguro, pero la iluminación blanca me gustó muchísimo.",4.0,parque,google_maps,Hace 11 años,Parque Central Abraham Lincoln,positiva
"Activado del 2 de enero, día de los muertos",5.0,parque,google_maps,Hace 8 meses,Parque Central Abraham Lincoln,positiva
"Inmenso, muchos juegos de madera para niños, fui con mi nieta. También hay maquinas de ejercicios de buen material para adultos. El parque es muy grande, los árboles y plantas bien cuidados. Para disfrute de la familia varias horas. Hay un Kioskio, y un área para actividades culturales, también espacios para los chicos con patinetas. Si observe una patrulla de policías estuvieron parqueados al sur y luego al este, nunca se bajaron hacer ronda dentro del parque. Siendo tarde- noche.",4.0,parque,google_maps,Hace 3 años,Parque Central Abraham Lincoln,positiva
"Remozado y siempre limpio, es muy seguro, siempre se ven niños, adolescentes con sus familias compartiendo, últimamente he visto más vigilancia, mucho más seguro...",5.0,parque,google_maps,Hace 2 años,Parque Central Abraham Lincoln,positiva
"Excelente lugar para compartir en familia. Hay una amplia cantidad de juegos para niños, además de un sector para patinar. Si se va en vehículo hay parqueos cerca al lado del parque. En cuanto a comida al rededor del parque hay varios restaurantes.",5.0,parque,google_maps,Hace 6 años,Parque Central Abraham Lincoln,positiva
"Muy bonitas las instalaciones, lugar agradable para dar una vuelta, ya sea caminar o hacer compras. Cuenta con bastante diversidad de tiendas, tecnologia, ropa, etc. Buena vista a la ciudad desde el area de comidas. El personal de las tiendas y los de seguridad son muy amables.",5.0,parque,google_maps,Hace 4 años,Parque Central Abraham Lincoln,positiva
"En la zona de Moravia, un parque muy lindo y ordenado, remodelado, mejorado, apto para ambiente familiar. Sin embargo aún hay algunas personas de ambiente tóxico que vienen a estropear todo; los fumadores por ejemplo. Aún quedan cosas por mejorar, sobre todo la seguridad de la gente que viene a pasar el rato. Es más, los fumadores están tomando los parques y intoxicando el buen ambiente, asi que mi caluficación cambió de 5 estrellas a una estrella. Los fumadores son gente enferma, los tóxicos de siempre volvieron para reinstaurar el tabaquismo, cada vez el mundo va peor... pero no podemos hacer nada hasta que no hayan leyes y reglas de verdad.",1.0,parque,google_maps,Hace 2 años,Parque Central Abraham Lincoln,negativa
"El Parque de Diversiones se ha convertido en un moderno parque de atracciones con múltiples y variadas opciones para todos. Tiene buen parqueo, han mejorado bastante el paisajismo y constantemente agregan nuevos juegos. Considero de mucho valor llegar temprano para poder disfrutar de todas las atracciones y poder también descansar y comer con tranquilidad en el transcurso de la visita. También pagar el pase rápido si es posible.",5.0,parque,google_maps,Hace 2 meses,Parque Diversiones,positiva
Bastante bien la experiencia. Tenia años de no ir siento que el ambiente es genial tanto como para adultos como para jovenes y niños. Con la nueva atracción dragonix senti esa emocion que no sentia desde el pulpo sin duda alguna de lo mejor que ha tenido el parque desde los go karts. El tornado siempre esta cerrado mas veces de las que esta abierto asi que pues buena suerte por lo demas las mismas atracciones que ya se conocen Top 3 Disko Sky master Dragonix Como siempre recomendable madrugar y comprar el pase rapido,5.0,parque,google_maps,Hace 5 meses,Parque Diversiones,positiva
"Experiencia de pura vida... 100% la recomiendo. Si buscan disfrutar de todo el parque entonces lleguen en horas tempranas. Recuerden llevar cambio extra de ropa y protección antiagua para los celulares ( Si van a los juegos acuáticos). Dentro del parque se puede consumir, así que entre menos peso lleven mejor si lo que buscan es disfrutar de cada uno de los juegos de atracción.",5.0,parque,google_maps,Hace 6 meses,Parque Diversiones,positiva
"El splash Caribe estaba cerrado. En varios de los juegos no se puede ni siquiera guardar el bulto, lo cual es entendible, pero deberían informarlo desde la entrada o tener más,casilleros porque había demasiada fila en los de la entrada. Me encantaría que hubiera un pase nocturno solamente para adultos. La atracción de los dragones está muy divertida y el área de comidas muy bonita y limpia.",3.0,parque,google_maps,Hace 4 meses,Parque Diversiones,neutral
"Este parque me ha gustado mucho, tiene diversión para niños, jóvenes y adultos, tiene un bello jardín que ebova los cuentos de tío coyeo y tío conejo además de un paseo de duendes y hadas, hay muchos servicios sanitarios en cada sección y diversos tipos de comidas",5.0,parque,google_maps,Hace 3 meses,Parque Diversiones,positiva
Excelente lugar para disfrutar en familia am8gos compañeros se pasa muy bien tambien hay varios restaurantes de comidas y se pueden realizar eventos.,5.0,parque,google_maps,Hace 9 meses,Parque Diversiones,positiva
Un lugar genial otra ir con familia o amigos en lo cual se disfruta todo el día también depende de la temporada la cantidad de gente pero vale la pena visitarlo siempre que andes cerca ojo no es cosa de un ratito sino de un dia para aprovechar todo,4.0,parque,google_maps,Hace 3 meses,Parque Diversiones,positiva
Súper excelente volver luego de muchos años está lindo el lugar,5.0,parque,google_maps,Hace 7 meses,Parque Diversiones,positiva
"Fui entre semana, súper excelente, casi no habían filas, se veía muy ordenado. La verdad fue muy bonito el día",5.0,parque,google_maps,Hace 6 meses,Parque Diversiones,positiva
"Sin duda un lugar para pasar todo el día, tomando en cuenta las fechas encontraras más personas pero sin duda vale la pena, amplio estacionamiento y variedad de juegos. Cuenta con zona para guardas cosas ya que el parque tiene atracciones acuáticas ( las cuales les recomiendo utilizar entrada la tarde cuando ya estén por irse) atracciones para niños y adultos.",5.0,parque,google_maps,Hace 6 meses,Parque Diversiones,positiva
"Parque divertido y muy tradicional en Costa Rica. Tiene buenas atracciones para todas las edades y un ambiente familiar agradable. Algunas filas pueden ser largas y ciertos juegos se sienten antiguos, pero en general es una experiencia entretenida y vale la pena visitarlo.",4.0,parque,google_maps,Hace 5 meses,Parque Diversiones,positiva
"Necesitaba asistencia para cotizar una actividad para un grupo como parte de un reconocimiento otorgado a mi equipo de trabajo. Me comuniqué para solicitar información, brindé mis datos y me indicaron que una persona se pondría en contacto conmigo. Rosita Salas Arias fue la encargada de atender mi solicitud y, desde el primer momento, su trato fue excepcional. Siempre fue amable, atenta y muy cordial, transmitiendo una actitud positiva en cada interacción. Además, respondió todas mis consultas con rapidez, claridad y una excelente disposición para ayudar durante todo el proceso. Gracias a su seguimiento y organización, la coordinación de la actividad fue sencilla, ordenada y libre de contratiempos. Hoy mi equipo pudo disfrutar plenamente de la experiencia, y gran parte de esa tranquilidad se debió al compromiso y la atención al detalle que Rosita demostró en cada etapa. Quiero agradecerle públicamente por su excelente servicio. Si necesita ayuda para coordinar una actividad para grupos, mi experiencia con Rosita fue excelente y no dudaría en recomendarla.",5.0,parque,google_maps,Hace 4 semanas,Parque Diversiones,positiva
"Excelente evento de Año Nuevo Chino. La organización fue muy buena y el ambiente familiar hizo que la experiencia fuera aún más especial. Hubo presentaciones culturales, gastronomía deliciosa y un pequeño mercadito con variedad de artículos tradicionales. Se notó el esfuerzo detrás de cada detalle y la gran asistencia del público demostró lo mucho que se disfruta este tipo de actividades. Sin duda, una celebración que vale la pena repetir.",5.0,parque,google_maps,Hace 5 meses,Parque Diversiones,positiva
"Visitar este parque de diversiones fue una muy divertida experiencia. Tuvimos la fortuna de que un día antes pudimos comprar los pases especiales al 2x1, con acceso a todos los juegos. Las atracciones son buenísimas y se disfrutaron mucho, sobre todo las acuáticas. Todo está muy buen cuidado y en buenas condiciones. El área de comida y snacks tiene muchas opciones, aprovechamos para probar los ""súper mango"" y la verdad es que son ricos. En general es un lugar muy recomendable para disfrutar en pareja, amigos o familia.",5.0,parque,google_maps,Hace un año,Parque Diversiones,positiva
"El día que fuimos era soleado y muy caliente, y a pesar de esto todas las atracciones se agua estaban fuera de servicio después de solo unas pocas horas de estar abiertas. Fuera de eso estaba muy limpio todo el parque y los baños, y hasta le estaban dando mantenimiento a algunas atracciones en vivo. Las líneas de espera fueron relativamente rápidas.",4.0,parque,google_maps,Hace 8 meses,Parque Diversiones,positiva
"Me dejó sorprendida todos los cambios y mejoras que han realizado, tenía ya varios años de no ir, ahora fui con mi hijo y realmente disfruto montones, hay actividades para todas las edades, todo fue muy organizado, no tuvimos que esperar mucho en los juegos, me encanta el montón de opciones que hay por todo el parque de snacks o helados es un mega plus no tener que ir solo a un punto para comprarlos, los carritos de alquiler para transportar a los niños más pequeños Una bonita experiencia para grandes y pequeños",5.0,parque,google_maps,Hace un año,Parque Diversiones,positiva
La comida es cara y tiene mal sabor y es muy poca cantidad x 5000 te dan algo q parece puestesito de mil en las áreas de comida es pésimo el cervisio al cliente filas largas sin salsas las papas en el parque si andas algo haci no fumes o algo te harán botar tus vapes encendedores o cigarros pa q sepan y te revisaran por completo eso solo es aviso no queja,1.0,parque,google_maps,Hace un mes,Parque Diversiones,negativa
Yo fui ahí con mis prima y mi hermano y era una maravilla no entre los los granizados ahí los como las bebidas de hielo y sabores estaban deliciosos y muy fríos también fui a las atracciones es tan potente bellísimo en el cumpleaños de mi hermano voy a ir a ir otra vez y estoy tan emocionada,5.0,parque,google_maps,Hace 2 semanas,Parque Diversiones,positiva
Fui con mis nietos .. lo pasamos increíble,5.0,parque,google_maps,Hace 4 meses,Parque Diversiones,positiva
"Recomendado ir. Es mejor comprar las entradas en la página, así se horran tiempo. En la entrada se pasa por un detector y te revisan el bolso. Estar atentos al reglamento para saber qué se puede llevar y qué no. Se puede llevar comida en recipientes plásticos, cosas para picar, botella de agua o de fresco. Llevar bloqueador o gorro porque hace mucho sol. Se pueden alquilar lockers o casilleros por cuatro mil colones(grande) o dos mil colones (pequeño). Si van a subirse a los juegos de agua, es mejor llevar alguna otra mudada o ropa para cambiarse. El precio del pase especial salió cómodo, estaba en promoción. Para subir a los juegos hay que hacer fila, en casi todas son largas. Solo si se compra pase rápido (con un precio mayor), no se hace tanta fila. Las personas que trabajan en el parque son serviciales y dan una buena atención. Está bien para ir en familia. Algunos juegos no estuvieron disponibles. Otros juegos piden ciertas condiciones físicas para subir. Hay juegos que no han cambiado y otros son nuevos. Los churros con helado que venden en el parque estuvieron muy ricos. :)",4.0,parque,google_maps,Hace 2 años,Parque Diversiones,positiva
"El 19 de octubre fui con mi novia al parque de diversiones, ya que nos gusta ir muy seguido porque la pasamos muy bien, pero esta vez hubo algo que nos decepcionó por completo. Lo cual sentimos muy feo porque nunca nos había pasado algo así, lo que pasa es que al rededor de las 4:30pm mi novia y yo estábamos en los carritos chocones y mi novia andaba una cadena de oro y se le cayó al bajarse del carrito, cuando ella se dio cuenta fue con las personas autorizadas del juego a preguntarles ya que anteriormente cuando se le cayó vimos que una de ellas la agarró y se la guardó en la bolsa del pantalón, lo cual nos dio mucha impotencia porque a la hora de preguntarles ellas nos negaron a verla visto y cuando nos fuimos las escuchamos RIÉNDOSE Y MURMURANDO entre ellas, nosotros fuimos a las oficinas a quejarnos y llenamos el reporte de lo que había pasado, dejamos el número de teléfono y el correo electrónico para que nos contactaran y hasta el día de hoy no hemos recibido ninguna respuesta al respecto. (Tengan cuidado con sus pertenencias)",1.0,parque,google_maps,Hace 8 meses,Parque Diversiones,negativa
"Sigue siendo un lugar excelente para el disfrute de personas de todas las edades, parqueo muy grande, atención excepcional de todo el personal, aseo bastante bueno, vigilancia total, precios accesibles.",4.0,parque,google_maps,Hace un año,Parque Diversiones,positiva
"Tengo + de 20 años de ir y este 2026 me encantó la experiencia. Recomiendo el pase rápido, se aprovecha demasiado. La zona de comidas está muy bonita y atención rápida.",5.0,parque,google_maps,Hace un mes,Parque Diversiones,positiva
Demasiado bien el lugar para divertirse sanamente,5.0,parque,google_maps,Hace 3 meses,Parque Diversiones,positiva
"Muy bonito, se pueden divertir toda la familia. Aconsejo el paso rápido para las atracciones porque se hacen muchas filas para salir en las atracciones. Pero vale la pena , muy bonito para pasar un bello día en familia",5.0,parque,google_maps,Hace un año,Parque Diversiones,positiva
"El Disney Centroamericano, las entradas son costosas, pero vale la pena, tiene muchas actividades y aparatos, la familia entera se divierte junta, excelente para grandes y chicos, todo bien cuidado, baños limpios y abundantes, al igual que vestidores para los juegos acuaticos, le dan mantenimiento constante a los aparatos, así que da tranquilidad subirse. Las comidas son bastante caras, pero tienen la opción de llevar cosas de picar, emparedados, cosas de tomar, alquilar casillero y dejar todo guardado e irlo a buscar en la medida que lo necesites. Ojo si vas fin de semana dicen qur las filas a los aparatos son infinitas, busca un día entre semana con menos gente y asunto resuelto.",5.0,parque,google_maps,Hace 2 años,Parque Diversiones,positiva
"Buena diversión, había olvidado que tenían muchos juegos de agua. La pasé bien. Me gustó que mejoraron mucho el Food Curt.",5.0,parque,google_maps,Hace 7 meses,Parque Diversiones,positiva
"Las modificaciones y arreglos han dado muy buenos resultados. Las atracciones tienen mejoras que las hacen más atractivas. El área de comidas (ahora PicNic), ha mejorado mucho sus instalaciones y permite encontrar un lugar donde sentarse a comer sin pasar las penurias de tiempos atrás ( al fondo hay un salón de solo mesas para comer) Por la noche, la iluminación de los árboles es fantástica. Aproveche estas épocas navideñas para que disfrute de estar ahí",5.0,parque,google_maps,Hace 2 años,Parque Diversiones,positiva
"¡El Parque Diversiones es pura adrenalina y diversión en Costa Rica! Montañas rusas emocionantes, juegos para todas las edades y un ambiente familiar increíble. ¡Un día inolvidable garantizado!",5.0,parque,google_maps,Hace un año,Parque Diversiones,positiva
El lugar está excelente para llevar a los niños tiene buenos juegos esta chevere disfrutas si quieres pagas el pase rápido igual las filas no está tan largas después se vacía y se mueve rápido la fila pero con el pase rápido si tienes más preferencia en los juegos 10/10 la experiencia me encantó iría denuevo,5.0,parque,google_maps,Hace un año,Parque Diversiones,positiva
"La verdad es un parque de atracciones bastante bien hecho. Lo tienen muy bien cuidado, limpio y ordenado. Las atracciones que tienen son bastantes buenas y la organización de actividades en temporada alta es muy apropiada. Realmente lo recomiendo como paseo familiar. Se disfruta bastante.",5.0,parque,google_maps,Hace un año,Parque Diversiones,positiva
"El lugar es bonito, hay que aprovechar cuando hay promos de entrada porque una sola si es cara.",5.0,parque,google_maps,Hace 4 meses,Parque Diversiones,positiva
"Valió la pena hasta el último centavo gastado, recomendaciónes: lleven otra muda de ropa para las atracciones acuáticas que son las mejores, bloqueador, el pase rápido depende su utilidad el día que vayan, fuimos un martes y con el pase especial fue más que suficiente, los juegos para ganar peluches y esas cosas son un Robo en todo el día no ví a nadie ganar , dentro hay variedad de comida si quieres comprar, en fin todo muy limpio y bien organizado",5.0,parque,google_maps,Hace un año,Parque Diversiones,positiva
El lugar es bien cuidado pero después de tantos años ya necesita nuevas atracciones para distribuir mejor la cantidad de gente.,4.0,parque,google_maps,Hace 4 meses,Parque Diversiones,positiva
"Visité este lugar en semana santa, lo que me dio la ventaja de no hacer mucha fila. Además aproveché una promoción de 2x1 en pase especial, lo que bajó mucho el costo de la entrada. Tengo que aceptar y entender que este lugar está hecho para tener que hacer fila, porque cuando vas y no hay filas, relativamente rápido disfrutas de todos los juegos que puedes disfrutar, en síntesis Pacuare, Boomerang, Tornado, Tobellino, y alguno más. Pero los juegos no son la única atracción, está Pueblo Antiguo, La granja (mis comentarios debajo), un parque con bancas y mesas, así como plaza tío conejo para los más pequeños. Todo muy bien, a excepción de la granja, unos cuantos caballos, unas gallinas, un par de caprinos, los cuales ni siquiera se pueden tocar; personalmente creo que deberían de cerrarla. Cuenta además con heladerías y restaurantes, por lo que no es necesario salir del lugar a la hora del almuerzo. Cuenta con un enorme parqueo, cosa que me agrada mucho, y aunque las ""calles"" de este parque se prestan para ser recorridas en sillas de ruedas, el uso de los juegos es otra cosa, y no es culpa del parque, los juegos son hechos de esa manera. En general me gusta, es un buen lugar para pasar un día agradable.",3.0,parque,google_maps,Hace 2 años,Parque Diversiones,neutral
"Todo muy bien, pero una muchacha que estaba en el splash ayer, se comportó grosera con mi novio, ya que él no entendió la indicación de la muchacha sobre movernos de lugar porque no escuchó bien, por lo que le negó la indicación ya que no comprendió el hecho de que era una indicación, y no supo que quiso decir la muchacha, aun así él no fue grosero, de ahí luego ella respondió grosera como si él le hubiese respondido mal. Luego de terminar el juego, nos volvimos a montar y ya la muchacha nos estaba haciendo caras",2.0,parque,google_maps,Hace 3 meses,Parque Diversiones,negativa
"Un mágico lugar para que los hijos disfruten y los padres se cansen bastante hasta que todo les duela. A la llegada una fila enooooorme, 40 minutos de espera. Salida al parqueo complicado en momentos de cierre, otra hora de esperar. Buena atención del personal y mala y cara la comida lento para servir pero se entiende por la alta demanda",5.0,parque,google_maps,Hace 6 meses,Parque Diversiones,positiva
"El mejor lugar para disfrutar en familia. Y de paso, colaborar con el Hospital de Niños. Buena variedad de atracciones y zonas para almorzar. Precios razonables. Se toman muy en serio las medidas de higiene y hay alcohol para desinfectar las manos prácticamente en todo el parque. Muy contento con la visita.",5.0,parque,google_maps,Hace 4 años,Parque Diversiones,positiva
Pasamos un día genial a pesar de la lluvia no nos alcanzó el día no pudimos volver a disfrutar del splash por mantenimiento. Pero es agradable ver las caritas de familias enteras o amigos que llegan a disfrutar de los juegos y saber que se está contribuyendo con el HNN da aún más felicidad,5.0,parque,google_maps,Hace 2 años,Parque Diversiones,positiva
"Fue mejor de lo que pensé, el concepto es más acuático que nada. Estacionamiento, lugares de comida, pase rápido especial para no hacer fila. Vestidores, casilleros, carros para bebés. NO HAY CAJEROS. Te recomiendo llegar en la mañana, lleva ropa ligera que se pueda mojar, súbete a todos los de agua sin miedo a empaparte, te cambias y después te subes a los juegos mecánicos en seco pasando todo el día dentro del parque, es la mejor manera de que aproveches la pulsera especial. Busca días de promoción en su página oficial, si no es mucho más caro. Yo encontré una de Pase Rápido sin hacer fila de 14,000 ¢/ $500 mexicanos. La comida no es tan cara adentro, también hay pase general para quien no se sube a los juegos y actividades para los niños más pequeños.",4.0,parque,google_maps,Hace 3 años,Parque Diversiones,positiva
"Fue muy divertido, sobre todo los juegos acuáticos. Nos gustó mucho y tuvimos suerte de conseguir el pase especial al 2x1, además no hubo mucha espera entre cada juego.",5.0,parque,google_maps,Hace un año,Parque Diversiones,positiva
Fui con mi familia muy linda la experiencia super recomendada mis seres queridos disfrutaron mucho la estadía,4.0,parque,google_maps,Hace un año,Parque Diversiones,positiva
"Cómo es posible que no dejen ingresar con un bulto solo porque tiene rodines, en qué puede afectar que uno ande un bulto con ruedas para no andarlos en la espalda todo el día, hace tiempo lo ingresamos y no hubo inconveniente, pero está última vez que fuimos nos hicieron sacados de la fila porqué ""no se puede ingresar con ese bulto"" , tras de que uno está pagando me parece ilógico.",1.0,parque,google_maps,Hace una semana,Parque Diversiones,negativa
"Excelente lugar para disfrutar con los hijos, recomiendo comprar el pase rápido porque algunas filas son muy largas.",5.0,parque,google_maps,Hace un año,Parque Diversiones,positiva
"Un excelente lugar para disfrutar en familia,tenia 19 años de no visitar el Parque asi que aproveche llevar a mi esposa y mis hijos. Es una mezcla de nostalgia y emoción poder visitarlo nuevamente.",5.0,parque,google_maps,Hace 2 años,Parque Diversiones,positiva
"Compren el pase Rápido,Vale la pena!!!! Deberían de poner Tubos de agua para rellenar las botellas.",5.0,parque,google_maps,Hace 5 meses,Parque Diversiones,positiva
"Bonito lugar para divertirse en familia. Precios de las bebidas naturales y pizza están por encima de los mismos lugares fuera del parque, pizza Hut grande 13 500, super pack familiar 26500 2 pizzas, bread sticks, bebida 2 Lts. Mejor día para ir es Jueves. Llevar ropa extra para juegos acuáticos, pueden llevar snacks o cosas de picar, los eskites recomendados, son muy ricos... Si van Sábados o Domingos, comprar el pase rápido precio 6700 por persona pero vale la pena el ahorrarse 1.5 horas haciendo fila vs 15 minutos o menos. Si compran en Rostipollos mejor comprar el Plato llamado Piqueo en 14900 vs al Funny Pack en 20900 ya que el entero de pollo es muy pequeño, la ensalada no sabe bien, bebida de 1.5 litros y no hay refill dentro del parque. Lleve ropa extra y ganas de pasarla bien.",4.0,parque,google_maps,Hace 2 años,Parque Diversiones,positiva
Lugar muy lindo y grandes atracciones lo único malo es que hay que hacer mucha fila para acceder a los juegos mecánico,4.0,parque,google_maps,Hace un año,Parque Diversiones,positiva
"Un lugar increible. Mucha naturaleza. Las instalaciones un poco deterioradas especialmente los baños. Pero en general todavia esta bien, se pasa una buena noche.",5.0,parque,google_maps,3 semanas atrás,Parque Nacional Chirripó,positiva
"Espectacular, el chirripo saca lo mejor de ti. Recomiendo ir preparado para caminatas largas y el frío. En el refugios base Crestones nos atendieron muy bien. Ahora hay disponible conexión a Internet gratis.",5.0,parque,google_maps,Hace 9 meses,Parque Nacional Chirripó,positiva
Es toda una experiencia de vida. Dure unas 8 horas en el ascenso al albergue a mi ritmo saliendo de San Gerardo de Rivas a las 2 am. Creo que es mejor subir de noche porque de día los ascensos son muy intimidantes. En el albergue hay WI-FI en el comedor pero no hay electricidad para cargar celulares o cámaras... importante llevar un Power Bank (batería). Calculen llevar solo lo necesario...el costo de subir las maletas es de casi 3000 colones por kilo. En verdad super recomendado si tienen la condición física y la motivación para conocer este magnífico lugar.,5.0,parque,google_maps,Hace 2 años,Parque Nacional Chirripó,positiva
"Una montaña increíble, un maravilloso lugar. El albergue y servicios les falta mejorar, la infraestructura está deteriorada y hay poco mantenimiento, la limpieza es apenas lo aceptable, sin embargo bancas, ventanas exteriores, puertas, grifería, duchas ya ocupan remplazo y de buen gusto para estar acorde al nivel esperado en un sitio tan bonito. En refugio base se ocupa de rotulación básica y agua potable de fácil acceso.",3.0,parque,google_maps,Hace 7 meses,Parque Nacional Chirripó,neutral
"Parque nacional. 14.5 km para llegar a la base. Para poder visitarlo, primero se debe comprar el ingreso en línea cuando estén disponibles los ingresos. Si desea visitarlo y escalar, recomiendo preparación ya que es muy demandante",5.0,parque,google_maps,Hace 7 años,Parque Nacional Chirripó,positiva
"Mi experiencia fue subir y bajar el mismo día, fisicamente es muy exigente pero si logras ver un buen amanecer vale la pena. La ruta es complicada pero con buena preparación, alimentación, hidratación se logra. Las vistas son increíbles y llegar al punto más alto del país genera mucha satisfacción. Muy recomendado!",5.0,parque,google_maps,Hace 3 años,Parque Nacional Chirripó,positiva
"Simplemente majestuoso, un lugar único e increíble, en sus senderos puedes ver diferentes tipos de micro climas, así como paisajes, con sus bosques primarios, secundarios, páramo y más, tanto en si Rita tradicional como por la ruta Uran-Chirripo (les comparto fotos de está ruta) es una opción increíble para caminar sobre la cordillera, súper recomendada.",5.0,parque,google_maps,Hace 7 años,Parque Nacional Chirripó,positiva
"Dificil experiencia pero vale la pena. Tuvimos un día maravilloso en la cima. El refugio podría mejorar, hay solo 3 baños que en la hora peak están siempre ocupados, y lo mismo ocurre con las mesas a la hora de la cena.",4.0,parque,google_maps,Hace 3 años,Parque Nacional Chirripó,positiva
"Excelente recorrido, muy dinámico y con paisajes buenísimos. Eso sí, la caminata es algo larga, por lo que se requiere un poco de condición y buen calzado. La experiencia visual depende totalmente de las condiciones climáticas; con un día despejado la vista es espectacular. Recomiendo monitorear el clima días antes de tu visita para asegurar una buena experiencia y evitar que la lluvia te arruine el trayecto. ¡Muy satisfecho con la visita!",5.0,parque,google_maps,Hace 2 meses,Parque Nacional Volcán Poás,positiva
"Simplemente increíble! Vale la pena cada paso para llegar aquí. Nosotros llegamos temprano y había bastantes nubes, pero después de un rato se fueron y fuimos capaces de admirar lo maravilloso de este lugar. Los dos cráteres que vimos son Simplemente fuera de este mundo.",5.0,parque,google_maps,Hace un mes,Parque Nacional Volcán Poás,positiva
"Una experiencia espectacular en todo sentido. Conviene no ir c la expectativa de poder ver el cráter ya que el 80% del tiempo aprox, está tapado por nubes. Pero como dicen ahí mismo, ¿cuántas veces en tu vida vas a caminar por las nubes? Muy posiblemente con paciencia y mirando la app del lugar puedas ir y verlo. Pero tene paciencia",5.0,parque,google_maps,Hace 4 meses,Parque Nacional Volcán Poás,positiva
"Es un lugar maravilloso. El sendero es muy sencillo y está completamente pavimentado. Por lo general, la laguna se puede ver con facilidad (si no, solo hay que esperar un poco a que se despeje). En esta ocasión, el cráter del volcán no se dejó ver, pero esa es la maravilla de la naturaleza. Nos recomendaron llegar alrededor de las 9 a. m., ya que es más probable poder verlo, aunque no es seguro que se deje apreciar. Es un lugar lleno de naturaleza y buena energía, recomiendo no perdérselo.",5.0,parque,google_maps,Hace 4 meses,Parque Nacional Volcán Poás,positiva
Simplemente quedé maravillado con las hermosas vistas que este lugar me proporcionó. Al llegar está muy frío y lleno de neblina por lo que recomiendo un buen abrigo. El sendero muy lindo también pero lastimosamente no pude ver la Laguna. Ay que ser paciente y tener suerte para poder observar el impresionante crater . Definitivamente hermoso lugar...!,5.0,parque,google_maps,Hace 6 meses,Parque Nacional Volcán Poás,positiva
"Hay algunos senderos cortos para caminar, en total se tarda com una hora, treinta minutos, caminando despacio para admirar el entorno, y todos son muy accesibles, la mayoría con cemento, y muy limpios, entonces no hay barro, aunque llueva. Se puede llegar a la orilla de la Laguna Botos, que tiene un color espectacular, pero eso sí, en un día despejado, de lo contrario, al igual que el cráter, será muy difícil observarlos. Tome en cuenta que solamente hay servicio sanitarios en el centro de visitantes.",5.0,parque,google_maps,Hace 5 meses,Parque Nacional Volcán Poás,positiva
Genial. Debidamente señalado. Hay que salir temprano si desea ir en el bus directo desde Alajuela. Puede ir en carro también o moto. Debe comprar las entradas en el SINAC vía web para poder ingresar. Los senderos son de intensidad baja-media.,5.0,parque,google_maps,Hace 10 meses,Parque Nacional Volcán Poás,positiva
"En mi caso no fue una gran experiencia ya que no pude ver lo que es el cráter debido al clima pero de igual forma es un lugar el cual deverias ir, de hecho puedes ir Internet y poner ""VOLCÁN POAS CAMARA"" ahi puedes ver la visibilidad actual del cráter por si no quieres dar el viaje.. pero",5.0,parque,google_maps,Hace 3 meses,Parque Nacional Volcán Poás,positiva
Maravillosa experiencia vivi con mi familia. La primera vez que visite este volcan fue hace 40 años y desde entonces ha mejorado mucho en cuando a los servicios y facilidades para los visitantes. Felicitaciones para el Servicio de Parques Nacionales de Costa Rica.,5.0,parque,google_maps,Hace 2 meses,Parque Nacional Volcán Poás,positiva
"El parque es muy accesible, se camina poco para el volcán, están señalizados los senderos indicando la distancia, se camina más para llegar a la laguna Botos. En la tienda tienen varios peluches de fauna local a buen precio",5.0,parque,google_maps,Hace 6 meses,Parque Nacional Volcán Poás,positiva
Hermoso! Realizamos los senderos y tuvimos la dicha de ver el volcán despejado.,5.0,parque,google_maps,Hace una semana,Parque Nacional Volcán Poás,positiva
"Los senderos para llevar al cráter son muy bellos; cabe mencionar que es una moneda al aire la visualización del cráter ya que casi siempre está nublado. A mí me tocó llegar y no se veía nada, pero al paso de 5 minutos se logró visualizar el cráter. Recomiendo checar las condiciones climáticas y esperar un momento si no se veía al llegar.",5.0,parque,google_maps,Hace 6 meses,Parque Nacional Volcán Poás,positiva
"Muy bonito lugar, difícil de llegar, algo lejos de la capital. Vale la pena si van solos y no en tour, pueden contratar un uber o en su defecto ir trasbordando autobuses. El recorrido es relativamente rápido, llegas al parque y te indican cómo subir al cráter, haces el recorrido de senderismo para visitar la laguna, unas fotos y listo. No paguen tours! Son caros y no valen la pena pueden llegar por su cuenta.",3.0,parque,google_maps,Hace 8 meses,Parque Nacional Volcán Poás,neutral
"Muy chulo, cuando llegamos no se veía nada pero luego abrió y pudimos disfrutar de un gran espectáculo",5.0,parque,google_maps,Hace 8 meses,Parque Nacional Volcán Poás,positiva
Excelente lugar y de los obligados a visitar cuando estén en Costa Rica. La caminata es increíble,5.0,parque,google_maps,Hace 2 meses,Parque Nacional Volcán Poás,positiva
"Excelente experiencia, dudamos ir porque teníamos poco tiempo y nos habían recomendado ir temprano porque la probabilidad de verlo despejado era mayor mientras más temprano fuésemos, pero logramos encontrar entradas para las 11 de la mañana. El camino no era muy prometedor por la neblina y al llegar no se veía nada, pero cuando ya nos íbamos escuchamos a la gente aplaudir, nos devolvimos y volcán dio un espectáculo... se despejo y se pudo ver en su totalidad por unos minutos. Luego fuimos a la laguna vecina y completamos el breve trekking, también muy agradable, con senderos bien señalizados, de no más de media hora, pavimentados y sin mucha pendiente. Parque de fácil acceso, cercano a San José y las instalaciones muy bien conservadas. Totalmente recomendado, considerando que hay que ir dispuesto a todo.",5.0,parque,google_maps,Hace 2 meses,Parque Nacional Volcán Poás,positiva
"Demasiado lindo esta conservado aúnque claro puede estar mejor. Recomiendo ir con ropa deportiva, calzado antideslizante e hidratación(la de ahí no es potable). Abríguesen muy bien. Recuerden que esos paseos son más allá de tomar fotos, aprendan, pregunten, observen, socialicen y conecten con la naturaleza, en fin disfruten.. +1 min gratis para estar en el cráter.",5.0,parque,google_maps,Hace 2 meses,Parque Nacional Volcán Poás,positiva
"Un parque nacional que demuestra lo avanzado que está Costa Rica en términos del turismo natural, cuidando los espacios para que los visitantes tengan una experiencia completa, disfrutando de paisajes impresionantes como los que el volcán Poás y sus alrededores ofrecen. Se trata de un sitio ideal para apreciar el poder de la naturaleza contando con comodidades como transporte y áreas se souvenirs y comidas.",5.0,parque,google_maps,Hace 8 meses,Parque Nacional Volcán Poás,positiva
"Impresionante volcán activo, instalaciones bien conservadas. Cuenta con senderos universales que permiten el acceso para personas con discapacidad",5.0,parque,google_maps,Hace 9 meses,Parque Nacional Volcán Poás,positiva
"Este Parque Nacional tiene una ubicación muy conveniente para turistas y nacionales de la zona de Heredia, Alajuela y San José. Solo se puede entrar con reservación que se hace en la página del SINAC. El recorrido se realiza rápido y es accesible para personas con dificultades motoras. No se permite ingresar alimentos ni mascotas. Es un parque que merece la pena visitar, con vegetación interesante y por supuesto el volcán.",5.0,parque,google_maps,Hace 8 meses,Parque Nacional Volcán Poás,positiva
Experiencia increíble. Se deben comprar las entradas con anticipación por la página web. Cuentan con diferentes horarios (cada horario es un bloque de 2 hrs aproximadamente). Los trabajadores del parque son muy amables.,5.0,parque,google_maps,Hace 7 meses,Parque Nacional Volcán Poás,positiva
"Fantástico todo! Impresionante la vista. Solo pensaría (como parque) la opción de hacer mas fácil el pago de la entrada, de ofrecer alguna charla y principalmente hacerlo accesible para personas con discapacidad. Una hermosura todo!",5.0,parque,google_maps,Hace 9 meses,Parque Nacional Volcán Poás,positiva
"Hoy 2-1-25 el clima estuvo genial. Se veía hermoso Los senderos muy bien Los sanitarios aseados, todo en orden. Lo único (que fue nuestro error) es que hay que comprar las entradas en línea (internet) Porque ahí no hay señal (al menos nosotros) Pero después, todo bien. Buen parqueo, Bonitas instalaciones Habían pequeños espacios para hacer pic nic lo cual también me pareció genial",5.0,parque,google_maps,Hace un año,Parque Nacional Volcán Poás,positiva
"Super recomendable si vienes de visita desde el extranjero, muy cerca de San José , se requiere reservar primero, pero es muy ágil el acceso. La vista es de las cosas más increíble que he visto y tiene varios senderos para poder caminar entre la vegetación. El clima es muy cambiante y en pocos minutos puede haber pasado de un solesaso a tener neblina o una lluvia torrencial. Jejeje.",5.0,parque,google_maps,Hace 11 meses,Parque Nacional Volcán Poás,positiva
"Es un lugar para recorrer en 1 hr aproximadamente o menos, es corta la caminata y solo te dan 15 min para observar el Volcan. Aveces no puede verse el Volcan por las emisiones, pregunten si se puede hacer el recorrido o no esta disponible para que no vayan sin saber si podrán entrar o no. La entrada al lugar cuesta alrededor de 16 dlls aproximadamente. Si van en uber aseguren su regreso, porque en el Volcan no hay señal, nosotros fuimos en uber y le pedimos al señor que si nos podía recoger y lo hizo amablemente. Los tícos son super buenos anfitriones.",5.0,parque,google_maps,Hace un año,Parque Nacional Volcán Poás,positiva
"Sin duda un gran lugar para visitar! En comparación con el Irazu, este puede tener un poco mas de dificultad si hacen la trayectoria completa tanto del crater como de la laguna! Un gran lugar mas para visitar. Ademas tiene una pequeña cafeteria para comer snacks o repostería propia de la cafetería así como una tienda de souvenirs justo a la par!!",5.0,parque,google_maps,Hace 10 meses,Parque Nacional Volcán Poás,positiva
"Lugar muy organizado, limpio, seguro. Ideal para compartir en familia",5.0,parque,google_maps,Hace 5 meses,Parque Nacional Volcán Poás,positiva
"Caminos accesibles y baños limpios , se necesita suerte para poder ver tanto el volcán como la laguna , sin embargo si el clima lo permite es una experiencia que todos debería aunque sea una vez",5.0,parque,google_maps,Hace 3 meses,Parque Nacional Volcán Poás,positiva
"Wow!! Simplemente ESPECTACULAR… La experiencia de estar parado en el cráter de un volcán activo es increíble, nunca me había tocado experimentar algo así. Desde que llegas te dan indicaciones claras y precisas. Te dan una explicación de qué hacer en un caso de emergencia a través de un video informativo. Te dan un casco y ya puedes ingresar al área del cráter. Desde el centro de visitantes hasta el cráter encuentras mucha diversidad de plantas y una más bella que la otra. Es una actividad familiar muy recomendada si visitas San José o el área. Lo único que no está bien es el tiempo que te hacen esperar para entrar, pues debes mostrar tu reservación vía internet y pagar ahí mismo el estacionamiento (aceptan dólares y Colones). ADVERTENCIA Para ingresar al parque nacional del Volcán Poás debes hacer tu reservación en línea. No venden este acceso en el Parque.",5.0,parque,google_maps,Hace un año,Parque Nacional Volcán Poás,positiva
"Un lugar hermoso, limpio, con personas muy atentas, explican muy bien todo. Solo debes tener paciencia si quieres ver el interior del volcán y tomar fotos. Consejo : viaja temprano antes que salga el sol así podrás llegar temprano y disfrutar del paisaje antes que llueva.. Seguro si o si va a llover a cántaros.. Cuidado en la carretera porque las nuves tapan el camino.. Por lo demás Disfruta el camino",5.0,parque,google_maps,Hace 4 años,Parque Nacional Volcán Poás,positiva
Súper bonito!!! Recomendable esperar para ver el cráter despejado,5.0,parque,google_maps,Hace 4 meses,Parque Nacional Volcán Poás,positiva
Excelente lugar para compartir con familia y amigos muy bonito,5.0,parque,google_maps,Hace 6 meses,Parque Nacional Volcán Poás,positiva
"Me gustó mucho la visita pero deberian bajarle el precio y poner ustedes a alguien en la puerta que venda las entradas o por lo menos te ayude a comprarlas, habia personas mayores en la entrada y no se apañan con la tecnología, me pareció irrespetuoso . Nada mas entrar esta un poco mal señalizado como llegar al volcan y hay que andar una travesía. El volcan es increíble la verdad, merece la pena porque es mas grande de lo que parece en fotos. Y luego esta un sendero andando unos 15 min cuesta arriba hacia la laguna. Pueden volver por el mismo sendero o hacerse la ruta entera que es mas larga, es un sendero de unos 3km que recomiendo hacer si tienes el tiempo suficiente pues es bonito, pero hay que subir un poco.",3.0,parque,google_maps,Hace un año,Parque Nacional Volcán Poás,neutral
"El lugar es muy accesible, considera que no hay señal por lo tanto no tendrás internet, también considera que es un lugar natural, entonces puede que no logres ver el cráter, todo es suerte",4.0,parque,google_maps,Hace 9 meses,Parque Nacional Volcán Poás,positiva
"Es un lugar increíble, indescriptible lo hermoso de la naturaleza tanto de camino al cráter como estando ahí. Yo asistí en grupo con un tour y creo que valió la pena 100% Sugiero llevar cubrebocas para cuando estás en el cráter porque los gases pueden llegar a resultar incómodos.",5.0,parque,google_maps,Hace 3 años,Parque Nacional Volcán Poás,positiva
"Excelente parque nacional de Costa Rica. Sin lugar a dudas uno de los mejores que he visitado. Esta muy buen cuidado y ofrece senderos para disfrutar del bosque nuboso de la zona. Si tienen la suerte de ir un día soleado, verán al volcán y el cráter con todo su esplendor. Sin lugar a dudas es una experiencia maravillosa. Sin embargo, la mayoría de las veces suele estar muy nublado, así que es cuestión de suerte. Definitivamente un lugar super recomendado. Su visita puede ser de unas 4 horas aproximadamente. No se tiene abierto el museo por ahora, pero hay cafetería y tienda de regalos. El cráter y la laguna tienen colores mágicos que hace que parezca que uno está en otro planeta. Una joya de nuestro país que ha estado muy infravalorada, pero vale completamente la pena. Perfecto para ir con la familia.",5.0,parque,google_maps,Hace 3 años,Parque Nacional Volcán Poás,positiva
Increíble lugar para visitar si estás en Costa Rica. El volcán está magnífico y tienes una vista perfecta. Recomendaciones comprar la entrada vía online y ver que horario te conviene. La duración de todo el recorrido es de 40 minutos a lo mucho. El costo fue de 15usd,5.0,parque,google_maps,Hace 2 años,Parque Nacional Volcán Poás,positiva
Me gustó el Volcán Poas. Pagamos 80$ por un taxi entre 4 personas. La entrada 25$. Está a 50 minutos del centro de Alajuela en carro. Tuvimos que esperar porque cuando llegamos estaba cerrado. Nos favoreció el clima. Los guías no te dan mucha información. Tienen medidas de seguridad. El cráter espectacular. Deberían vender al menos tapabocas para resistir un poco mejor los gases. Estando arriba se encendió la alarma y tuvimos que bajar. Bien! El camino para la laguna es bastante largo. Podrían informar esto para estar precavidos. Poca señalización. Tienda de souvenirs amplia algo costosa.,5.0,parque,google_maps,Hace 2 años,Parque Nacional Volcán Poás,positiva
"El parque está muy bien organizado y es muy fácil el acceso para llegar al volcán. Las instalaciones son perfectas también. El único inconveniente es que no siempre será visible el cráter, es una cuestión de suerte. Me tocó ir en un día en el que la niebla bajó de golpe (en el camino, estaba despejado) y fue imposible ver nada excepto el banco de niebla. Igualmente, seguiré intentando.",4.0,parque,google_maps,Hace 6 meses,Parque Nacional Volcán Poás,positiva
Muy bien los senderos. Buena accesibilidad. Los baños de hombres sin urinarios habilitados. CUIDADO SINAC no se confíen dando servicios pobres en sus Parques Nacionales.,2.0,parque,google_maps,Hace un mes,Parque Nacional Volcán Poás,negativa
Un lugar impresionante! La naturaleza es maravillosa y la podemos admirar en este increíble Volcán. Les recomiendo realizar la compra de las entradas vía web porque en el parque no las están vendiendo. Llevar ropa cómoda y un poncho o capote en caso de lluvia. Espero que disfruten!,5.0,parque,google_maps,Hace 3 años,Parque Nacional Volcán Poás,positiva
"Hermoso la verdad una experiencia increible, la verdad un parque que tienes que conocer llegar alli y conocer algo como un volcan fue otra cosa les recomiendo ir disfrutar conocer estos grandes lugares lastima qie perdi las fotos pero es hermoso",5.0,parque,google_maps,Hace un año,Parque Nacional Volcán Poás,positiva
"Lugar sorprendente para visitar, una experiencia inolvidable!! Estar cerca del cráter y poder admirar la naturaleza es algo increíble. 100% recomendable",5.0,parque,google_maps,Hace un año,Parque Nacional Volcán Poás,positiva
Muy buena visita. Todo muy bonito y la llegada en coche está bastante bien. Quiero resaltar el buen trato y la facilidad que le dan a los discapacitados para hacer la visita. Hay opción de subir en ambulancia por si vas con alguien con silla de ruedas,5.0,parque,google_maps,Hace un año,Parque Nacional Volcán Poás,positiva
"En la actualidad, el Parque sólo dispone del mirador al cráter puesto que el paseo a la laguna está cerrado por las diversas erupciones volcánicas que lastimaron el camino y lo tornaron peligroso. El precio por persona son 15$ y dispones de 10 minutos de subida, 20 minutos para ver el cráter y 10 de vuelta. Es recomendable acudir a primera hora que suele ser cuando está más despejado el cielo para poder observar el cráter.",4.0,parque,google_maps,Hace 4 años,Parque Nacional Volcán Poás,positiva
Increíble lugar Recomiendo visitar si estás en Alajuela,5.0,parque,google_maps,Hace 4 meses,Parque Nacional Volcán Poás,positiva
"Tiene senderos cortos pero lindos llenos de naturaleza a su alrededor, el cráter del volcán es impresionante, intenta ir temprano para verlo despejado, es un volcán activo por lo que se recomienda comprar entradas antes para saber si esta abierto debido a la actividad",5.0,parque,google_maps,Hace 3 meses,Parque Nacional Volcán Poás,positiva
"Recomiendo ir en el primer horario por la mañana. Es más tranquilo, menos gente, se ve mejor el volcán",5.0,parque,google_maps,Hace 8 meses,Parque Nacional Volcán Poás,positiva
Un parque pequeño pero bonito... aunque le falta más amor (inversión y mantenimiento) para que sea mejor acorde con la identidad japonesa.,4.0,parque,google_maps,Hace 5 meses,Parque Okayama,positiva
"Renovaron el Parque Okayama!!! Hermoso lugar para disfrutar en familia, cuenta con varias zonas verdes y plays para disfrutar en familia",5.0,parque,google_maps,Hace un año,Parque Okayama,positiva
"Que complicado!!!! Por un lado es un bonito lugar en medio de la ciudad para estar un rato con la familia, la pareja, los amigos... parece un lugar lindo para ir a sentirse y comer un helado o un granizado, todo bien hasta que vez los botes de basura desbordados y las mascarillas por doquier!!!! . Que lamentable que no le den en mantenimiento adecuado al parque porque es un espacio único entre otros parques. Fui un domingo y pude apreciar que la gente llega bastante, el play estaba lleno de niños, había gente que paseaba a la mascota, ciclistas tomando un segundo aire de la cleteada que habían dado y familias haciendo un picnic en la zona verdd pero no se disfruta del todo por la gran suciedad. Rescato que tiene paisajes lindos y el ambiente oriental le da un toque único.",2.0,parque,google_maps,Hace 4 años,Parque Okayama,negativa
"Diay es un desp.... Mucho chata , y parejillas , comida chatarra por todo lado y el parque quedó muy bonito , pero es un lugar de desp.... No ví presencia policial. Ahhh mucho olor a zacate ....",3.0,parque,google_maps,Hace un mes,Parque Okayama,neutral
"Lindo lugar aunque aun cerrado por pandemia. De noche se puede acumular algún tipo de gente de cuidado, pero ew un sitio agradable en Sanfra. 24.07.2025 Excelente operativo para eliminar hordas de bichos. Felicidades a Policía Municipal y Tránsito",4.0,parque,google_maps,Hace un año,Parque Okayama,positiva
"Muy agradable tanto para niños como para adultos. Ideal para compartir en pareja o llevar a los niños de paseo. Muy seguro, tiene sitios de comida cerca y un lago muy bonito con patos.",5.0,parque,google_maps,Hace 3 años,Parque Okayama,positiva
"El parque por eleccion para los que desean una sesion de fotos bonita y no tan complicada en un lugar lejano. Porsupuesto que la sesion será mas sencilla que otros lugares mas llamativos que tenemos en el país. El parque a pesar de ser tan concurrido por indilgentes,es seguro, hay camaras de seguridad y una unidad de la policia que permanece los fines de semana estacionada. Lamentablemente el graffiti se deja ver por doquier, y para sesiones fotograficas le quita el elemento elegante, asi que eso disminuye la escena utilizable del lugar.- photoshop es requerido en muchas fotos- Alrededor del parque hay gran variedad de restautantes por lo cual, se puede pasar un buen rato en familia. El lago cuenta con Patos ( y las tradicionales palomas que vemos por doquier) Tiene area de recreo para niños, mesas, 3 puentes, en verano se ve muy cuidado, sin embargo entrada la epoca lluviosa a veces hay mucho barro por los caminos. Para sesiones fotograficas lo catalogo como, si no se puede ir a otro lugar más, se hace ahí, no es mi lugar preferido. Para llevar a los niños a divertise y comer algo, está bien por lo centrico y variedad de locales.",3.0,parque,google_maps,Hace 7 años,Parque Okayama,neutral
Exelente bello lugar la pase super bien y muy bendecida y agradecida con diosito x dejarme llegar a un año mas con salud yo y mi familia y juntos un cumpleaños diferente comi jugue corri disfrute y lo mas importante en familia con los q amo,5.0,parque,google_maps,Hace 6 años,Parque Okayama,positiva
Ya no es lo mismo que antes sin la fuente y los patitos.,4.0,parque,google_maps,Hace 4 meses,Parque Okayama,positiva
"Hermoso parque en San Francisco de 2 Ríos. Este parque y el parque del Bosque podrían ser los más bellos de esa área. Un parque muy bien cuidado, con ese matiz japonés que atrae mucho. Visiten la estatua de Momotaro y lean con sus hijos el cuento famoso de la región de Okayama la cual nos fue compartida como símbolo de unión.",5.0,parque,google_maps,Hace 4 años,Parque Okayama,positiva
"Muy agradable el parque, hoy vi muchos policías por los alrededores, negocios de comida para todos los gustos, solamente cruzar la calle. Un excelente parque para pasarla en familia ya sea en la mañana o en la tarde. Limpieza total espero el que vaya a visitarlo no bote basura.",5.0,parque,google_maps,Hace 4 años,Parque Okayama,positiva
Precioso lugar. Para ir a pasar al día en familia y los niños disfrutan mucho!,5.0,parque,google_maps,Hace 4 años,Parque Okayama,positiva
"Todavía es un parque limpio, ya no estan las fuentes ni los peces ni los patos, está muy descuidado como suelen hacer las municipalidades con todo, falta más iluminación, camaras y un policía de ves en cuando (todavía es un parque seguro) y se puede pasar un buen rato, recomendado para parejas y hay muchos lugares para comer bien y variado.",3.0,parque,google_maps,Hace 3 años,Parque Okayama,neutral
"Para pasear, relajarse y distraerse un rato. Bonito parque con fuentes zonas verdes. Muy agradable.",5.0,parque,google_maps,Hace 5 meses,Parque Okayama,positiva
Muy buenos los mongambitos y la atención al cliente. Y rápido el servicio,5.0,parque,google_maps,Hace 4 semanas,Parque Okayama,positiva
"Mi parque favorito, lleno de árboles de bambú y otros con flores de colores también hay muchas flores, palomas, laguna con patos..hay puentecitos, una fuente que no siempre está en funcionamiento, buen ambiente, con muchos comercios y restaurantes al rededor, excelente para todas las edades, hacer deporte, pasear mascotas y para sacar lindas fotografías.. Por dicha están arreglando el área de juegos infantiles que estaba muy descuidado, sin embargo pusieron arena y los chicos se ensucian mucho, inclusive mi bebé se pone a querer comerselo. Tambien espero que coloquen mesitas con bancas como las que tenian. Por lo demás es genial.",5.0,parque,google_maps,Hace 6 años,Parque Okayama,positiva
"Lo han vuelto un lugar muy seguro y especial para pasar el tiempo, está bien cuidado y bonito.",5.0,parque,google_maps,Hace 5 meses,Parque Okayama,positiva
"Esta vez lo visite con mis amigos para epoca navideña pero no habia ninguna decoración, por lo menos se ve que si lo cuidan",4.0,parque,google_maps,Hace 2 años,Parque Okayama,positiva
Excelente lugar. Debería de haber más presencia policial fija o constante. Ya que hay muchas personas que llegan hacer otro tipo de actividades y eso perjudica el ambiente familiar y para los niños. También deberían de poner más iluminación,5.0,parque,google_maps,Hace 3 años,Parque Okayama,positiva
Un parque adecuado para visitar en familia el lugar esta muy limpio y los animalitos como patos y palomas entretienen a los niños y adultos.,5.0,parque,google_maps,Hace 7 años,Parque Okayama,positiva
Detectando metales bonito lugar .. tienen un lago con carpas.. sin oxigenación me pareció,5.0,parque,google_maps,Hace 9 meses,Parque Okayama,positiva
Variedad de comidas alrededor. Hoy pasé por el parque y ya están finalizado las obras,5.0,parque,google_maps,Hace 10 meses,Parque Okayama,positiva
"Lugar muy hermoso para tomar fotos y visitar con la familia, tiene mucha vigilancia y hay lugares para comer",5.0,parque,google_maps,Hace 2 años,Parque Okayama,positiva
"Un lugar muy hermoso, aunque ya se empieza ver la suciedad de las personas",5.0,parque,google_maps,Hace 5 meses,Parque Okayama,positiva
"Lugar muy bonito, mejor ir en la noche, hay varios restaurantes alrededor",5.0,parque,google_maps,Hace 2 años,Parque Okayama,positiva
"Está muy descuidado. Ya no están los patos, algunas hamacas en mal estado y el área de toboganes poco aseada. Una pena porque era un lugar muy acogedor.",3.0,parque,google_maps,Hace 2 años,Parque Okayama,neutral
"Es lugar que se la pasa rico, come rico y es apto para toda la familia",5.0,parque,google_maps,Hace 3 meses,Parque Okayama,positiva
Muy bello lugar para pasar un rato en familia se debe mejorar la iluminación,4.0,parque,google_maps,Hace 3 años,Parque Okayama,positiva
Es muy bonito solo que cuando fui le hacía falta más limpieza.,4.0,parque,google_maps,Hace 7 años,Parque Okayama,positiva
"Esta muy sucio temprano, y en la noche un montón de borrachos y algo mas",2.0,parque,google_maps,Hace un mes,Parque Okayama,negativa
"Parque bonito para llevar a niños, el lago está un poco sucio.",4.0,parque,google_maps,Hace 3 años,Parque Okayama,positiva
Es un parque hermoso ubicado en San Francisco de Dos Ríos inspirado en el stilo japones,5.0,parque,google_maps,Hace 4 años,Parque Okayama,positiva
Lugar seguro y tranquilo para estar y pasar el rato! Rodeado de varios lugares de ventas de comida!,5.0,parque,google_maps,Hace 3 años,Parque Okayama,positiva
"Muy limpio, bien cuidado, wi-fi gratis, buena cobertura",4.0,parque,google_maps,Hace 7 años,Parque Okayama,positiva
Muy bonito parque muy tranquilo y en lo personal me encanta la temática japonesa,5.0,parque,google_maps,Hace 8 años,Parque Okayama,positiva
Después del cambio realizado por la municipalidad quedó muy bonito.,5.0,parque,google_maps,Hace un año,Parque Okayama,positiva
"Bonito parque, estar pendiente de la seguridad .",3.0,parque,google_maps,Hace 8 años,Parque Okayama,neutral
"Excelente lugar en el centro de la ciudad con un hermoso clima, tiene patos vivos y carpas koi, con puentes y jardines estilo japones",5.0,parque,google_maps,Hace 7 años,Parque Okayama,positiva
"Exelete Parque para pasar una tarde con tu pareja o amigos,los atardeceres son hermosos y el parque esta limpio y tiene un ambiente agradable...siempre que voy nos comemos un helado de la Heladería que queda al puro frente del Parque.",5.0,parque,google_maps,Hace 3 años,Parque Okayama,positiva
Lindo parque para disfrutar de la naturaleza,5.0,parque,google_maps,Hace 7 años,Parque Okayama,positiva
"Muy bonito , cuenta con patos en el lago senderos muy bonitos y es seguro",5.0,parque,google_maps,Hace 7 años,Parque Okayama,positiva
"El Parque Okayama, ubicado en San Francisco de Dos Ríos, es un espacio hermoso y muy bien cuidado que celebra la relación entre Costa Rica y Japón. Su diseño, basado en principios de Feng Shui, ofrece un ambiente de paz y armonía con senderos, jardines, estanques y una estatua de Momotarō. Ideal para familias, cuenta con áreas infantiles, un anfiteatro al aire libre y espacios perfectos para caminar o relajarse. Es seguro, tranquilo y está abierto las 24 horas. La experiencia fue excelente y coincide con los buenos comentarios de otros visitantes. Es un lugar ideal para desconectarse en medio de la ciudad. Sin duda, un verdadero tesoro urbano que vale la pena visitar y disfrutar. Lo recomiendo al 100 %.",5.0,parque,google_maps,Hace un año,Parque Okayama,positiva
Un parque para toda la familia donde puedes hacer pikni y pasar un momento agradable con tus hijos,5.0,parque,google_maps,Hace 8 años,Parque Okayama,positiva
"Un excelente lugar, compartir, y pasar una excelente noche",5.0,parque,google_maps,Hace un mes,Parque Okayama,positiva
Si me gusta lo que pasa que me dan lastima los patos xq muy sucio el lagito deberían de cuidarlo mas,2.0,parque,google_maps,Hace 6 años,Parque Okayama,negativa
Un lugar muy bonito y accesible para toda la familia con diversidad de locales de comida y zonas de juegos para los pequeños,5.0,parque,google_maps,Hace 8 meses,Parque Okayama,positiva
"Un lugar cuidado y con n espacio verde para compartir, no es el más grande pero muy cuidado. Con muchas opciones de comida cerca.",5.0,parque,google_maps,Hace 7 meses,Parque Okayama,positiva
Seguro y muy buena zona de comidas rápidas.!!!,5.0,parque,google_maps,Hace 3 meses,Parque Okayama,positiva
"Parque Morazán en San José es un lugar maravilloso para disfrutar de un ambiente tranquilo en medio de la ciudad. Su hermoso Templo de la Música y los monumentos a grandes personajes históricos le dan un valor cultural único. Las amplias áreas verdes y los árboles ofrecen un espacio perfecto para relajarse y pasear. Además, el parque es escenario de múltiples actividades culturales que enriquecen la experiencia de los visitantes. Es un sitio imprescindible para quienes desean conocer la esencia de San José y conectarse con su historia y cultura.",5.0,parque,google_maps,Hace 8 meses,Parque Morazán,positiva
"Un lindo parque en el centro de San José. Muy temprano en la mañana vimos policías, por lo que nos pareció muy seguro para caminar y tomar fotos. En septiembre 2025 estaba en buen estado, limpio y las estatuas y bustos bien conservados. En la tarde el ""templo de la música"" lo vimos lleno de muchachos compartiendo y parejas en las bancas, por lo que no nos pareció inseguro.",5.0,parque,google_maps,Hace 10 meses,Parque Morazán,positiva
"Muy lindo parque. Tranquilo, agradable, aunque luce un poco abandonado. Los bancos sucios, el olor a orina sobre todo donde está la glorieta. El inicio del parque cruzando la calle luce más bonito y limpio.",4.0,parque,google_maps,Hace un año,Parque Morazán,positiva
"Increíble,muy lindo V Fui para un evento y realmente me gustó.",5.0,parque,google_maps,Hace 3 meses,Parque Morazán,positiva
"El parque Morazan ubicado en el centro de San José, un lugar bastante agradable para pasar la tarde, cerca de minisupers, hoteles y restaurantes. si llegas en el momento adecuado, un lugar lleno de arte, baile, canto, acrobacias y música.",5.0,parque,google_maps,Hace un año,Parque Morazán,positiva
"Últimamente esta bien cuidado, un lugar agradable para descansar y tomar aire en el centro de la capital.",5.0,parque,google_maps,Hace un año,Parque Morazán,positiva
"- Parque situado en el corazón de la ciudad de San José con amplios jardines, muchos árboles, esculturas y bancas para sentarse y escapar del bullicio de la ciudad. - Bello e interesante lugar público, que además es gratuito para visitar. Durante la tarde se juntan grupos de personas a tocar instrumentos y hacer malabares. - En el parque Morazán encontrarás obras de arte como el “Templo de la Música”, su diseño fue realizado por el arquitecto Francisco Salazar, y es una réplica casi exacta del Templo del Amor y la Música ubicada en el Palacio de Versalles, en París, Francia. - Aquí también encontrarás las ""Alas de México"" del artista José Marín. Esta obra simboliza el sueño eterno del ser humano por trascender y alcanzar nuevas alturas, no solo a escala física, sino también en otros ámbitos.",4.0,parque,google_maps,Hace 4 años,Parque Morazán,positiva
No es grande pero se puede visitar y disfrutar unos minutos entre sus jardines y árboles.,3.0,parque,google_maps,Hace un año,Parque Morazán,neutral
"Este sitio es un pequeño pulmón en San José, pequeña área verde, muy oportuna pars tomar un descanso, si se está recorriendo San José, hay actividades culturales, y el quiosco es muy funcional para niños que pertenecen a bandas musicales, de escuelas ubicadas alrededor de dicho parque.",5.0,parque,google_maps,Hace 2 años,Parque Morazán,positiva
Lindo parque verde en medio de la ciudad. El templo de la música y la escultura de los enamorados valen la pena!,4.0,parque,google_maps,Hace 4 años,Parque Morazán,positiva
"El parque es un lindo lugar para pasar el rato. Lo que lo daña son los indigentes, y gente rara que suele ser habitual verla en San José y él área metropolitana en general",4.0,parque,google_maps,Hace 2 años,Parque Morazán,positiva
"Uno de los puntos más bellos de san José, verdecito, con flores, el templo de la música es muy bonito.",5.0,parque,google_maps,Hace 2 años,Parque Morazán,positiva
"Muy bonita experiencia que da tranquilidad, me gusto bastante caminar por ahí",5.0,parque,google_maps,Hace un año,Parque Morazán,positiva
Municipalidad de San José debe invertir en este precioso lugar. Vale la pena visitarlo.,4.0,parque,google_maps,Hace 2 años,Parque Morazán,positiva
"Hoy, celebrando el día del adulto mayor, amenazado por la super orquesta de Lubin Barahona y los caballeros del ritmo y con auspicio de la Municipalidad de San José, Costa Rica.",4.0,parque,google_maps,Hace 9 meses,Parque Morazán,positiva
Es un parque muy bonito y histórico,5.0,parque,google_maps,Hace 2 años,Parque Morazán,positiva
"Buen parque. Muy limpio, sombreado, y hermoso.",5.0,parque,google_maps,Hace un año,Parque Morazán,positiva
"Es peligroso, presencié dos asaltos en persona. Andar atentos",3.0,parque,google_maps,Hace un mes,Parque Morazán,neutral
El lugar es bonito pero puede ser muy solo a veces,4.0,parque,google_maps,Hace 6 meses,Parque Morazán,positiva
"Es muy bonito, pero tengan cuidado de noche.",4.0,parque,google_maps,Hace 6 meses,Parque Morazán,positiva
"Este lugar lleno de paz en medio del centro de la ciudad; es ideal para tomar un momento de descanso y contemplar no solo la naturaleza sino también la gran cantidad de estatuas en mención a importantes personalidades de Latinoamérica. Se une a dos importantes lugares mas, Jardín La Paz y El Parque España lo que ofrece mayores espacios y un motivo más para ir a conocerlos.",5.0,parque,google_maps,Hace 2 años,Parque Morazán,positiva
"Precioso, miren las fotos que tome",5.0,parque,google_maps,Hace 4 años,Parque Morazán,positiva
"Lo conocí por accidente visitando Costa Rica estaba incluido en el ""Transitarte"" y ahí había cosas de mascotas y danza teatral o acrobática... bonito",4.0,parque,google_maps,Hace un año,Parque Morazán,positiva
Es un parque muy bello que engalana este sector de la ciudad y hace un impacto visual agradable para el hotel y las escuelas que lo rodean. Ha sufrido varias remodelaciones y algunos arboles fueron podados en alguna oportunidad pero el concepto actual es muy bonito e integra toda el area con zonas para sentarse y mucha sombra natural. Es muy refrescante pasar por esa area de la cuidad de San Jose.,5.0,parque,google_maps,Hace 2 años,Parque Morazán,positiva
"Toda la felicidad de mi niñez aflora cuando camino por él... voy a agregar mi relato: El parque Morazán, su baranda, sus gradas, de aquel puente era, para mí, como abrir una ventana secreta al corazón de San José, el puente, no cruzaba un río como los puentes de mi Escazú, No había agua ni piedras ni Olominas. Solo concreto, y asfalto, y un aire espeso que olía a caña fermentada, olor, que muchos encontraban desagradable, a mí me fascinaba, era un olor familiar, pues mi tío Coca Ramirez, muchas veces nos llevó a los trapiches de Don Guido Madrigal, Mel Sandi, Don Tite Hidalgo, San Antonio de Escazú, (Los Trapiches siguen ahí), íbamos a recoger Cachaza para los cerdos de la chanchera que tenía a la par de nuestra casa. Me encantaba ir a esos trapiches, siempre nos regalaban punto o sobado, yo veía atento el proceso de elaboración de las tapas de dulce, los bueyes girando, la molienda de la caña, ver como alimentaban el fuego en las grandes pailas con bagazo de la misma caña, todo era para mi emocionante son imágenes que están ahí para siempre, es un perfume de otro tiempo, como si la tierra misma recordara los días en que la Tapa de dulce era Reina y el aguardiente corría en pichingas de metal, camuflando el oro líquido, y el tiempo se media en su reloj de sol de la pared este de la fanal. Arboles altos, de Jacarandas, y Llama del Bosque, muy familiares para mí, Su Puente Rojo Curvo tradicional Japones, que alguna vez existió, debajo bellisimos peces de colores, como los de la clinica Moreno Cañas, sus hamacas de cadenas y tobogán, de frio hierro, sus faroles antiguos, su Edificio Metálico, su parque España, todo parecía sacado de una postal que alguien había olvidado enviar, o de las innumerables fotos que mi tía Ana poseía, fruto de sus años, trabajando en el Estudio fotográfico, Wilhelm Staufer, fundado, en 1947, (dato biografía, Gertrud Peters), fotos y postales que guarda mi hermana cómo un tesoro invaluable. Actualizado abril 2026.",5.0,parque,google_maps,Hace 3 meses,Parque Morazán,positiva
"Un parque muy agradable para pasar y descansar del argetreo de la ciudad con bancos donde sentarse y disfrutar de un momento de relajación. Tiene como sello especial unas las de angel para hacerse fotografías, estás alas fueron donados por la ciudad de México. Muy recomendado.",4.0,parque,google_maps,Hace 2 años,Parque Morazán,positiva
"Lugar tranquilo donde se puede pasar el rato cerca de la ciudad. Ambiente tranquilo, pero ruidoso por la circulación constante de vehículos, sin embargo muy atractivo por su arquitectura ambiental. Lugares cercanos para comer y para tomar transporte en tren y autobús..",5.0,parque,google_maps,Hace 3 años,Parque Morazán,positiva
"Tiene su encanto este parque, el Kiosco o templo de la música es espectacular",5.0,parque,google_maps,Hace 4 años,Parque Morazán,positiva
"Se ha vuelto muy seguro, más limpio y con más luz",5.0,parque,google_maps,Hace 8 meses,Parque Morazán,positiva
"Es un parque bonito, transitado y no recomiendo pasar de noche por el sitio. Recomiendo tener precaución al visitarlo, puede ser inseguro",5.0,parque,google_maps,Hace un año,Parque Morazán,positiva
Para disfrutar con la familia.,5.0,parque,google_maps,Hace 2 años,Parque Morazán,positiva
"El Parque Morazán es un lugar histórico que además de ser un sitio de tránsito para quienes se movilizan de este a oeste y viceversa es también un pequeño pulmón para ese sector de San José. Por ratos está limpio, por ratos es un lugar peligroso para los transeúntes por cierta gente que precisamente busca víctimas porque a veces se vuelve concurrido, sobre todo por la salida de escolares de la Vitalia Madrigal.",4.0,parque,google_maps,Hace 2 años,Parque Morazán,positiva
"Bello lugar, un poco inseguro, bastante indigente en la zona",4.0,parque,google_maps,Hace 8 meses,Parque Morazán,positiva
Caminar por las tardes.o solo ir.a.sentarse un rato.o tomarse algunas fotos en la estatua del señor que limpia.,5.0,parque,google_maps,Hace un año,Parque Morazán,positiva
"Muy bonito por la historia que puedes encontrar, pero se respira un ambiente algo inseguro",4.0,parque,google_maps,Hace un año,Parque Morazán,positiva
"El parque es bonito, sin embargo no se siente un lugar muy seguro para estar ahí, hay indigencia en los alrededores",4.0,parque,google_maps,Hace 2 años,Parque Morazán,positiva
"No cabe duda que siempre hay un sesgo, en lo que uno habla oh dice de algo, según uno lo percibe, sin embargo decir la realidad de las cosas es Verdad, y el parque Morazan tiene muchas características, que vale la pena resaltar: ubicación, ( en medio de escuelas, formadora de personajes históricos costarricenses.) República de Perú, y vitalia madrigal. Escuela Julia Lang. Al estar estas dos instituciones, el parque permite movilizar a los alumnos para actividades culturales, y contacto con la naturaleza. Otro sitio es el hotel Aurola Holliday, que se engalanado por dicho parque, que es atractivo para turistas que vienen a conocer, nuestra ciudad capital, y refrescante para la población en general que diariamente lo atraviesa por trabajo o placer de hacerlo.",5.0,parque,google_maps,Hace 2 años,Parque Morazán,positiva
"Muy lindo parque, perfecto para dar una vuelta con amigos, interactuar con extranjeros, o simplemente pasar el rato sentado, se pueden ver policías por el area asi que se esta seguro en todo momento, lo unico malo, es que los vendedores ambulantes llegan a ser algo molestos e insistentes, pero nada que arruine la experiencia en el parque.",4.0,parque,google_maps,Hace 3 años,Parque Morazán,positiva
"Muy buen ambiente, solo que las personas no colaboran con la limpieza y ensucian el parque, pero lo demás es excelente las estatuas y flores q habitan en el",5.0,parque,google_maps,Hace 3 años,Parque Morazán,positiva
"El parque en sí está muy bien cuidado ,con el tema de la indigencia eso sería lo único mal ,pero es algo que se le salió de las manos al gobierno.",5.0,parque,google_maps,Hace 2 años,Parque Morazán,positiva
Lo intentan mantener limpio. Espacio utilizado para actividades culturales. Algunos buses tienen una parada ahí. Hay zonas verdes,5.0,parque,google_maps,Hace 2 años,Parque Morazán,positiva
Me gusta ir de vez en cuando y sentarme a grabar mis videos de motivación espiritual porque esta rodeado de árboles y el trinar de los pájaros,5.0,parque,google_maps,Hace 2 años,Parque Morazán,positiva
"Hay demasiada indigencia, drogadictos y alcohólicos a cada rato se le acercan a uno a pedir plata, una pareja que parecían habitantes de la calle discutiendo y gritando en medio parque",3.0,parque,google_maps,Hace 2 años,Parque Morazán,neutral
Es muy bonito y con árboles maravillosos la gente muy amable,5.0,parque,google_maps,Hace un año,Parque Morazán,positiva
"De verdad amé este sector. Es para senderear y por un precio increíble. Creo que hace falta la opción de contratar guías o un mapa más detallado, ya que en algún punto nos desubicamos un poco. Y estoy segura que con un guía habríamos observado mucha fauna. Aún así increíble. Si te gustan los paisajes lindos y la naturaleza este es tu lugar. Hay que tomar la ruta hacia los abuelos para ver lo que es en mi opinión una de las partes mas bonitas del parque. En esta visita a Costa Rica fue uno de mis puntos favoritos",5.0,parque,google_maps,Hace 5 meses,Parque Nacional Volcán Irazú - Sector Prusia,positiva
"Ya he ido dos veces y siempre me encanta, el bosque es bellísimo, como de película es como un sueño, me da la sensación de quedarme a vivir ahí para siempre o de morir ahí. Los senderos son mortales así que deben ir listos para caminar, pero hay distintos senderos con diferentes dificultades y distancias. Les recomiendo visitar el árbol embrujado y el mirador, para mí son las principales atracciones porque durante ese recorrido el bosque se ve hermoso",5.0,parque,google_maps,Hace 6 meses,Parque Nacional Volcán Irazú - Sector Prusia,positiva
"Casi se siente como estar en otro planeta. La entrada es muy barata, ronda los ₡1500 para adultos, y extranjeros $15 si no me equivoco. Es bueno llevar muy buen abrigo, o varios si se consideran personas muy friolentas. También recomiendo llevar buena hidratación y algún que otro snack, aunque el parque tiene cafetería (no la probé). La vista es excelente. Si topan con suerte, y está despejado, verán San José, Heredia, Alajuela, el Volcán Turrialba y hasta parte del Mar Caribe.",5.0,parque,google_maps,Hace 5 meses,Parque Nacional Volcán Irazú - Sector Prusia,positiva
"Super recomendado para caminar, hay senderos desde 2 km hasta 12 km. Importante, se necesita reservar la entrada en la pagina del SINAC, “Reservas en Linea”.",5.0,parque,google_maps,Hace un mes,Parque Nacional Volcán Irazú - Sector Prusia,positiva
"Es un lugar magico para compartir con niños, familia, amigos y hasta con la pareja , una caminata muy facil con buenas vistas y excelente para tomar fotos . Recomiendo despues o ir a desayunar o almorzar en Hacienda Retes , queda cerca de Prusia, la comida, el lugar y la atencion al publico es excelente , les recomiendo la pizza de hacienda retes.",5.0,parque,google_maps,Hace 6 meses,Parque Nacional Volcán Irazú - Sector Prusia,positiva
"Un buen lugar para pasar 1 dia,hay muchas rutas largas y cortas para diferente niveles de hiking.",5.0,parque,google_maps,Hace 4 meses,Parque Nacional Volcán Irazú - Sector Prusia,positiva
Lindo lugar para caminar y distraerse de la rutina y el caos de la cuidad!,5.0,parque,google_maps,Hace 2 meses,Parque Nacional Volcán Irazú - Sector Prusia,positiva
"Una experiencia muy diferente en el Parque Nacional Volcan Irazú. Este lugar es recomendado para personas que les guste hacer caminantas, los senderos son bastante complicados si no tienes experiencia. hay pocos servicios pero la entrada es muy barata. Es un sitio más para el deporte, respirar y observar paisajes diferentes.",5.0,parque,google_maps,Hace 3 meses,Parque Nacional Volcán Irazú - Sector Prusia,positiva
"Es un lugar PRECIOSO, donde conectar con la naturaleza es fácil",5.0,parque,google_maps,Hace un mes,Parque Nacional Volcán Irazú - Sector Prusia,positiva
"El lugar es mágico… hermoso, digno de visitar las veces que se pueda… punto negativo, la soda!! No se embarquen en comprar nada!! Muy caro y mal sabor",5.0,parque,google_maps,Hace 4 meses,Parque Nacional Volcán Irazú - Sector Prusia,positiva
"Muy buen lugar para un tour de un día Muy limpio,bien señalizado,buen trato de parte de los empleados,baños limpios Ninguna queja.",5.0,parque,google_maps,Hace 6 meses,Parque Nacional Volcán Irazú - Sector Prusia,positiva
"Maravillosa la experiencia, los senderos están hechos para todo tipo de gustos.",5.0,parque,google_maps,Hace 4 meses,Parque Nacional Volcán Irazú - Sector Prusia,positiva
"Muy bonito lugar para un paseo de un día, caminatas o correr dentro del parque",5.0,parque,google_maps,Hace 7 meses,Parque Nacional Volcán Irazú - Sector Prusia,positiva
"Me encantó que es accesible para ir con toda la familia, la información dentro del museo y fuera en los miradores, es muy interesante y es de los mejores cráteres de volcán activos que podrán disfrutar así a esa distancia desde el mirador. Paisajes hermoso s tanto del cráter como de la laguna. Me encanta este lugar.",5.0,parque,google_maps,Hace 2 años,Parque Nacional Volcán Irazú - Sector Prusia,positiva
Buenas vistas baños aseados buen parqueo que se puede utilizar para hacer caminatas por sectores aledaños … cerca hay una ruta exigente y de fácil acceso para entrenamiento de caminata … hay cafetería . Buena señalización ! Esta vez no visité el mirador del cráter principal pero es espectacular la vista desde ahí!!!!!,5.0,parque,google_maps,Hace 2 años,Parque Nacional Volcán Irazú - Sector Prusia,positiva
Muy buen lugar para escapar un rato. Caminata facil,5.0,parque,google_maps,Hace un mes,Parque Nacional Volcán Irazú - Sector Prusia,positiva
"Hermoso lugar para pasar con familia, los senderos son hermosos y para casi cualquier tipo de persona",5.0,parque,google_maps,Hace 7 meses,Parque Nacional Volcán Irazú - Sector Prusia,positiva
"De los lugares más lindos de Costa Rica, uno de sus Parques Nacionales más majestuosos. Para visitar en familia, amigos o pareja.",5.0,parque,google_maps,Hace 7 meses,Parque Nacional Volcán Irazú - Sector Prusia,positiva
"Super bonito. Las rutas son bastante inclinadas, sobre todo la primera parte. El precio para no nacionales es $5, más baratos que otros parques por el norte del país. Recomiendo 100% si visitas San José. El camino para llegar por la montaña es precioso, pero si que se hace un poco largo por la carretera y el atascó.",4.0,parque,google_maps,Hace 5 años,Parque Nacional Volcán Irazú - Sector Prusia,positiva
"Hola, salida de entrenamiento, visite Prusia. Se sale en bus del Teatro Nacional 8 a.m. y te dejan en la entrada del Sanatorio 10 a.m., hay que pedir un ""taxi"" porque son 4 km hasta la entrada de Prusia y esta dura la subida...yo lo intente pero no logre avanzar mucho. Para los novatos como yo el trayecto de ingreso de la caseta a la zona donde empiezan los senderos es bastante pesada, llévela con calma. Una vez en los senderos el alma entra en control del cuerpo y todo se hace más sencillo y realmente fascinante. Les dejo unas imágenes, recomiendo el trayecto, te sentirás en otro mundo. Recorrí 10 km en senderos por 2 horas y media, el clima estuvo muy agradable, no ocupe abrigo pero mejor vaya preparado. Para la próxima visita tomaré los senderos más largos, Cabeza de Vaca y la Gruta para ir mejorando mi condición actual. Espero les sea útil la información para que se animen a vivir estos lugares, no solo se trata de caminar, sino de disfrutar.",5.0,parque,google_maps,Hace 3 años,Parque Nacional Volcán Irazú - Sector Prusia,positiva
"Tiene hermosos paisajes es naturaleza pura, hay varios senderos donde se puede caminar más de 10 kilómetros. La parte más difícil es al inicio ya que es pura subida y se requiere de algo de condición o subir bien despacio. La entrada se compra online, recordar que no se puede ingresar al parque con nada que sea de plástico (solo bolsas ziploc) el parqueo para carros tiene un precio de 2mil colones y para motocicletas de mil. Las personas que te atienden son muy amables.",5.0,parque,google_maps,Hace 4 años,Parque Nacional Volcán Irazú - Sector Prusia,positiva
"Magnifico lugar para disfrutar en contacto a la naturaleza. Gran cantidad de senderos con diferentes distancias y dificultades. Las vistas, la vegetacion y cada metro cuadrado en este magico bosque, te llevara en un viaje de tranquilidad. Si eres amante de las camintas en el bosque, esye es tu luguar.",5.0,parque,google_maps,Hace un año,Parque Nacional Volcán Irazú - Sector Prusia,positiva
"El Sector Prusia del Parque Nacional Volcán Irazú es un lugar con coníferas o pinos en las montañas de Cartago, en las faldas de es este macizo volcánico. El clima es húmedo y a veces frío. Los senderos son de tierra, debido a la humedad o lluvia, lo mejor es ir con ropa cómoda y zapatos cómodos o actos para barriales. Camine despacio y lleve agua para hidratase ya que algunos tramos de los senderos pueden resultar largos y algo inclinados pero no imposibles ni peligrosos. Tanto esfuerzo físico resultará en un buen ejercicio al aire libre y en una vista y paisajes increíbles debido a la combinación de vegetación tradicional costarricense con los pinos.",5.0,parque,google_maps,Hace un año,Parque Nacional Volcán Irazú - Sector Prusia,positiva
"Un buen lugar para hacer senderismo. Tiene baños, y agua potable SOLO en la entrada. Hay senderos largos y cortos, además de miradores y distintos tipos de climas. La entrada para nacionales ronda los 1200 colones, para extranjeros es disntos y las entradas se compran en la página del SINAC para todos con hora de entrada. Aquí No están los campos con las flores amarillas, eso es otra propiedad que queda casi llegando a la entrada del parque. La hora de entrada empieza a las 8:00 am y se asigna a la hora de comprar la entrada. además casi no hay señal de teléfono celular.",5.0,parque,google_maps,Hace 3 años,Parque Nacional Volcán Irazú - Sector Prusia,positiva
Muy buena opción para visitar y conocer o inclusive hacer un recorrido cada equis tiempo vista muy hermosa y el lugar se mantiene siempre bien cuidado excelente lugar si quieres tomar fotografías o hacer una gira con conocidos. El día que fuimos mucho frio en las fotos de abajo se puede apreciar un poco pero de igual manera fue una grata experiencia,5.0,parque,google_maps,Hace 3 años,Parque Nacional Volcán Irazú - Sector Prusia,positiva
"Hermoso! Linda vista, bellos árboles, bellos bisques, muchos senderos y después de caminar bastante llegamos a ver el árbol embrujado, que en realidad me parecio un arbol mágico y bello en medio del bosque. Mucho aire fresco, seguro, mucho verde y además te relajas demasiado, rideada de toda esa naturaleza tan bella. 100 % recomendado",5.0,parque,google_maps,Hace 4 años,Parque Nacional Volcán Irazú - Sector Prusia,positiva
"Malísima experiencia la que presencié en este lugar. Al llegar, estábamos en grupo —entre nosotros había un padre de familia con sus hijos y varias personas afrodecendientes, llegamos al lugar ya que pensábamos hacer un video musical mostrando diferentes partes del país en la naturaleza — cuando uno de los guardas de seguridad se nos acercó y nos preguntó si íbamos a reservar. Respondimos que sí, y él nos pidió que nos apartáramos de la fila porque “no quería que la gente lo escuchara”. Una vez aparte, el guarda nos dijo que cuando pasáramos más adelante nos iban a revisar “por si andábamos algo ilegal”. Le respondimos con tranquilidad que no, que todo bien, que no llevábamos nada extraño. Sin embargo, insistió, diciendo: “No, no, me refiero a sustancias ilícitas; solo para que sepan que los vamos a revisar”. Fue evidente que ese comentario fue totalmente innecesario y fuera de lugar, ya que se dirigió únicamente a nosotros, mientras muchas otras personas pasaban sin recibir ningún tipo de advertencia. Nos hizo sentir incómodos y molestos, especialmente porque estaban los hijos de un padre de familia presentes, y la situación dio a entender una insinuación discriminatoria. Por el mal momento después de pegarle sus 4 gritos, decidimos retirarnos. Mientras salíamos, el mismo guarda regresó, esta vez con un fusil en la mano, intentando intimidar, a pesar de que nadie lo había amenazado o sacado algún tipo de arma, más allá de reclamarle por qué solo a nosotros nos hacía ese comentario mientras los demás pasaban sin advertencia. Uno de los compañeros comenzó a grabar con su celular, mientras el guarda, visiblemente nervioso, no sabía cómo manejar la situación. Cuando se le preguntó al hombre que atiende en la ventanilla —un pelón con barba— por qué el guarda actuaba de esa manera, sin saber muy bien qué decir respondió con voz temblorosa que era “por protocolo”. Aun así, fue evidente que el uso del arma fue innecesario y que el comentario inicial del guarda tuvo un tono claramente discriminatorio. Incluso una señorita muy amable que nos atendía para poder hacer la reservación dijo algo molesta: “yo no sé por qué él hizo eso”, reconociendo que no había ninguna razón para su comportamiento. Entiendo que el personal de seguridad tenga que cumplir con su trabajo, pero esas acciones deben aplicarse de forma equitativa, sin señalar ni humillar a ningún grupo de personas. Un acto como este podría haber terminado en una tragedia por el mal actuar del guarda, que decidió regresar con un arma para intimidar sin motivo alguno gracias a dios el padre de familia que se molestó con el guarda no vio esa acción por qué pudo haber ido a peor la situación . Ojalá el establecimiento investigue lo ocurrido, tome las medidas disciplinarias correspondientes y capacite a su personal para actuar sin discriminación ni abuso de autoridad, especialmente cuando hay familias y menores presentes.",1.0,parque,google_maps,Hace 9 meses,Parque Nacional Volcán Irazú - Sector Prusia,negativa
"Las entradas se pueden comprar en linea El parque es bonito, la zona es muy bella, el dia que fui se oia por todo lado una motosierra cortando y cortando... todo el sendero la escuche matando la armonia de la naturaleza el silencio y la tranquilidad que uno busca... no hay zona de picnic específica ni muy grande, es practicamente en el parqueo pero por lo menos es en zona verde.... si hay baños. Creo q tienen que mejorar mucho y evitar ruidos de motosierra cortando arboles en un parque donde uno busca tranquilidad....",3.0,parque,google_maps,Hace 2 años,Parque Nacional Volcán Irazú - Sector Prusia,neutral
"Demasiado hermoso, para despejarse es un excelente lugar",5.0,parque,google_maps,Hace 5 meses,Parque Nacional Volcán Irazú - Sector Prusia,positiva
"Una excelente experiencia si te gusta la naturaleza y el senderismo, el clima frío y ver paisajes, el precio súper cómodo, recomiendo ir mejor antes de medio día para así apreciar más los miradores una experiencia única el acceso es un poco de cuestas cuando vas a llegar pero yo subí en un automóvil bajo sube cualquier auto. Recomendado",5.0,parque,google_maps,Hace 3 años,Parque Nacional Volcán Irazú - Sector Prusia,positiva
"Un lugar hermoso y MAGICO. Es increíble, totalmente recomendado. Para practicar senderismo es súper ideal. Hay muchos tipos de senderos, desde categoría principiante a avanzado, es solo de llevar el ritmo. Importante: Solo se puede ir con reserva y escoger entre las horas 8am, 9am, 10am, 11am, 12am, 1:00pm (última hora para poder entrar), a través de la página del Sinac. Cuesta 1000 colones el ingreso adultos, 500 niños, no pagan menos de 2 años ni tampoco cuidados de oro. La tarifa para extranjeros es de 5$ (same for kids ). Ya no se puede hacer picnic ni comer dentro del parque. Tienen que llevar los snacks (barritas de energia) en bolsa ziploc. Totalmente recomendado, es un lugar increíblemente hermoso.",5.0,parque,google_maps,Hace 4 años,Parque Nacional Volcán Irazú - Sector Prusia,positiva
"Es un lugar perfecto para darse una pequeña escapada familiar, de pareja o amigos, cuenta con diferentes zonas para hacer picnic , además cuenta con una gran cantidad de senderos donde encontrarás lugares hermosos, además de llenarse de aire puro(los senderos se realizan por caminos llenos de magia natural). Es un perfecto lugar para pssar el tiempo con sus seres queridos y conocer la naturaleza que les rodea. Nota: Se recomienda llevar ropa cómoda y agua.",5.0,parque,google_maps,Hace 2 años,Parque Nacional Volcán Irazú - Sector Prusia,positiva
Lugar magico y espectacular. La abundancia de flora y fauna es cautivadora. Cuenta la leyenda que es hogar de duendes en el corazón del bosque y existen historias de seres de pequeña estatura rondando el místico árbol embrujado.,5.0,parque,google_maps,Hace 2 años,Parque Nacional Volcán Irazú - Sector Prusia,positiva
"Hermoso parque nacional, uno del los 32 que tiene Costa Rica. Este en particular tiene un ambiente fresco que a partir de las 15 horas se siente. Está a una altura considerable y se puede ver vegetación introducida como también bosque nuevo. Tiene una ambientación y un entorno que tranquilamente si fuera fantasma iría a ese lugar a vivir je. Lugar misterioso y mágico, que habitan duendes, brujas y fantasmas ( todo esto según leyendas y testigos del lugar ). Uno de los mejores lugares para hacer trekking con La Paz del volcán activo",5.0,parque,google_maps,Hace 2 años,Parque Nacional Volcán Irazú - Sector Prusia,positiva
Recomendaciones: * Levar mucha agua. * Llevar algo de comer para el camino. * Llevar ropa cómoda y abrigos por el frío. * Comprar entradas online días antes para evitar perder el espacio. * Entradas a Nacionales vale 1000 colones. * Bloqueador solar por que hay partes donde hace mucho sol. * Mucha resistencia por que se pone un poco pesado el camino por la subida.,5.0,parque,google_maps,Hace 3 años,Parque Nacional Volcán Irazú - Sector Prusia,positiva
"Hermoso Bosque para respirar aire puro, caminar y disfrutar del clima frío y con neblina!! La caminata de los senderos largos es para nivel intermedio a avanzado, ir preparado. Llevar fruta, agua y barra energética.",5.0,parque,google_maps,Hace 5 años,Parque Nacional Volcán Irazú - Sector Prusia,positiva
"Muy frío, recuerden lleva abrigo, no hay agua potable, procura llevar tu botella reutilizable Recuerda cuidar la naturaleza",5.0,parque,google_maps,Hace 8 meses,Parque Nacional Volcán Irazú - Sector Prusia,positiva
"Súper recomendado ir a Prusia para hay zona de picnic, un restaurante pequeño y los diferentes senderos. Sólo hay una zona de baños por el área del picnic. Si van en temporada alta irse temprano para evitar la conglomeración de gente en la entrada, cualquier otro día se ingresa tranquilamente. El inicio es bastante empinado así que no gasten la energía de una, luego algunos senderos son más fáciles que otros, están señalizados por dificultad. El clima es frío y más lluvioso según la época. Nosotros tomamos el sendero la Gruta y luego los Chiverrales este último especialmente nos encantó, ahí verán en las fotos del porqué. Al terminar se sale del parque, es seguro pero uno desea que alguien le haga ride hasta el parqueo.",5.0,parque,google_maps,Hace 7 años,Parque Nacional Volcán Irazú - Sector Prusia,positiva
"Para ir a caminar en la naturaleza, tiene muy buen clima, hasta donde vimos el camino principal no tiene nada especial, los senderos si están bien mantenido, servicios sanitarios con instalaciones pobres, mesas de picnic deterioradas. Si se disfruta la caminata pero no hay muchas atracciones fuera de eso.",3.0,parque,google_maps,Hace 8 años,Parque Nacional Volcán Irazú - Sector Prusia,neutral
"Es un hermoso lugar para disfrutar con la naturaleza y estar rodeado de árboles! Para conocer mucho hay que caminar bastante e ir con suéter! Hoy fui y está muy lindo, lamentablemente hacen falta como basureros ya que no vi ningún lugar solo en los baños nada más y además en los baños hace falta jabón entonces lleven gel para limpiar manos.",4.0,parque,google_maps,Hace 8 años,Parque Nacional Volcán Irazú - Sector Prusia,positiva
"Linda vistas, no es un recorrido muy extenso para senderismo en 1 hora como mucho recorres las dos vistas. El precio es un poco elevado para 2 personas ( extranjeros) u$s32. La llegada en vehículo es súper lenta por las curvas y la baja velocidad que podes llevar. Son 3400 m.s.n.m",4.0,parque,google_maps,Hace 2 años,Parque Nacional Volcán Irazú - Sector Prusia,positiva
Tiene varios senderos con todas las dificultades. El parqueo es gratis y hay que hacer reserva en la página del SINAC. Los senderos están en buen estado y el clima es muy fresco,5.0,parque,google_maps,Hace un año,Parque Nacional Volcán Irazú - Sector Prusia,positiva
"Un lugar maravilloso! Aire fresco, árboles impresionantes, lindo mirador, diferentes recorridos para caminata principiante e intermedia. Solo ingresa comida en bolsa ziplock, no empaques comerciales y agua solo en botella propia (no plásticos desechables). Económico, amplia zona de parqueo, acceso automóvil y 4x4.",5.0,parque,google_maps,Hace 4 años,Parque Nacional Volcán Irazú - Sector Prusia,positiva
"Este es uno de los parques que más me gustan, cuenta con una gran cantidad de senderos que recorren diferentes tipos de bosques. Durante el recorrido se podrán apreciar aves, plantas, varias especies de hongos y si tienen suerte algunas especies de animales como coyotes. Es importante destacar que los senderos no son accesibles para personas con condiciones especiales. Otro aspecto es que son muy estrictos con el tipo de empaques que se ingresan, no se permite ningún tipo de plástico de un solo uso (galletas, barritas, maní, refrescos, etc) todo se debe llevar en empaques o envases reutilizables. Por último hay que recordar que solo se puede ingresar con la reserva que se hace por medio de la página del SINAC.",5.0,parque,google_maps,Hace 4 años,Parque Nacional Volcán Irazú - Sector Prusia,positiva
"Necesitan hacer más publicidad, específicamente de como adquirir las entradas al parque. Poca información de eso. Igualmente, si llegas al sitio sin las entradas, ahí le colaboran para hacer la compra online (solo online se puede) Se demora quizá 5 minutos. Buen parqueo.",5.0,parque,google_maps,Hace 2 años,Parque Nacional Volcán Irazú - Sector Prusia,positiva
"Lo que no me gustó fue que en la castilla de ingreso el ""guarda"" nos dijo que no podíamos ingresar si no habíamos realizado reservación qué desde hace 6 años se necesita para ingresar a parques. No lo se Rick. Porque acostumbro ir a todo lado y hasta ahora me salen con eso.",5.0,parque,google_maps,Hace 2 meses,Parque Nacional Volcán Irazú - Sector Prusia,positiva
"El lugar es bastante grande para caminar y todo con señalización. El árbol embrujado es un punto que no se puede quedar sin visitar. Es muy tranquilo y poco concurrido, lo cual ayuda a desestresarse y disfrutar más la experiencia. El parqueo es gratis, ya que la cruz roja ya no se encuentra en el lugar y la entrada es de 1000 por adulto, desde los 12 años. Se reserva en sinac.go.cr Recomendado!",5.0,parque,google_maps,Hace 3 años,Parque Nacional Volcán Irazú - Sector Prusia,positiva
"Definitivamente si se visita Cartago es una excelente opción para relajarse, disfrutar de la naturaleza y hacer picnic. Si se visita el bosque Prucia es bueno llevar abrigo, agua, zapatos deportivos y ropa cómoda más si se va a llegar en bus por que hay que caminar bastante desde donde los deja el bus hasta el bosque, pero el camino es muy bonito, casi en todo el recorrido para llegar a el parque hay una vista preciosa (claro que depende de cómo este el día). Cualquier carro puede llegar. También es importante tomar en cuenta que casi no hay restaurantes por la zona así que sería bueno llevar algo de comer. La entrada es de 1000 colones adultos, 500 colones niños.",5.0,parque,google_maps,Hace 8 años,Parque Nacional Volcán Irazú - Sector Prusia,positiva
"Un buen lugar para pasar el rato, es uno de mis puntos de referencia para encontrarme con amigos y se siente seguro. Muy buen spot para tomar fotos",5.0,parque,google_maps,Hace 7 meses,Plaza de La Cultura.,positiva
"Muy interesante recorrida por la historia de Costa Rica, desde las corrientes migratorias que generaron lo que es hoy un Pais con una cultura ancestral, que se siguen respetando algunas costumbres. La historia de la evolución del dinero y la impresion de billetes. Es un recorrido de 3 pisos, comienzan en el 3 subsuelo, para ir subiendo hacia lo mas moderno. Muy recomendable.",5.0,parque,google_maps,Hace 6 meses,Plaza de La Cultura.,positiva
Para pasar el tiempo conversando. Existen varias restricciones que la policía municipal te llaman la atención. Una de esas es que no te puedes acostar.,4.0,parque,google_maps,Hace 6 meses,Plaza de La Cultura.,positiva
"Cuenta con mejor seguridad que otros parques, los indigentes respetan más el espacio donde se congregan las personas a compartir. La seguridad no los deja acercarse. Aún así, no hay lugares con sombra para sentarse, todo es caliente y bochornoso, algún estilo de techo que trabaje con paneles solares para generar aire frío o caliente cuando las personas se congreguen o hagan eventos sería importante para un sitio tan turístico como ese.",2.0,parque,google_maps,Hace un mes,Plaza de La Cultura.,negativa
"El lugar está re chulo, puedes tomar todas las fotos que quieras por dentro y por fuera. Tienen estatuas y bustos de héroes nacionales y músicos como Beethoven. Además de cafetería. De ño bien.",5.0,parque,google_maps,Hace un año,Plaza de La Cultura.,positiva
Espectacular el teatro Nacional... Una joya.,5.0,parque,google_maps,Hace un mes,Plaza de La Cultura.,positiva
"La Plaza de la Cultura es, posiblemente, el punto de encuentro más vibrante y emblemático de San José. Describirla implica hablar de un espacio que es, literalmente, el ""corazón"" de la capital costarricense. ​Aquí tienes diferentes formas de describirla según lo que necesites transmitir: ​1. Descripción Arquitectónica y Visual ​A diferencia de las plazas tradicionales, la Plaza de la Cultura es una estructura de diseño subterráneo. Fue construida así para no restarle protagonismo al majestuoso Teatro Nacional. ​Los tres niveles: Bajo sus baldosas se encuentra un complejo cultural que alberga los Museos del Banco Central (Oro, Numismática y Artes Visuales). ​Minimalismo urbano: Su diseño es abierto, con fuentes de agua, amplias zonas peatonales y gradas de concreto que sirven como anfiteatro natural para los transeúntes. ​Contraste: Ofrece una vista impresionante donde conviven el estilo neoclásico del Teatro Nacional (siglo XIX) con la arquitectura moderna y funcional de la plaza y los edificios comerciales circundantes. ​2. El Ambiente Social (El ""pulso"" de la ciudad) ​Es el lugar donde se siente la verdadera energía del josefino. Se puede describir como: ​Punto de convergencia: Un sitio donde se mezclan ejecutivos con prisa, estudiantes, turistas, artistas callejeros y vendedores. ​Cultura popular: Es famosa por sus palomas (un icono visual del lugar) y por ser el escenario de conciertos espontáneos, estatuas humanas y manifestaciones sociales. ​Vida peatonal: Al estar conectada con el Bulevar de la Avenida Central, la plaza es el pulmón de descanso para miles de personas que caminan por el centro de la ciudad cada día.",5.0,parque,google_maps,Hace 7 meses,Plaza de La Cultura.,positiva
"Vivi muchas bellas experiencias, asi como un gran susto cuando haxe 24 años se me perdió una de mis hijas gracias a Dios apareció super bn pero ay que tener mucho cuidado porque en un abrir y cerrar de ojos, se puede una llevar este tipo de situaciones pero la plaza de la cultura es un lugar maravilloso",5.0,parque,google_maps,Hace un mes,Plaza de La Cultura.,positiva
"Siempre destacó ciertos sitios por su valor historico como por su utilidad hacia la sociedad, y algunos incluso nos dan identidad como es el caso de la plaza de la Cultura, donde miles de transeúntes lo atraviesan, ya sea para ir a sus trabajos, oh turistas que visitan el teatro Nacional oh el gran Hotel Costa Rica. También niños que acompañados de sus padres, juegan dándole comida a las palomas.",5.0,parque,google_maps,Hace 3 meses,Plaza de La Cultura.,positiva
"Solo estuve tardeando en plaza de la cultura, es un sitio muy concurrido pero a la vez tranquilo para estar... Cuenta con diversos lugares para comer a sus alrededores.",5.0,parque,google_maps,Hace 7 meses,Plaza de La Cultura.,positiva
"No hay nada que hacer aquí Si son turistas sepan que solo van a ver palomas, pero es un buen punto de encuentro porque le quedan todos los buses cerca No hay sombra entonces no recomiendo venir cuando hay mucho sol Hay muchas palomas y gente que les va a ofrecer tomarles la foto e imprimirla, yo creo que eso es muy caro pero pues, es lo único que hay por hacer acá jaja Hay banquitas de piedra, son ok. Es muy transitado entonces no lo considero un lugar peligroso para nada. Aparte siempre hay policías por acá. Al lado queda el Teatro que tiene una cafetería muy bonita Y en la Avenida Central hay mil cosas por hacer En Navidad a veces decoran, thats nice Pero bueno, es un lugar equis, para esperar a alguien o toparselos.",2.0,parque,google_maps,Hace un año,Plaza de La Cultura.,negativa
"Muy linda, mucho sol pero me gustó que habia bancas limpias para sentarse a pesar de la cantidad de palomas en la zona.",5.0,parque,google_maps,Hace un mes,Plaza de La Cultura.,positiva
Muy bien lugar para visitar,5.0,parque,google_maps,Hace 4 meses,Plaza de La Cultura.,positiva
Muy bonito todo. Estilo colonial.,5.0,parque,google_maps,Hace 2 meses,Plaza de La Cultura.,positiva
"Luego de la remodelacion se convirtió en un lugar más limpio, amplio y seguro. En las noches se puede disfrutar de las luces de la fuente que debo aceptar es muy hermosa. Mucha gente local y extranjeros se detienen un momento de su ajetreado día para admirar este pequeño espectáculo. Si además se visita el Teatro Nacional puede lograr una experiencia memorable. Disfrute también de un delicioso café y repostería en el café del Teatro. Nota final: es más bonito de noche.",5.0,parque,google_maps,Hace 8 años,Plaza de La Cultura.,positiva
Variedad de tiendas; muchas personas venden cosas en la calle y ademas el area tiene una variedad de restaurantes o comida rapida international.,5.0,parque,google_maps,Hace 5 meses,Plaza de La Cultura.,positiva
"Excelente para pasear, y poder entrar a conocer estos bellos edificios, así como el teatro y el museo del oro",5.0,parque,google_maps,Hace un mes,Plaza de La Cultura.,positiva
"Conocer el Teatro Nacional de Costa Rica, su historia y las hermosas piezas de arte que alberga es toda una experiencia digna, una puerta a la cultura de un país y su idiosincrasia",5.0,parque,google_maps,Hace 4 semanas,Plaza de La Cultura.,positiva
Linda plaza histórica en San José de Costa Rica.,5.0,parque,google_maps,Hace un mes,Plaza de La Cultura.,positiva
Lindo lugar donde esperan muchas personas o salem solamente a dar una vuelta en el corazón de la capital de Costa Rica está esta emblemática plaza de la cultura que sirve de punto de referencia para miles de personas Debo decirles que no hay lugar para cubrirse de el sol o la lluvia pero por lo demás por lo céntrico que es esta muy bien,4.0,parque,google_maps,Hace 3 años,Plaza de La Cultura.,positiva
Es un lugar muy lindo y me encanta que en Costa Rica existen mucho estos árboles rosas hermosos,5.0,parque,google_maps,Hace 2 años,Plaza de La Cultura.,positiva
"Hermosa y limpia, esta a lado del teatro Nacional en San José. En las tardes prenden las fuentes con luces y música. Durante el día la gente disfruta de tomarse fotos con las palomas. Abajo se encuentra el museo precolombino. Esta a 2 cuadras de la catedral. Y caminando cerca del mercado, parques y museos.",5.0,parque,google_maps,Hace 2 años,Plaza de La Cultura.,positiva
"Hace tres años era un lugar mucho más lindo y limpio. Hoy está lleno de basura, todos los días a toda hora. No pasan 2 minutos sin que alguien pida plata y todo huele a orines. Horrible, está muy descuidado. Incluso las letras de SJO están rayadas. Rescato un par de zonas como el teatro nacional y el museo. También es divertido alimentar a las palomas con maíz.",3.0,parque,google_maps,Hace 2 años,Plaza de La Cultura.,neutral
"Sitio muy concurrido en San José, Costa Rica. En la parte de abajo están el Museo del Oro Precolombino, el Museo Numismático y una muestra de la colección de arte plástica del país. Desde allí, se puede llegar caminando al Museo del Jade, el Museo Nacional, la Plaza de la Democracia, el Parque nacional, entre otras atracciones. También, encontrarán en la peatonal: Hoteles (recomiendo El Maragato, con excelente relación calidad - precio), bancos, tiendas, restaurantes, librerías, entre otros; transporte variado y más...¡Visítala!",5.0,parque,google_maps,Hace 3 años,Plaza de La Cultura.,positiva
"Es un lugar muy agradable, lleno de palomas y clima fresco, muy amplio. Está en el centro de la ciudad. En su periferia se encuentra a escasos metros, el teatro nacional, 4 cuadras bajando al final de la vía peatonal el museo del jade y baje la plaza está el museo del oro, 3 lugares q debes visitar en San José.",4.0,parque,google_maps,Hace 2 años,Plaza de La Cultura.,positiva
"La plaza de la cultura, es un centro donde se ve de todo. Ventas de drogas, habitantes de la calle, algunos foráneos,bailando o cantando. Nique que decir la sobre producción de las palomas, la gente los alimentan ,pero esos animales,tienen pulgas y tienen todos lleno de cuitas y lo cuitean a uno también, hasta en la cabeza les caen a más de uno de los que nos sentamos por allí.",5.0,parque,google_maps,Hace 2 meses,Plaza de La Cultura.,positiva
"Excelente lugar para ir a pasar el reto, tomar un poco de sol, ver el atardecer y comerce un heladito con la familia o solo.",5.0,parque,google_maps,Hace un año,Plaza de La Cultura.,positiva
"Plaza de la Cultura es un lugar (spot) tradicional, pero que desafortunadamente se queda sólo con el nombre, es decir, más allá de las diferentes expresiones urbanas que esporádicamente se dan durante el año, no hay un espacio cultural permanente. Se desaprovecha el tránsito tan amplio de personas durante el día. Asimismo, hay pocos espacios para tomar asiento, salvo que uno lo haga en las orillas.",4.0,parque,google_maps,Hace 3 años,Plaza de La Cultura.,positiva
"La verdad es un lugar muy bonito, vale la pena conocerlo, aunque el recorrido es algo corto el guia te explica toda su historia y te deja tomar el tiempo que quieras para tomar fotos y apreciar todo.",5.0,parque,google_maps,Hace 9 meses,Plaza de La Cultura.,positiva
Hermoso lugar muy representativo de la capital,5.0,parque,google_maps,Hace un año,Plaza de La Cultura.,positiva
"Esta plaza es un bello lugar para pasar la tarde aunque recuerda que a las 10 de la mañana (ceeo) sale un recorrido gratuito por este sitio que te lleva a conocer la ciudad. Recomendaciones: 1. Come en las sodas son accesibles y deliciosas 2. Si eres mexicano NO COMPRES DOLARES PARA CAMBIARLOS, mejor saca de los cajeros directamente (sólo te cobra 30 pesos) o paga con tarjeta. 3. Los comercios empiezan a cerrar a las 6 de la tarde (increíble) 4. Los bancos abren a las 8:30 No todos pero sí algunos 5. Come gallo pinto es delicioso 6. Tomate un batido (es como un tipo de licuado muy sabroso y popular) 7. Compra café es riquísimo 8. Compra los recuerdos en el mercado ( te saldrán super económicos) 9. Tomate una imperial (cerveza muy rica y ligera) 10. Disfruta",5.0,parque,google_maps,Hace 7 años,Plaza de La Cultura.,positiva
Limpia. Tranquila. Buen punto para apreciar el entorno real del camino diario de miles de Costarricenses. Lo malo es el bullicio de parlantes de tiendas aledañas y unido al tráfico automotriz le resta tranquilidad al espacio.,4.0,parque,google_maps,Hace un año,Plaza de La Cultura.,positiva
"Una de las plazas más conocidas del centro de San José, habitual lugar de paso para transeúntes, punto de encuentro de personas, así como de vendedores ambulantes y de periódicos, además de uno que otro músico informal presentándose en busca de algunas monedas. En sus alrededores se ubican puntos tradicionales de la ciudad, como el Teatro Nacional y la Avenida Central, a unas cuadras de la Caja Costarricense del Seguro Social y, hacia el otro lado, el Parque Central. Asimismo, en las entrañas de la plaza están los Museos del Banco Central. La Plaza de la Cultura ha sido lugar de ferias y conciertos gratuitos. Solía tener fuentes, ya inhabilitadas y sin agua desde hace tiempo, que ahora solo cumplen con la función de ser tragaluz de los museos ubicados en los niveles bajo tierra.",4.0,parque,google_maps,Hace 7 años,Plaza de La Cultura.,positiva
Exelente... Tiene recorridos guiados y dramatizados en ingles y en español. Además tiene una cafetería colonial adentro... Una joya en medio de la capital,5.0,parque,google_maps,Hace un mes,Plaza de La Cultura.,positiva
"La Plaza de la Cultura es, sin duda, uno de los espacios más emblemáticos del corazón de San José. Cada vez que la visito, me sorprende cómo logra reunir en un mismo punto el movimiento constante de la ciudad, la diversidad de personas y esa mezcla tan auténtica entre historia, arte y vida cotidiana. Es un sitio donde uno puede detenerse un momento, observar y sentir realmente el pulso de la capital. Lo que más valoro de esta plaza es su ubicación estratégica: está rodeada de algunos de los edificios y espacios culturales más importantes del país, como el Teatro Nacional y el Museo del Oro Precolombino. Eso la convierte en un punto de encuentro natural tanto para turistas como para quienes transitamos por San José con frecuencia. Sin embargo, como todo espacio urbano, también tiene áreas que podrían mejorar. A veces la presencia de vendedores informales es excesiva, y en ciertos momentos del día se percibe la necesidad de una mayor vigilancia o mantenimiento. Aun así, su ambiente vivo y dinámico compensa estas situaciones y refleja la verdadera esencia de San José: una ciudad que siempre está en movimiento. En conjunto, la Plaza de la Cultura sigue siendo un lugar imprescindible para comprender y disfrutar la identidad josefina. Recomiendo visitarla, tomarse unos minutos para apreciar su energía y disfrutar de ese pequeño respiro en medio del ritmo acelerado de la capital.",5.0,parque,google_maps,Hace 8 meses,Plaza de La Cultura.,positiva
"Punto de encuentro para nacionales y extranjeros. Dependiendo del día encontrará cantantes callejeros, ventas ambulantes y mucha diversidad. Debajo se encuentra el museo del oro y se puede apreciar el costado norte del teatro.",4.0,parque,google_maps,Hace 8 meses,Plaza de La Cultura.,positiva
"Es un bello lugar donde ver la cultura Costarricense es un lugar de orgullo nacional y grandes legados históricos. Recomiendo el ver el tour dentro del Teatro Nacional, les dará bastante información respecto de la historia del monumento.",4.0,parque,google_maps,Hace 9 años,Plaza de La Cultura.,positiva
Hermoso!!!!!! El tour interactivo vale la pena hacerlo. Los actores de lo mejor!!!!!,5.0,parque,google_maps,Hace un año,Plaza de La Cultura.,positiva
Sería bonito y educativo aprovechar la plaza para micro exposiciones de cultura con diferentes temáticas. El lugar no refleja tanta cultura como la que nos gustaría que cada costarricense tuviese.,3.0,parque,google_maps,Hace 2 años,Plaza de La Cultura.,neutral
"Un lugar que vale la pena conocer, si vienes a Costa Rica tienes que caminar y perderte en su ciudad !!!",5.0,parque,google_maps,Hace un año,Plaza de La Cultura.,positiva
"Un lugar muy tranquilo, limpio y puedes apreciar el entorno de los Ticos un lugar al que debes de ir en tu estadia en San José",5.0,parque,google_maps,Hace un año,Plaza de La Cultura.,positiva
"Infraestructura hecha debajo de la plaza misma, esta en pleno centro de San José, debajo esta el museo del Banco Central de Reserva de CR, la entrada cuesta 10 dólares para los turistas extranjeros. El miseo tiene tres pisos, hay muestras de las culturas precolonbinas de la zona, arte y numismática.",5.0,parque,google_maps,Hace 7 años,Plaza de La Cultura.,positiva
"Me ha sorprendido gratamente. Esta limpio y despejado, debido a que esta siempre habitado da sensacion de seguridad. Las gradas y los asientos estan bien dispuestos. La climatologia de la region acompaña y justifica que no haya arboles pues es un lugar fresco. Es un espacio que se agradece dentro de la trama urbana.",5.0,parque,google_maps,Hace 4 años,Plaza de La Cultura.,positiva
Es el centro de la ciudad han mejorado el aspecto. Hoy fue epicentro de un verdadero verano,5.0,parque,google_maps,Hace 6 meses,Plaza de La Cultura.,positiva
"Área al aire libre en el centro de la capital San José, se realizan actividades culturales y artísticas, para toda la familia. Debajo se encuentra el museo numismatico costarricense y al costado sur el Teatro Nacional de Costa Rica.",5.0,parque,google_maps,Hace 7 años,Plaza de La Cultura.,positiva
"Es de los mejores lugares al aire libre de la capital San José de Costa Rica, muy concurrida y cerca de todos los museos, hay mucha seguridad en las calles,",4.0,parque,google_maps,Hace 5 meses,Plaza de La Cultura.,positiva
"Importante punto de reunión! reconocido lugar donde ir a tomar fotografías visitar el Muse de Oro y Jade o tomarse una foto junto al Teatro Nacional, reconocidos restaurantes de comida rápida en sus alrededores o sencillamente detenerse para mirar la belleza de las ticas!",5.0,parque,google_maps,Hace 4 años,Plaza de La Cultura.,positiva
"Es un espacio muy bonito, con el teatro a un costado y el museo abajo, sin embargo, dicen algunos locales que puede llegar a ser peligroso. Yo pasé un par de veces a eso de las 10:00 pm, sí noté la falta de vigilancia y de luz en algunas calles circundantes",5.0,parque,google_maps,Hace 2 años,Plaza de La Cultura.,positiva
Bello lugar para descansar y tomar fotografías. Muchas naturaleza y quietud,5.0,parque,google_maps,Hace un año,Parque Monseñor Óscar Arnulfo Romero y Galdámez,positiva
"Un sitio bello en medio de la ciudad. Un lugar para desconectarse, caminar con el perro o simplemente sentarse a la sombra de uno de los muchos árboles.",5.0,parque,google_maps,Hace 7 años,Parque Monseñor Óscar Arnulfo Romero y Galdámez,positiva
"Bello lugar, muy agradable para poder tener un respiro en plena capital. Variada vegetación y buen gusto en su diseño.",5.0,parque,google_maps,Hace 4 años,Parque Monseñor Óscar Arnulfo Romero y Galdámez,positiva
"Uno de los parques más bonitos y mejor cuidados de San José. Hay senderos, maquinas de ejercicio, bastantes lugares adónde sentarse y hasta un laberinto. Se ha desarrollado bastante en los últimos años, han puesto basureros, tomaderos de agua, han mejorado los caminos y han inovado con implementos cómo una estación de polinización para abejas y un espacio para intercambio de literatura",5.0,parque,google_maps,Hace 7 años,Parque Monseñor Óscar Arnulfo Romero y Galdámez,positiva
"Muy lindo y tranquilo, ideal para caminar con las mascotas!!",5.0,parque,google_maps,Hace 6 años,Parque Monseñor Óscar Arnulfo Romero y Galdámez,positiva
Un lugar familiar para que los niños se diviertan y tengan contacto con la naturaleza en la ciudad,5.0,parque,google_maps,Hace 6 años,Parque Monseñor Óscar Arnulfo Romero y Galdámez,positiva
"Hermoso lugar para pasear, respirar y compartir. Puedes llevar a tu perro tranquilamente. Área de juegos para niños. Mesas para pic nic. Agua para consumo humano y dispensador para animales. Hotel de abejas. Biblioteca de lectura pública para tomar y devolver el libro. Mural. Iluminación. Senderos.",4.0,parque,google_maps,Hace 7 años,Parque Monseñor Óscar Arnulfo Romero y Galdámez,positiva
"Un lugar sin igual en su alrededor. Gran cantidad de árboles y la mayoría con su nombre respectivo, hermosos senderitos, área verde bien marcada, área de picnic gratificante y un detalle hermoso. Una pequeña biblioteca al aire libre. Gracias municipalidad de curri por ese tremendo detalle.",5.0,parque,google_maps,Hace 7 años,Parque Monseñor Óscar Arnulfo Romero y Galdámez,positiva
"Espacio amplio y senderos ideales para caminatas con mascotas o simplemente por relajarse, hay basureros distribuidos a lo largo del parque, mesas, area de juegos infantiles, laberinto de piedras, maquinas de ejercicios, iluminación con paneles solares y sensor de movimiento.",5.0,parque,google_maps,Hace 7 años,Parque Monseñor Óscar Arnulfo Romero y Galdámez,positiva
Muy lindo para caminar con mascotas.,5.0,parque,google_maps,Hace 5 años,Parque Monseñor Óscar Arnulfo Romero y Galdámez,positiva
"Es un lugar perfecto para hacer ejercicio, relajarse, tomar el sol, hacer picnics... Hay muchos árboles y se escuchan muchos pájaros, es muy bonito",5.0,parque,google_maps,Hace 5 años,Parque Monseñor Óscar Arnulfo Romero y Galdámez,positiva
"La biblioteca pública, un excelente detalle!",5.0,parque,google_maps,Hace 7 años,Parque Monseñor Óscar Arnulfo Romero y Galdámez,positiva
Es hermoso pero descuidado. Los juegos infantiles en mal estado. Área de picnic minimo y poca sombra. No hay servicios sanitarios,2.0,parque,google_maps,Hace 7 años,Parque Monseñor Óscar Arnulfo Romero y Galdámez,negativa
Me encanta traer a mi perrito Barú Peraza,5.0,parque,google_maps,Hace 9 meses,Parque Monseñor Óscar Arnulfo Romero y Galdámez,positiva
Es un hermoso parque ubicado en Curridabat además es muy tranquilo e ideal para sacar a los niños a ve vayan a jugar en el parque ya que cuenta con recreaciones para niños.,5.0,parque,google_maps,Hace 7 años,Parque Monseñor Óscar Arnulfo Romero y Galdámez,positiva
"Me encanta este parque, muy bien cuidado, privado, un lugar que se puede visitar en familia o con amigos",5.0,parque,google_maps,Hace 4 años,Parque Monseñor Óscar Arnulfo Romero y Galdámez,positiva
"Es un parque agradable para estar en las tardes de verano, hay aves y flores. En este momento está un poco falto de vegetación.",4.0,parque,google_maps,Hace 7 años,Parque Monseñor Óscar Arnulfo Romero y Galdámez,positiva
"Es un aprque muy agardable con senderos, parque infantil, area de picnic, equipo para ejercitarse. Muy limpio, ordenado",5.0,parque,google_maps,Hace 6 años,Parque Monseñor Óscar Arnulfo Romero y Galdámez,positiva
Bonito lugar si deseas relajarte y pasar un rato en arminia con la naturaleza,3.0,parque,google_maps,Hace 6 años,Parque Monseñor Óscar Arnulfo Romero y Galdámez,neutral
Muy buen lugar para apartarse del bullicio de la ciudad. Muy aseado y muy buen servicio,3.0,parque,google_maps,Hace 6 años,Parque Monseñor Óscar Arnulfo Romero y Galdámez,neutral
"Excelente parque muy bien cuidado, ojala que los que lleguen lo sigan cuidando",5.0,parque,google_maps,Hace 6 años,Parque Monseñor Óscar Arnulfo Romero y Galdámez,positiva
"Bonito, bien cuidado. La gente lo visita constantemente. Falta seguridad",4.0,parque,google_maps,Hace 7 años,Parque Monseñor Óscar Arnulfo Romero y Galdámez,positiva
Me encanta es muy buen lugar para relajarte,5.0,parque,google_maps,Hace 4 años,Parque Monseñor Óscar Arnulfo Romero y Galdámez,positiva
Para hacer ejercicio o fácil hasta sacar el perrito muy recomendado,5.0,parque,google_maps,Hace 4 años,Parque Monseñor Óscar Arnulfo Romero y Galdámez,positiva
Precioso .. Ojo con las arañas nada mas jejeje,5.0,parque,google_maps,Hace 6 años,Parque Monseñor Óscar Arnulfo Romero y Galdámez,positiva
"Muy bien cuidado, bonitos senderos y plantas.",5.0,parque,google_maps,Hace 6 años,Parque Monseñor Óscar Arnulfo Romero y Galdámez,positiva
Muy limpio siempre está bien cuidado.,5.0,parque,google_maps,Hace 6 años,Parque Monseñor Óscar Arnulfo Romero y Galdámez,positiva
Linda zona interurbana en medio de la ciudad,5.0,parque,google_maps,Hace un año,Parque Monseñor Óscar Arnulfo Romero y Galdámez,positiva
Demasiado lindo con los senderos que tiene...,5.0,parque,google_maps,Hace 7 años,Parque Monseñor Óscar Arnulfo Romero y Galdámez,positiva
Muy limpio y tranquilo,5.0,parque,google_maps,Hace 7 años,Parque Monseñor Óscar Arnulfo Romero y Galdámez,positiva
Lugar tranquilo y bonito para caminar,5.0,parque,google_maps,Hace 5 años,Parque Monseñor Óscar Arnulfo Romero y Galdámez,positiva
Magico lugar,5.0,parque,google_maps,Hace 5 años,Parque Monseñor Óscar Arnulfo Romero y Galdámez,positiva
Lo pintaron y arreglaron los juegos y máquinas.,5.0,parque,google_maps,Hace 5 años,Parque Monseñor Óscar Arnulfo Romero y Galdámez,positiva
Tranquilo y verde,5.0,parque,google_maps,Hace 7 años,Parque Monseñor Óscar Arnulfo Romero y Galdámez,positiva
Una belleza de lugar,5.0,parque,google_maps,Hace 4 años,Parque Monseñor Óscar Arnulfo Romero y Galdámez,positiva
"El restaurante fue una experiencia increíble. Los camareros eran muy amables y atentos, siempre con una sonrisa y dispuestos a ayudar. La comida estaba simplemente deliciosa, con sabores increíbles y una presentación impecable. Sin duda, un lugar al que volvería.",5.0,restaurante,google_maps,Hace 3 meses,Restaurante Coco Loco,positiva
"¡Una experiencia increíble de principio a fin! El servicio fue excepcional, especialmente gracias a nuestro mesero, Manuel, quien no solo fue súper amable, sino que también nos hizo excelentes recomendaciones que realmente marcaron la diferencia. La comida estuvo deliciosa —cada plato lleno de sabor y perfectamente presentado— y los cócteles estaban espectaculares. El ambiente del lugar es acogedor y con muy buena vibra, ideal tanto para una cena especial como para pasar un buen rato con amigos. Sin duda, volveré. ¡Gracias por una noche perfecta!",5.0,restaurante,google_maps,Hace un año,Restaurante Coco Loco,positiva
"¡Comimos muy rico! Llegamos al mediodía y, si bien no fuimos recibidos con la calidez típica de los ticos, decidimos quedarnos porque las reseñas eran buenas… y valió la pena. Pedimos el ceviche de la casa, muy sabroso, y la ensalada Guanacaste con pollo, fresca y bien servida. Marcos, quien sí nos atendió con mucha amabilidad, nos recomendó el churrasco y fue un gran acierto: carne tierna, sabrosa y con el plus de poder elegir el punto exacto de cocción, ya que se termina de hacer sobre una piedra caliente en la mesa. Acompañamos todo con agua de coco bien fresca. Una experiencia muy buena en general.",5.0,restaurante,google_maps,Hace un año,Restaurante Coco Loco,positiva
El churrasco y el filete de corvina deliciosos. Una cena para dos te puede costar $70. Relación precio calidad muy bien.,5.0,restaurante,google_maps,Hace 3 meses,Restaurante Coco Loco,positiva
"¡Experiencia de 5 estrellas en Coco Loco! Ricardo nos ofreció un servicio impecable de principio a fin. Fue muy atento, profesional y amable, haciendo que nuestra visita fuera aún más especial. La comida estuvo deliciosa, las bebidas excelentes y el ambiente increíble. Todo fue perfecto: buen servicio, buena comida y muy buenas bebidas. Sin duda, recomendamos este lugar y volveremos. ¡Gracias Ricardo por una experiencia memorable!",5.0,restaurante,google_maps,Hace 2 meses,Restaurante Coco Loco,positiva
"El restaurante fue una experiencia increíble. Los camareros eran muy amables, atentos, y dispuestos a ayudar. La comida estaba deliciosa, con sabores increíbles y una presentación impecable.",4.0,restaurante,google_maps,una semana atrás,Restaurante Coco Loco,positiva
"Excelente servicio! Comida muy rica, el jurel frito es muy delicioso Las bebidas increíbles!",5.0,restaurante,google_maps,Hace 3 meses,Restaurante Coco Loco,positiva
El mejor pargo que he comido en años. Deiber nos atendió de maravilla. Definitivamente regresaremos a este restaurant. Excelente servicio y comida muy buena.,5.0,restaurante,google_maps,Hace 4 meses,Restaurante Coco Loco,positiva
"Restaurante frente a la playa. Muy bueno para picar algo ligero con buen sabor, tomarte una copa, café o pedir para llevar a la playa. La presentación de los platos muy linda. La atención de los chicos de 10, aunque las camareras bastante frías y desentendidas.",4.0,restaurante,google_maps,Hace un año,Restaurante Coco Loco,positiva
"Había dejado de ir por un tiempo porque el servicio había bajado bastante. Aun así, decidí volver porque siempre me ha gustado mucho la comida. Ayer tuvimos una experiencia bastante incómoda. Llegamos alrededor de las 8:55 p.m. y antes de parquear preguntamos si todavía nos podían atender. Nos dijeron que sí, sin problema. Parqueamos a pocos metros y cuando ya íbamos a sentarnos, como a las 9:05 p.m., llegó un señor de forma poco amable a decirnos que ya estaban cerrando y que no nos podían atender, según el otro mesero cuando fui a preguntarle me dijo “diay man no se, él es el jefe” La verdad no entendimos, porque el horario indica que cierran a las 9:30 p.m., y además otro mesero ya nos había dicho que sí podíamos quedarnos. Más allá de eso, la forma en que nos lo dijeron dejó mucho que desear en cuanto a servicio al cliente. Iba con unos amigos a quienes les había hablado muy bien del lugar y se llevaron una mala impresión, lo cual me dio mucha pena. Ojalá puedan mejorar este tipo de situaciones, porque la comida es muy buena, pero experiencias así hacen que uno dude en volver.",1.0,restaurante,google_maps,Hace 3 meses,Restaurante Coco Loco,negativa
Gran ubicación y comida. El servicio muy bueno. Complicado el tránsito y parqueo.,4.0,restaurante,google_maps,Hace 5 meses,Restaurante Coco Loco,positiva
La atención personalizada y la comida muy fresca y deliciosa,5.0,restaurante,google_maps,Hace 3 meses,Restaurante Coco Loco,positiva
"Probé un tartar de atún que tenían en especial, y ha sido el mejor que he comido en mucho tiempo, el Chef Álvaro salió a saludarme y fue un gesto lindo. El Moscow Mule que tome estaba riquísimo Mis hijos probaron alitas y dedos de pollo también estaban muy ricos. El servicio al cliente de este restaurante es impecable, Rachel y Jeffrey fueron sumamente atentos. Volveremos sin duda.",5.0,restaurante,google_maps,Hace 11 meses,Restaurante Coco Loco,positiva
En general esta bastante bien. Solo que algunas de las combinaciones en los platos se le salen un poco de las manos. El ceviche peruano con piña es un ejemplo. No me pareció ni la combinaciones/presentación más acertada. Pero por otro lado el pescado frito está excelente. La estrella del día fue bloody Mary.,4.0,restaurante,google_maps,Hace 2 años,Restaurante Coco Loco,positiva
"Amé este restaurante! Honestamente creí que iba a ser como cualquier restaurante de playa promedio con el menú de mariscos normal. Para nuestra sorpresa honestamente tienen platos para todos los gustos, el churrasco servido en piedra es delicioso y mi favorito el arroz coco loco era de otro mundo. Primera vez que vengo pero sin duda volveré. Ah, si o si hay que pedir el helado de coco aquí… es el mejor que he probado Muy buena atención y el lugar es muy lindo!",5.0,restaurante,google_maps,Hace 2 años,Restaurante Coco Loco,positiva
Muy rica la comida buena atención y linda vista,5.0,restaurante,google_maps,Hace un mes,Restaurante Coco Loco,positiva
"Fuimos mi pareja y yo y nos atendió Jefry. Muy agradable y atento, no sabíamos qué pedir y nos recomendó una carne que estaba buenísima. Sin duda es un sitio que volveremos.",5.0,restaurante,google_maps,Hace 2 meses,Restaurante Coco Loco,positiva
"El personal de Coco Loco es super atento. Nos ofrecieron su popular Coco Loco inicial, cono una cortesía. Las mesitas al lado de la playa son el interior perfecto para presenciar en hermoso atardecer. La atención del lugar es excelente... si pudieran hacer algo con los mosquitos... brindarían a los comensales mucha más tranquilidad.",5.0,restaurante,google_maps,Hace un año,Restaurante Coco Loco,positiva
"Excelente servicio de Jefry y nuestros platos ceviche especial de la casa, Loco Coco y el Pargo fresco con Rice & Beans y vegetales, los 3 deliciosos!!! Y sin olvidar el atardecer precioso que vimos y las refrescantes aguas de pipa que son perfectas para la playa y el calor del verano Súper recomendado!!!",5.0,restaurante,google_maps,Hace 3 meses,Restaurante Coco Loco,positiva
"Una experiencia gastronomía interesante. El lugar hermoso y acogedor, el servicio excelente y la comida riquísima. Pedimos tacos de atún y wrap de pez espada. También probamos sangría y cerveza.",5.0,restaurante,google_maps,Hace 8 meses,Restaurante Coco Loco,positiva
"Desde el almuerzo, la cena, y el desayuno... Puedes pedir lo que quieras que es todo muy rico. Es una de las pocas veces que como vegetales de guarnición sabrosos. En otros lugares pides vegetales y saben a nada; aunque sean 4 vegetales diferentes, inexplicablemente saben a lo mismo. El punto de la carne y el buñuelo de yuca se destacan.",5.0,restaurante,google_maps,Hace 10 meses,Restaurante Coco Loco,positiva
"El lugar es bonito, puedes ver el atardecer mientras disfrutas de alguna bebida o algún platillo. Los tacos, la hamburguesa, y las bebidas estaban bastante bien. Lo que mas nos gustó fue el dip de palmito (entrada). Precios aceptables. Lo recomiendo y volvería a ir si se me presenta la oportunidad.",5.0,restaurante,google_maps,Hace 2 años,Restaurante Coco Loco,positiva
"Deliciosa la comida y las entradas. Hay una salsa de palmito extra deli. Los meseros muy amables, el ambiente genial. Justo enfrente de playa flamingo. Es bastante concurrido, pero la atención es muy rápida. Super recomendado!",5.0,restaurante,google_maps,Hace 2 años,Restaurante Coco Loco,positiva
"Nos encantó la comida , y las bebidas deliciosas! Servicio al cliente excelente y sirven muy rápido. Nos gustó mucho comer frente al mar, el ambiente muy bueno . Precio de la comida nos pareció justo, el de bebidas un poco elevado.",5.0,restaurante,google_maps,Hace 6 años,Restaurante Coco Loco,positiva
"Excelenteeeeee servicio! Ame los taquitos de corvina PEROOOO me deben los takitos de atun (es decir, volverè). Kudos Wilmar!",5.0,restaurante,google_maps,Hace un mes,Restaurante Coco Loco,positiva
"Bar frente a la playa, ideal para comer algo y contemplar el atardecer. Pedimos limonada (riquísima) y platos de pescados. Muy buena atención.",4.0,restaurante,google_maps,Hace un año,Restaurante Coco Loco,positiva
"El servicio fue excelente La comida no nos gustó mucho. Los cócteles y los jugos naturales estaba riquísimos! Excelente las sillas en el lado de la playa... logramos observar el atardecer que estaba hermoso Un poco difícil poder parquear cerca del restaurante, no cuenta con parqueo",4.0,restaurante,google_maps,Hace 3 años,Restaurante Coco Loco,positiva
Nos atendio Wiltar y nos dio un excelente servicio!,5.0,restaurante,google_maps,Hace 2 semanas,Restaurante Coco Loco,positiva
"Andrés dio un excelente servicio, de los agradezco un montón. Después de haber tenido un mal día, ustedes con su excelente servicio hacen que vuelva a reiniciar la vida. Muchas gracias",5.0,restaurante,google_maps,Hace 5 meses,Restaurante Coco Loco,positiva
La comida me gusto mucho. Sin embargo las porciones son minúsculas por lo que te quedas con hambre y para el precio no vale la pena.,2.0,restaurante,google_maps,Hace un año,Restaurante Coco Loco,negativa
"Excelente servicio, el salonero Jeffry nos atedio de la mejor manera, la comida super buena en general excelente servicio",5.0,restaurante,google_maps,Hace 10 meses,Restaurante Coco Loco,positiva
"Visita obligatoria si se está por la zona. Fuimos en tres distintas ocasiones y en todas quedamos satisfechos con los platos que ordenamos. Mención especial a la orden de brownie volcán, bastante bueno. En resumen, buen precio vs calidad y excelente servicio. Los saloneros muy atentos y amables. La ubicación es inmejorable para observar los atardeceres en la playa.",4.0,restaurante,google_maps,Hace 5 años,Restaurante Coco Loco,positiva
La ubicación del restaurante es fenomenal frente al mar y el atardecer desde acá es precioso. La atención es buena y hay muchas opciones de comida. El dip de palmito y albahaca para acompañar los chips es delicioso. Recomendado!,5.0,restaurante,google_maps,Hace 2 años,Restaurante Coco Loco,positiva
"Muy buen sitio, agradable y el mesero Eduardo encantador. Recomendable totalmente",5.0,restaurante,google_maps,Hace un mes,Restaurante Coco Loco,positiva
"Tengo años de ir a Coco Loco pero este fin de semana con ese ceviche de la casa se ganó las 5 estrellas, ese sorbet de uchuva fue impresionante",5.0,restaurante,google_maps,Hace un año,Restaurante Coco Loco,positiva
"Lindo restaurante para comer de paso, ambiente un poco desatendido, la comida muy rica pero las moscas molestaban bastante, deberían poner algún ventilador o buscar alguna solución para ello.",3.0,restaurante,google_maps,Hace un año,Restaurante Coco Loco,neutral
"La atención es amable... la comida mala ! El plato de la casa LOCO COCO es un arroz insípido con algunos mariscos y trozos de pescados. Me parece que para ser el plato de la casa deja bastante que desear. El ceviche de camarones con maracuya estaba bueno, las costillas de cerdo buenas igual, la carne de res un poco dura. Creo que lo rescatable es el trago de la casa el COCO LOCO !",2.0,restaurante,google_maps,Hace 4 años,Restaurante Coco Loco,negativa
"Contrate el servicio de beach setup para una cena de cumpleaños y de verdad que el staff, especialmente el manager, fueron maravillosos y nos ayudaron dando la milla extra, les agradezco porque hicieron de la noche un tiempo especial y nos ayudaron a resolver un problemita con la torta",5.0,restaurante,google_maps,Hace 2 meses,Restaurante Coco Loco,positiva
Excelente opción en la zona para disfrutar de una deliciosa comida. Me gustó que el menú es muy variado y tienen algunas opciones bastante interesantes. El lugar estaba a reventar de tantas personas pero aún así el personal lo manejó muy bien.,5.0,restaurante,google_maps,Hace 2 años,Restaurante Coco Loco,positiva
La comida deliciosa. Un servicio excelente de Jeffry. Atención rápida. Ambiente relajado para disfrutar el atardecer.,5.0,restaurante,google_maps,Hace 3 meses,Restaurante Coco Loco,positiva
Muy buena comida y atención. Los precios normales que se manejan en la zona. Buen ambiente y lo mejor la vista y eñ sonido del mar mientras disfrutas la comida,5.0,restaurante,google_maps,Hace 2 años,Restaurante Coco Loco,positiva
"Excelente comida, bebidas Excelente atención de parte de Jeffrey",5.0,restaurante,google_maps,Hace 2 meses,Restaurante Coco Loco,positiva
"Este lugar es adecuado para las puestas de sol, el coco loco es una bebida de la zona, muy refrescante y el ceviche así como el pargo entero es muy rico y no puede faltar una riquísima agua de pipa.",4.0,restaurante,google_maps,Hace 6 años,Restaurante Coco Loco,positiva
"Buen lugar aún siendo local los precios se me hicieron accesibles (tampoco súper económicos) pero vale lo que pagas. Comida de gran sabor , yo en lo personal pedí el famoso arroz en un coco !! Gran elección. Piña colada en el mar!! Grandioso. Def volvería",5.0,restaurante,google_maps,Hace 8 meses,Restaurante Coco Loco,positiva
"Excelente calidad precio y buena ubicación, las mesas frente a la playa son un éxito. El servicio excelente y profesional. Es un lugar para repetir y buena elección.",5.0,restaurante,google_maps,Hace 4 años,Restaurante Coco Loco,positiva
"Buenos precios, prácticamente ubicado en la playa, la comida tenía muy buen sabor: la foto es de un pargo, con rice and beans, chutney de mango y verduras... muy buen sabor y tamaño de la porción. Por recomendación, compartimos un helado de coco hecho en el lugar: oficialmente, el mejor helado de coco que he probado... hasta el medio coco donde lo sirvieron, me comí... un éxito",4.0,restaurante,google_maps,Hace 5 años,Restaurante Coco Loco,positiva
"Una experiencia muy bonita, la vista al atardecer es hermosa. Ricardo y Stacy fueron los que nos atendieron y fueron muy amables y también muy atentos El lugar es muy bonito y la comida deliciosa",5.0,restaurante,google_maps,Hace 5 meses,Restaurante Coco Loco,positiva
"Me ha encantado el sitio (una cabaña de madera) el ambiente, la piscina, la decoración, la comida los postres y las copas. Creo que aveces pocos sitios se merecen las 5 estrellas. Hemos estado dos días en la zona y las 2 comidas y las dos cenas las hemos hecho ahí. Los precios? No es una soda claro, pero no son excesivos (lo mismo en las copas puede)",5.0,restaurante,google_maps,Hace 2 semanas,Patagonia del Mar,positiva
"Deliciosa comida. Un día pedí Salmón que lo sirven en cama de vegetales con puré de camote. Grande la porción si es que tienes hambre. Atún sellado, deliciosa elección también pero no es tan grande como el salmón. Acompañamos con Niguiris super buen hechos. Mi acompañante era alergic al gluten y cuidaron los ingredientes, hasta la sopa para que no tuviera problema. De fácil acceso, parking y alberca libre. Delicious food. One day I ordered the salmon, which is served on a bed of vegetables with sweet potato purée. The portion is large if you’re really hungry. The seared tuna is also a delicious choice, but it’s not as big as the salmon. We paired it with nigiri—super well made. My companion was allergic to gluten, and they were careful with the ingredients, even the soup, so there were no issues. Easy access, parking available, and a pool.",5.0,restaurante,google_maps,Hace 6 meses,Patagonia del Mar,positiva
"Estábamos en playa conchal y al salir al atardecer le dije a mi novio que quería un pescado. Decidimos visitar Patagonia del mar, por qué lo habíamos visto cuando íbamos camino a playa Flamingo más temprano. Mi novio se fue en carro hasta el parqueo ( que es super grande además) y yo me vine con mis perritos caminando desde la playa. Cuando llegamos a la entrada del restaurante Joselyn no recibió con exelente atención, nos dió una mesa a un lado para poder entrar con mis perritos. Mi novio ordenó un dorado con salsa de camarón que estaba exquisito por obvi yo lo probé también , y yo ordené un pargo entero, también muy rico. Es un restaurante con muy buen ambiente y el servicio de Joselyn es excelente. Muchas gracias. Pura vida.",5.0,restaurante,google_maps,Hace 9 meses,Patagonia del Mar,positiva
"El lugar en sí, ubicación, vista, infraestructura, decoración, higiene, etc... son excelentes. Sin embargo, la comida tiene un alto costo (incluso considerando y entendiendo que está en zona turística), y las porciones son algo pequeñas... eso sí, de muy buen sabor. Ya habíamos tenido una experiencia previa y, posiblemente repita, pero si es bueno ""advertir"" de la situación.",3.0,restaurante,google_maps,Hace 3 meses,Patagonia del Mar,neutral
Excelente restaurante con precios increíbles! Porciones super abundantes para compartir! Y te dan una panera con ketchup y mayonesa ! El servicio incluye el acceso a la piscina! Eso le da un gran valor! También tiene mesa de pool de cortesía! Q mas pedir? Si están por acá no duden en comer aquí! Traigan toallas que no te dan en la pile,5.0,restaurante,google_maps,Hace 2 meses,Patagonia del Mar,positiva
"Me encantó conocer este restaurante y definitivamente volveré cada vez que vaya a brasilito. La comida es espectacular, la atención es un 10/10. Los precios son elevados pero vale totalmente la pena. Me cantaron cumpleaños y me regalaron un postrecito.",5.0,restaurante,google_maps,Hace 6 meses,Patagonia del Mar,positiva
"Vivimos una excelente experiencia, la comida exquisita, disfrutamos de unos cócteles excelentes como un old fashioned. Lo mejor de todo ha sido la atención de Monserrat. Super recomendado",5.0,restaurante,google_maps,Hace 10 meses,Patagonia del Mar,positiva
"En nuestra mesa pedimos varios platos, un ceviche con salsa de maracuya, un fettuccine frutti di mari, un dorado, arroz con camarones y una ensalada de atún y todo estaba espectacular. Buenas porciones. La salsa de la pasta y del ceviche estaban increíbles. Gracias a Monserrat por la atención y la amabilidad",5.0,restaurante,google_maps,Hace un mes,Patagonia del Mar,positiva
Muy rico sabor la comida. Platos abundantes. Atencion impecable. Placer de haber estado aqui. Gracias,5.0,restaurante,google_maps,Hace 2 meses,Patagonia del Mar,positiva
"Muy recomendado, por ubicación, experiencia y servicio. Comimos un plato de arroz con camarones y un acevichado sushi que estaba riquísimo! Fuimos atendidos por Yuleicy que fue super atenta y servicial.",5.0,restaurante,google_maps,Hace 7 meses,Patagonia del Mar,positiva
"Excelente atención de Josué, la comida súper rica y los precios un poco elevados pero están bien para ser un lugar muy turístico, la piscina súper rica y cálida. Si no conoces tienes que venir y lo de más éxito fue la comida y la atención de todo el personal",4.0,restaurante,google_maps,Hace 2 semanas,Patagonia del Mar,positiva
"El Acevichado Roll estuvo muy bueno! Excelente servicio de Monserrat quien estuvo atenta siempre, ella me dió recomendaciones cuando las pedí y también logré conectarme a mi última reunión del día. Gracias",5.0,restaurante,google_maps,Hace 8 meses,Patagonia del Mar,positiva
Super delicioso. Un ambiente agradable y acogedor. El joven que nos atendió súper amable y muy atento. Gracias Domi.,5.0,restaurante,google_maps,Hace 3 semanas,Patagonia del Mar,positiva
"Es un sitio demasiado agradable y tiene vistas al mar, como para el atardecer debe ser muy lindo. Fuimos a cenar un poco tarde y la experiencia estuvo maravillosa, la comida es deliciosa y las texturas espectaculares. El servicio es excelente, los chicos son muy amables. Pedimos sushi, dorado al ajillo y un postre banana tempura. Todo muy recomendado.",5.0,restaurante,google_maps,Hace un año,Patagonia del Mar,positiva
Felicitaciones a Domi por un excelente servicio. La entraña es espectacular y el ceviche tiene el balance perfecto con el toque de maracuyá!! :),5.0,restaurante,google_maps,Hace un mes,Patagonia del Mar,positiva
"La experiencia y la comida súper buena. Fuimos en la noche por sangría y una piña colada. Probamos las empanadas de carne y pollo y estaban excelentes. Sabían a Argentina. Al día siguiente fuimos por desayuno, opciones para todos. Pinto por un lado y tostadas francesas por otro. El café muy bueno. En general muy a gusto.",5.0,restaurante,google_maps,Hace 2 años,Patagonia del Mar,positiva
